Name,Age,Departments,Salary,Experience,Cities,Annual_Salary,Bonus,Total_Compensation,Experience_Level
employee_1,44,HR,95377,9,Hyderabad,1144524,9537.7,104914.7,Mid-level
employee_2,22,Finance,90402,3,Chennai,1084824,9040.2,99442.2,Junior
employee_3,60,Data,79176,12,Mumbai,950112,7917.6,87093.6,Senior
employee_4,40,Finance,66733,8,Hyderabad,800796,6673.3,73406.3,Mid-level
employee_5,54,Finance,39418,15,Hyderabad,473016,3941.8,43359.8,Senior
employee_6,46,QA,62185,15,Bangalore,746220,6218.5,68403.5,Senior
employee_7,27,Data,66745,7,Bangalore,800940,6674.5,73419.5,Mid-level
employee_8,58,Data,118417,2,Chennai,1421004,11841.7,130258.7,Fresher
employee_9,50,Data,78787,5,Chennai,945444,7878.700000000001,86665.7,Junior
employee_10,25,Finance,105123,10,Mumbai,1261476,10512.300000000001,115635.3,Mid-level
employee_11,31,HR,77035,8,Mumbai,924420,7703.5,84738.5,Mid-level
employee_12,21,Data,112804,7,Bangalore,1353648,11280.400000000001,124084.4,Mid-level
employee_13,54,Sales,90984,6,Hyderabad,1091808,9098.4,100082.4,Mid-level
employee_14,21,Finance,77462,6,Pune,929544,7746.200000000001,85208.2,Mid-level
employee_15,39,QA,62353,0,Delhi,748236,6235.3,68588.3,Fresher
employee_16,22,HR,98644,14,Delhi,1183728,9864.400000000001,108508.4,Senior
employee_17,41,Sales,73302,4,Pune,879624,7330.200000000001,80632.2,Junior
employee_18,40,Sales,101979,6,Chennai,1223748,10197.900000000001,112176.9,Mid-level
employee_19,43,QA,47435,13,Delhi,569220,4743.5,52178.5,Senior
employee_20,41,HR,82728,12,Delhi,992736,8272.800000000001,91000.8,Senior
employee_21,44,Finance,26238,1,Pune,314856,2623.8,28861.8,Fresher
employee_22,24,IT,105857,14,Pune,1270284,10585.7,116442.7,Senior
employee_23,32,HR,106610,5,Bangalore,1279320,10661.0,117271.0,Junior
employee_24,42,QA,38049,13,Hyderabad,456588,3804.9,41853.9,Senior
employee_25,40,Sales,82193,1,Mumbai,986316,8219.300000000001,90412.3,Fresher
employee_26,38,Finance,60584,2,Bangalore,727008,6058.400000000001,66642.4,Fresher
employee_27,21,HR,91634,0,Delhi,1099608,9163.4,100797.4,Fresher
employee_28,50,IT,39679,2,Mumbai,476148,3967.9,43646.9,Fresher
employee_29,53,IT,59505,14,Bangalore,714060,5950.5,65455.5,Senior
employee_30,44,Data,76341,6,Bangalore,916092,7634.1,83975.1,Mid-level
employee_31,34,Data,75374,4,Pune,904488,7537.400000000001,82911.4,Junior
employee_32,56,QA,71998,3,Mumbai,863976,7199.8,79197.8,Junior
employee_33,25,HR,101970,14,Bangalore,1223640,10197.0,112167.0,Senior
employee_34,31,HR,80701,14,Pune,968412,8070.1,88771.1,Senior
employee_35,44,Sales,69859,12,Chennai,838308,6985.900000000001,76844.9,Senior
employee_36,51,Sales,58178,11,Mumbai,698136,5817.8,63995.8,Senior
employee_37,33,Sales,52575,7,Bangalore,630900,5257.5,57832.5,Mid-level
employee_38,36,Data,44329,7,Delhi,531948,4432.900000000001,48761.9,Mid-level
employee_39,44,HR,82254,15,Chennai,987048,8225.4,90479.4,Senior
employee_40,33,HR,109029,0,Pune,1308348,10902.900000000001,119931.9,Fresher
employee_41,44,IT,112366,8,Bangalore,1348392,11236.6,123602.6,Mid-level
employee_42,46,Data,98662,15,Delhi,1183944,9866.2,108528.2,Senior
employee_43,22,Finance,65068,13,Pune,780816,6506.8,71574.8,Senior
employee_44,36,Data,83951,8,Pune,1007412,8395.1,92346.1,Mid-level
employee_45,58,Finance,112629,1,Delhi,1351548,11262.900000000001,123891.9,Fresher
employee_46,21,IT,60171,1,Pune,722052,6017.1,66188.1,Fresher
employee_47,31,QA,33262,7,Mumbai,399144,3326.2000000000003,36588.2,Mid-level
employee_48,55,HR,68270,11,Chennai,819240,6827.0,75097.0,Senior
employee_49,49,IT,45785,10,Chennai,549420,4578.5,50363.5,Mid-level
employee_50,57,HR,64469,5,Hyderabad,773628,6446.900000000001,70915.9,Junior
employee_51,37,Sales,93831,2,Bangalore,1125972,9383.1,103214.1,Fresher
employee_52,59,QA,106223,11,Pune,1274676,10622.300000000001,116845.3,Senior
employee_53,48,QA,70643,1,Bangalore,847716,7064.3,77707.3,Fresher
employee_54,49,IT,92657,4,Chennai,1111884,9265.7,101922.7,Junior
employee_55,23,QA,28582,14,Chennai,342984,2858.2000000000003,31440.2,Senior
employee_56,30,Finance,55280,7,Pune,663360,5528.0,60808.0,Mid-level
employee_57,34,QA,67589,5,Mumbai,811068,6758.900000000001,74347.9,Junior
employee_58,32,HR,65000,11,Delhi,780000,6500.0,71500.0,Senior
employee_59,50,HR,26085,2,Pune,313020,2608.5,28693.5,Fresher
employee_60,52,HR,106427,11,Pune,1277124,10642.7,117069.7,Senior
employee_61,52,HR,40600,11,Hyderabad,487200,4060.0,44660.0,Senior
employee_62,52,Finance,84801,8,Delhi,1017612,8480.1,93281.1,Mid-level
employee_63,46,Data,86739,7,Mumbai,1040868,8673.9,95412.9,Mid-level
employee_64,21,Sales,99181,9,Bangalore,1190172,9918.1,109099.1,Mid-level
employee_65,22,IT,66596,5,Delhi,799152,6659.6,73255.6,Junior
employee_66,37,HR,95410,0,Mumbai,1144920,9541.0,104951.0,Fresher
employee_67,50,QA,104303,1,Pune,1251636,10430.300000000001,114733.3,Fresher
employee_68,59,HR,77188,15,Pune,926256,7718.8,84906.8,Senior
employee_69,27,QA,51825,3,Pune,621900,5182.5,57007.5,Junior
employee_70,47,Sales,35913,1,Pune,430956,3591.3,39504.3,Fresher
employee_71,29,Sales,106751,2,Pune,1281012,10675.1,117426.1,Fresher
employee_72,42,Sales,109269,15,Delhi,1311228,10926.900000000001,120195.9,Senior
employee_73,54,QA,39332,13,Delhi,471984,3933.2000000000003,43265.2,Senior
employee_74,21,HR,79895,15,Delhi,958740,7989.5,87884.5,Senior
employee_75,29,Sales,29432,7,Mumbai,353184,2943.2000000000003,32375.2,Mid-level
employee_76,40,Finance,113095,8,Pune,1357140,11309.5,124404.5,Mid-level
employee_77,39,QA,51570,5,Chennai,618840,5157.0,56727.0,Junior
employee_78,56,QA,31103,3,Delhi,373236,3110.3,34213.3,Junior
employee_79,60,HR,40900,10,Chennai,490800,4090.0,44990.0,Mid-level
employee_80,24,QA,83415,1,Hyderabad,1000980,8341.5,91756.5,Fresher
employee_81,29,QA,92567,6,Bangalore,1110804,9256.7,101823.7,Mid-level
employee_82,42,Sales,87713,9,Delhi,1052556,8771.300000000001,96484.3,Mid-level
employee_83,38,HR,108169,10,Chennai,1298028,10816.900000000001,118985.9,Mid-level
employee_84,32,Sales,83639,6,Hyderabad,1003668,8363.9,92002.9,Mid-level
employee_85,59,Sales,113728,9,Mumbai,1364736,11372.800000000001,125100.8,Mid-level
employee_86,29,HR,110476,8,Bangalore,1325712,11047.6,121523.6,Mid-level
employee_87,26,IT,33988,4,Pune,407856,3398.8,37386.8,Junior
employee_88,39,Sales,103488,9,Delhi,1241856,10348.800000000001,113836.8,Mid-level
employee_89,27,Finance,117905,3,Delhi,1414860,11790.5,129695.5,Junior
employee_90,36,Finance,27977,9,Pune,335724,2797.7000000000003,30774.7,Mid-level
employee_91,25,QA,79641,5,Mumbai,955692,7964.1,87605.1,Junior
employee_92,36,Finance,26268,11,Bangalore,315216,2626.8,28894.8,Senior
employee_93,21,QA,79431,1,Delhi,953172,7943.1,87374.1,Fresher
employee_94,57,IT,41756,1,Chennai,501072,4175.6,45931.6,Fresher
employee_95,59,HR,45764,15,Bangalore,549168,4576.400000000001,50340.4,Senior
employee_96,39,HR,84912,11,Hyderabad,1018944,8491.2,93403.2,Senior
employee_97,57,HR,65385,8,Delhi,784620,6538.5,71923.5,Mid-level
employee_98,37,Finance,40032,6,Mumbai,480384,4003.2000000000003,44035.2,Mid-level
employee_99,46,IT,70702,6,Chennai,848424,7070.200000000001,77772.2,Mid-level
employee_100,42,Finance,36885,12,Bangalore,442620,3688.5,40573.5,Senior
employee_101,28,Finance,34796,4,Bangalore,417552,3479.6000000000004,38275.6,Junior
employee_102,53,IT,57863,6,Chennai,694356,5786.3,63649.3,Mid-level
employee_103,22,IT,106014,8,Hyderabad,1272168,10601.400000000001,116615.4,Mid-level
employee_104,50,IT,57117,9,Hyderabad,685404,5711.700000000001,62828.7,Mid-level
employee_105,40,IT,45753,4,Bangalore,549036,4575.3,50328.3,Junior
employee_106,38,HR,45325,8,Pune,543900,4532.5,49857.5,Mid-level
employee_107,30,Data,32021,0,Chennai,384252,3202.1000000000004,35223.1,Fresher
employee_108,44,Data,105721,12,Delhi,1268652,10572.1,116293.1,Senior
employee_109,24,IT,78096,14,Hyderabad,937152,7809.6,85905.6,Senior
employee_110,57,Data,96404,11,Delhi,1156848,9640.4,106044.4,Senior
employee_111,24,Data,38071,2,Hyderabad,456852,3807.1000000000004,41878.1,Fresher
employee_112,33,IT,89649,6,Hyderabad,1075788,8964.9,98613.9,Mid-level
employee_113,45,Data,33041,3,Mumbai,396492,3304.1000000000004,36345.1,Junior
employee_114,33,Finance,107051,14,Delhi,1284612,10705.1,117756.1,Senior
employee_115,38,QA,65058,1,Pune,780696,6505.8,71563.8,Fresher
employee_116,44,QA,73263,11,Hyderabad,879156,7326.3,80589.3,Senior
employee_117,22,IT,116502,13,Pune,1398024,11650.2,128152.2,Senior
employee_118,53,HR,69470,2,Bangalore,833640,6947.0,76417.0,Fresher
employee_119,39,IT,112826,6,Bangalore,1353912,11282.6,124108.6,Mid-level
employee_120,29,HR,53223,7,Mumbai,638676,5322.3,58545.3,Mid-level
employee_121,48,QA,58575,10,Pune,702900,5857.5,64432.5,Mid-level
employee_122,55,IT,70799,8,Chennai,849588,7079.900000000001,77878.9,Mid-level
employee_123,59,Sales,46661,5,Mumbai,559932,4666.1,51327.1,Junior
employee_124,30,Finance,106975,9,Hyderabad,1283700,10697.5,117672.5,Mid-level
employee_125,21,Data,61432,8,Bangalore,737184,6143.200000000001,67575.2,Mid-level
employee_126,41,HR,56147,3,Bangalore,673764,5614.700000000001,61761.7,Junior
employee_127,29,Sales,54114,11,Chennai,649368,5411.400000000001,59525.4,Senior
employee_128,35,Data,31030,4,Mumbai,372360,3103.0,34133.0,Junior
employee_129,55,Data,115051,0,Pune,1380612,11505.1,126556.1,Fresher
employee_130,25,IT,72429,13,Bangalore,869148,7242.900000000001,79671.9,Senior
employee_131,42,Data,72743,8,Hyderabad,872916,7274.3,80017.3,Mid-level
employee_132,43,Finance,90615,8,Chennai,1087380,9061.5,99676.5,Mid-level
employee_133,27,Sales,72577,8,Chennai,870924,7257.700000000001,79834.7,Mid-level
employee_134,43,Data,119584,2,Delhi,1435008,11958.400000000001,131542.4,Fresher
employee_135,45,IT,27966,12,Chennai,335592,2796.6000000000004,30762.6,Senior
employee_136,47,Finance,28728,14,Hyderabad,344736,2872.8,31600.8,Senior
employee_137,26,QA,62304,9,Chennai,747648,6230.400000000001,68534.4,Mid-level
employee_138,54,Sales,74277,9,Pune,891324,7427.700000000001,81704.7,Mid-level
employee_139,29,Data,115330,15,Delhi,1383960,11533.0,126863.0,Senior
employee_140,53,IT,25947,9,Pune,311364,2594.7000000000003,28541.7,Mid-level
employee_141,26,QA,103101,7,Mumbai,1237212,10310.1,113411.1,Mid-level
employee_142,57,QA,106380,2,Mumbai,1276560,10638.0,117018.0,Fresher
employee_143,51,HR,91130,12,Pune,1093560,9113.0,100243.0,Senior
employee_144,54,Finance,46414,5,Hyderabad,556968,4641.400000000001,51055.4,Junior
employee_145,49,Data,107060,4,Delhi,1284720,10706.0,117766.0,Junior
employee_146,34,IT,118005,7,Mumbai,1416060,11800.5,129805.5,Mid-level
employee_147,56,HR,44439,2,Chennai,533268,4443.900000000001,48882.9,Fresher
employee_148,56,Finance,116742,13,Pune,1400904,11674.2,128416.2,Senior
employee_149,35,HR,83220,0,Bangalore,998640,8322.0,91542.0,Fresher
employee_150,28,Sales,71785,11,Hyderabad,861420,7178.5,78963.5,Senior
employee_151,46,Finance,61973,8,Hyderabad,743676,6197.3,68170.3,Mid-level
employee_152,56,Finance,112091,9,Pune,1345092,11209.1,123300.1,Mid-level
employee_153,41,Data,98318,8,Bangalore,1179816,9831.800000000001,108149.8,Mid-level
employee_154,48,Finance,93196,2,Hyderabad,1118352,9319.6,102515.6,Fresher
employee_155,24,HR,31089,1,Delhi,373068,3108.9,34197.9,Fresher
employee_156,36,Finance,95854,3,Mumbai,1150248,9585.4,105439.4,Junior
employee_157,42,Data,87235,13,Delhi,1046820,8723.5,95958.5,Senior
employee_158,32,Data,117141,15,Bangalore,1405692,11714.1,128855.1,Senior
employee_159,36,Sales,54400,7,Delhi,652800,5440.0,59840.0,Mid-level
employee_160,60,HR,40405,5,Chennai,484860,4040.5,44445.5,Junior
employee_161,58,QA,77763,15,Mumbai,933156,7776.3,85539.3,Senior
employee_162,57,QA,55209,9,Bangalore,662508,5520.900000000001,60729.9,Mid-level
employee_163,49,Finance,98598,14,Pune,1183176,9859.800000000001,108457.8,Senior
employee_164,38,Sales,42424,14,Hyderabad,509088,4242.400000000001,46666.4,Senior
employee_165,30,IT,114523,0,Mumbai,1374276,11452.300000000001,125975.3,Fresher
employee_166,59,Finance,45556,14,Pune,546672,4555.6,50111.6,Senior
employee_167,38,Sales,118137,7,Bangalore,1417644,11813.7,129950.7,Mid-level
employee_168,21,HR,44330,4,Chennai,531960,4433.0,48763.0,Junior
employee_169,59,HR,106266,12,Hyderabad,1275192,10626.6,116892.6,Senior
employee_170,41,HR,28236,5,Hyderabad,338832,2823.6000000000004,31059.6,Junior
employee_171,21,HR,94216,4,Mumbai,1130592,9421.6,103637.6,Junior
employee_172,35,HR,55312,9,Pune,663744,5531.200000000001,60843.2,Mid-level
employee_173,24,Sales,46191,4,Bangalore,554292,4619.1,50810.1,Junior
employee_174,40,Sales,108457,2,Bangalore,1301484,10845.7,119302.7,Fresher
employee_175,30,Data,61640,13,Pune,739680,6164.0,67804.0,Senior
employee_176,43,QA,87293,3,Hyderabad,1047516,8729.300000000001,96022.3,Junior
employee_177,54,HR,61688,4,Pune,740256,6168.8,67856.8,Junior
employee_178,53,IT,96229,10,Delhi,1154748,9622.9,105851.9,Mid-level
employee_179,54,Sales,110802,10,Bangalore,1329624,11080.2,121882.2,Mid-level
employee_180,59,IT,117024,1,Pune,1404288,11702.400000000001,128726.4,Fresher
employee_181,30,IT,49122,5,Hyderabad,589464,4912.2,54034.2,Junior
employee_182,40,IT,66224,1,Mumbai,794688,6622.400000000001,72846.4,Fresher
employee_183,21,Data,119540,3,Delhi,1434480,11954.0,131494.0,Junior
employee_184,33,Sales,31331,11,Hyderabad,375972,3133.1000000000004,34464.1,Senior
employee_185,21,IT,112102,15,Chennai,1345224,11210.2,123312.2,Senior
employee_186,25,HR,67262,0,Chennai,807144,6726.200000000001,73988.2,Fresher
employee_187,36,Finance,111314,3,Pune,1335768,11131.400000000001,122445.4,Junior
employee_188,35,IT,84592,13,Hyderabad,1015104,8459.2,93051.2,Senior
employee_189,48,Data,58926,6,Hyderabad,707112,5892.6,64818.6,Mid-level
employee_190,51,Sales,111287,14,Bangalore,1335444,11128.7,122415.7,Senior
employee_191,43,Data,42528,13,Mumbai,510336,4252.8,46780.8,Senior
employee_192,37,IT,25068,15,Delhi,300816,2506.8,27574.8,Senior
employee_193,54,Sales,94253,7,Hyderabad,1131036,9425.300000000001,103678.3,Mid-level
employee_194,33,Finance,105754,1,Delhi,1269048,10575.400000000001,116329.4,Fresher
employee_195,34,IT,68968,2,Pune,827616,6896.8,75864.8,Fresher
employee_196,31,Data,115938,0,Bangalore,1391256,11593.800000000001,127531.8,Fresher
employee_197,48,QA,73623,14,Delhi,883476,7362.3,80985.3,Senior
employee_198,52,HR,67129,15,Delhi,805548,6712.900000000001,73841.9,Senior
employee_199,55,Data,119688,6,Delhi,1436256,11968.800000000001,131656.8,Mid-level
employee_200,51,Sales,86321,3,Delhi,1035852,8632.1,94953.1,Junior
employee_201,37,IT,36526,10,Delhi,438312,3652.6000000000004,40178.6,Mid-level
employee_202,29,HR,117452,9,Bangalore,1409424,11745.2,129197.2,Mid-level
employee_203,30,IT,116564,7,Pune,1398768,11656.400000000001,128220.4,Mid-level
employee_204,28,Sales,51709,4,Delhi,620508,5170.900000000001,56879.9,Junior
employee_205,41,IT,40063,8,Delhi,480756,4006.3,44069.3,Mid-level
employee_206,33,QA,29723,5,Pune,356676,2972.3,32695.3,Junior
employee_207,25,HR,29213,10,Hyderabad,350556,2921.3,32134.3,Mid-level
employee_208,26,HR,47797,9,Hyderabad,573564,4779.7,52576.7,Mid-level
employee_209,50,Sales,109946,1,Bangalore,1319352,10994.6,120940.6,Fresher
employee_210,51,QA,113918,0,Bangalore,1367016,11391.800000000001,125309.8,Fresher
employee_211,37,Data,70217,0,Mumbai,842604,7021.700000000001,77238.7,Fresher
employee_212,31,IT,93283,15,Bangalore,1119396,9328.300000000001,102611.3,Senior
employee_213,40,Finance,48655,11,Pune,583860,4865.5,53520.5,Senior
employee_214,29,IT,102990,11,Delhi,1235880,10299.0,113289.0,Senior
employee_215,22,IT,37587,13,Pune,451044,3758.7000000000003,41345.7,Senior
employee_216,57,Data,47555,13,Mumbai,570660,4755.5,52310.5,Senior
employee_217,21,IT,53071,15,Chennai,636852,5307.1,58378.1,Senior
employee_218,24,QA,45239,8,Chennai,542868,4523.900000000001,49762.9,Mid-level
employee_219,56,QA,74151,0,Pune,889812,7415.1,81566.1,Fresher
employee_220,45,HR,27203,2,Chennai,326436,2720.3,29923.3,Fresher
employee_221,23,Sales,38635,11,Chennai,463620,3863.5,42498.5,Senior
employee_222,29,Finance,77571,1,Mumbai,930852,7757.1,85328.1,Fresher
employee_223,42,IT,26144,14,Delhi,313728,2614.4,28758.4,Senior
employee_224,43,IT,57699,14,Bangalore,692388,5769.900000000001,63468.9,Senior
employee_225,32,Data,109619,14,Bangalore,1315428,10961.900000000001,120580.9,Senior
employee_226,30,Sales,116663,15,Chennai,1399956,11666.300000000001,128329.3,Senior
employee_227,54,QA,37213,11,Hyderabad,446556,3721.3,40934.3,Senior
employee_228,30,Finance,41944,3,Mumbai,503328,4194.400000000001,46138.4,Junior
employee_229,50,HR,91723,0,Delhi,1100676,9172.300000000001,100895.3,Fresher
employee_230,42,QA,93669,14,Delhi,1124028,9366.9,103035.9,Senior
employee_231,26,Sales,93947,0,Chennai,1127364,9394.7,103341.7,Fresher
employee_232,22,HR,59457,3,Hyderabad,713484,5945.700000000001,65402.7,Junior
employee_233,50,Data,60191,12,Hyderabad,722292,6019.1,66210.1,Senior
employee_234,22,Data,97264,12,Delhi,1167168,9726.4,106990.4,Senior
employee_235,52,IT,82924,13,Mumbai,995088,8292.4,91216.4,Senior
employee_236,36,Sales,58744,3,Bangalore,704928,5874.400000000001,64618.4,Junior
employee_237,32,Finance,78424,6,Delhi,941088,7842.400000000001,86266.4,Mid-level
employee_238,21,HR,113417,7,Delhi,1361004,11341.7,124758.7,Mid-level
employee_239,28,QA,103337,12,Pune,1240044,10333.7,113670.7,Senior
employee_240,33,Sales,101084,7,Hyderabad,1213008,10108.400000000001,111192.4,Mid-level
employee_241,35,Sales,57886,7,Pune,694632,5788.6,63674.6,Mid-level
employee_242,28,Data,109963,13,Pune,1319556,10996.300000000001,120959.3,Senior
employee_243,30,IT,25972,13,Mumbai,311664,2597.2000000000003,28569.2,Senior
employee_244,25,IT,31621,11,Delhi,379452,3162.1000000000004,34783.1,Senior
employee_245,39,HR,116549,13,Bangalore,1398588,11654.900000000001,128203.9,Senior
employee_246,58,Data,74738,8,Mumbai,896856,7473.8,82211.8,Mid-level
employee_247,31,Sales,82694,0,Hyderabad,992328,8269.4,90963.4,Fresher
employee_248,40,Finance,79777,8,Bangalore,957324,7977.700000000001,87754.7,Mid-level
employee_249,40,Data,39530,9,Delhi,474360,3953.0,43483.0,Mid-level
employee_250,41,HR,32354,7,Chennai,388248,3235.4,35589.4,Mid-level
employee_251,38,HR,71529,0,Bangalore,858348,7152.900000000001,78681.9,Fresher
employee_252,30,Data,76714,6,Mumbai,920568,7671.400000000001,84385.4,Mid-level
employee_253,54,HR,113759,8,Mumbai,1365108,11375.900000000001,125134.9,Mid-level
employee_254,46,Data,66232,3,Pune,794784,6623.200000000001,72855.2,Junior
employee_255,50,QA,77079,12,Delhi,924948,7707.900000000001,84786.9,Senior
employee_256,29,Data,37550,14,Chennai,450600,3755.0,41305.0,Senior
employee_257,51,Data,113196,12,Delhi,1358352,11319.6,124515.6,Senior
employee_258,24,HR,85385,8,Bangalore,1024620,8538.5,93923.5,Mid-level
employee_259,26,HR,89736,15,Chennai,1076832,8973.6,98709.6,Senior
employee_260,34,IT,55268,0,Delhi,663216,5526.8,60794.8,Fresher
employee_261,24,IT,116876,8,Pune,1402512,11687.6,128563.6,Mid-level
employee_262,46,QA,29290,5,Chennai,351480,2929.0,32219.0,Junior
employee_263,59,IT,80034,3,Chennai,960408,8003.400000000001,88037.4,Junior
employee_264,37,Data,55138,11,Bangalore,661656,5513.8,60651.8,Senior
employee_265,39,HR,96982,15,Chennai,1163784,9698.2,106680.2,Senior
employee_266,26,IT,38432,11,Pune,461184,3843.2000000000003,42275.2,Senior
employee_267,49,IT,92058,4,Hyderabad,1104696,9205.800000000001,101263.8,Junior
employee_268,31,QA,83175,14,Hyderabad,998100,8317.5,91492.5,Senior
employee_269,36,Sales,58329,6,Mumbai,699948,5832.900000000001,64161.9,Mid-level
employee_270,50,QA,94076,9,Hyderabad,1128912,9407.6,103483.6,Mid-level
employee_271,45,Data,37328,12,Bangalore,447936,3732.8,41060.8,Senior
employee_272,60,HR,59247,3,Mumbai,710964,5924.700000000001,65171.7,Junior
employee_273,31,QA,31677,7,Hyderabad,380124,3167.7000000000003,34844.7,Mid-level
employee_274,27,IT,86810,2,Hyderabad,1041720,8681.0,95491.0,Fresher
employee_275,46,HR,75357,1,Mumbai,904284,7535.700000000001,82892.7,Fresher
employee_276,42,HR,80812,0,Bangalore,969744,8081.200000000001,88893.2,Fresher
employee_277,45,IT,66616,13,Mumbai,799392,6661.6,73277.6,Senior
employee_278,39,QA,86284,12,Bangalore,1035408,8628.4,94912.4,Senior
employee_279,51,IT,74741,5,Bangalore,896892,7474.1,82215.1,Junior
employee_280,46,Sales,78478,1,Delhi,941736,7847.8,86325.8,Fresher
employee_281,56,HR,79056,7,Pune,948672,7905.6,86961.6,Mid-level
employee_282,43,Finance,116483,14,Hyderabad,1397796,11648.300000000001,128131.3,Senior
employee_283,33,Finance,70534,15,Delhi,846408,7053.400000000001,77587.4,Senior
employee_284,45,Data,104056,10,Hyderabad,1248672,10405.6,114461.6,Mid-level
employee_285,22,IT,89162,9,Delhi,1069944,8916.2,98078.2,Mid-level
employee_286,22,IT,69711,12,Chennai,836532,6971.1,76682.1,Senior
employee_287,36,Data,47805,3,Mumbai,573660,4780.5,52585.5,Junior
employee_288,29,Data,45143,8,Delhi,541716,4514.3,49657.3,Mid-level
employee_289,48,Data,100828,3,Pune,1209936,10082.800000000001,110910.8,Junior
employee_290,33,HR,87473,3,Hyderabad,1049676,8747.300000000001,96220.3,Junior
employee_291,55,Sales,41017,15,Chennai,492204,4101.7,45118.7,Senior
employee_292,33,IT,88202,12,Pune,1058424,8820.2,97022.2,Senior
employee_293,51,HR,115859,11,Bangalore,1390308,11585.900000000001,127444.9,Senior
employee_294,41,Data,66423,7,Hyderabad,797076,6642.3,73065.3,Mid-level
employee_295,52,IT,66713,11,Delhi,800556,6671.3,73384.3,Senior
employee_296,54,HR,112856,12,Mumbai,1354272,11285.6,124141.6,Senior
employee_297,28,Sales,99310,7,Pune,1191720,9931.0,109241.0,Mid-level
employee_298,22,HR,27205,4,Chennai,326460,2720.5,29925.5,Junior
employee_299,58,Sales,78266,2,Mumbai,939192,7826.6,86092.6,Fresher
employee_300,52,Data,37342,11,Bangalore,448104,3734.2000000000003,41076.2,Senior
employee_301,60,Sales,94563,1,Mumbai,1134756,9456.300000000001,104019.3,Fresher
employee_302,48,IT,88190,14,Chennai,1058280,8819.0,97009.0,Senior
employee_303,57,Data,106863,8,Bangalore,1282356,10686.300000000001,117549.3,Mid-level
employee_304,21,IT,46200,13,Chennai,554400,4620.0,50820.0,Senior
employee_305,30,Finance,32188,8,Hyderabad,386256,3218.8,35406.8,Mid-level
employee_306,24,QA,27808,4,Chennai,333696,2780.8,30588.8,Junior
employee_307,55,Sales,38851,15,Mumbai,466212,3885.1000000000004,42736.1,Senior
employee_308,30,QA,105890,13,Hyderabad,1270680,10589.0,116479.0,Senior
employee_309,31,QA,89928,12,Hyderabad,1079136,8992.800000000001,98920.8,Senior
employee_310,34,Sales,40058,14,Pune,480696,4005.8,44063.8,Senior
employee_311,58,Data,39620,7,Mumbai,475440,3962.0,43582.0,Mid-level
employee_312,32,Finance,77755,6,Mumbai,933060,7775.5,85530.5,Mid-level
employee_313,37,IT,87995,2,Bangalore,1055940,8799.5,96794.5,Fresher
employee_314,36,HR,61681,11,Chennai,740172,6168.1,67849.1,Senior
employee_315,55,IT,89509,4,Delhi,1074108,8950.9,98459.9,Junior
employee_316,22,HR,108339,14,Chennai,1300068,10833.900000000001,119172.9,Senior
employee_317,31,IT,92703,12,Mumbai,1112436,9270.300000000001,101973.3,Senior
employee_318,23,Sales,92680,8,Chennai,1112160,9268.0,101948.0,Mid-level
employee_319,49,Finance,92703,3,Mumbai,1112436,9270.300000000001,101973.3,Junior
employee_320,38,HR,67136,2,Hyderabad,805632,6713.6,73849.6,Fresher
employee_321,40,Data,116380,6,Chennai,1396560,11638.0,128018.0,Mid-level
employee_322,34,IT,118699,7,Chennai,1424388,11869.900000000001,130568.9,Mid-level
employee_323,54,IT,113456,4,Mumbai,1361472,11345.6,124801.6,Junior
employee_324,51,HR,108086,12,Mumbai,1297032,10808.6,118894.6,Senior
employee_325,60,Data,61343,7,Bangalore,736116,6134.3,67477.3,Mid-level
employee_326,38,Data,43254,4,Chennai,519048,4325.400000000001,47579.4,Junior
employee_327,50,Sales,86273,8,Pune,1035276,8627.300000000001,94900.3,Mid-level
employee_328,45,Sales,84611,6,Mumbai,1015332,8461.1,93072.1,Mid-level
employee_329,39,Sales,85002,4,Pune,1020024,8500.2,93502.2,Junior
employee_330,28,Sales,110683,12,Hyderabad,1328196,11068.300000000001,121751.3,Senior
employee_331,48,Sales,37926,8,Hyderabad,455112,3792.6000000000004,41718.6,Mid-level
employee_332,28,Sales,89264,4,Pune,1071168,8926.4,98190.4,Junior
employee_333,51,Finance,114527,7,Delhi,1374324,11452.7,125979.7,Mid-level
employee_334,23,Data,52563,11,Hyderabad,630756,5256.3,57819.3,Senior
employee_335,23,Sales,55688,3,Pune,668256,5568.8,61256.8,Junior
employee_336,42,Data,119559,8,Bangalore,1434708,11955.900000000001,131514.9,Mid-level
employee_337,37,Data,59130,11,Bangalore,709560,5913.0,65043.0,Senior
employee_338,56,QA,25925,5,Hyderabad,311100,2592.5,28517.5,Junior
employee_339,37,Finance,76595,5,Pune,919140,7659.5,84254.5,Junior
employee_340,34,Sales,41321,13,Pune,495852,4132.1,45453.1,Senior
employee_341,29,IT,35769,2,Pune,429228,3576.9,39345.9,Fresher
employee_342,50,HR,61748,12,Delhi,740976,6174.8,67922.8,Senior
employee_343,41,IT,65028,2,Hyderabad,780336,6502.8,71530.8,Fresher
employee_344,32,Finance,41151,3,Delhi,493812,4115.1,45266.1,Junior
employee_345,57,HR,101133,0,Pune,1213596,10113.300000000001,111246.3,Fresher
employee_346,52,Finance,59187,5,Mumbai,710244,5918.700000000001,65105.7,Junior
employee_347,31,Data,68835,0,Pune,826020,6883.5,75718.5,Fresher
employee_348,40,HR,25059,10,Mumbai,300708,2505.9,27564.9,Mid-level
employee_349,55,Data,110717,15,Bangalore,1328604,11071.7,121788.7,Senior
employee_350,31,IT,52235,3,Mumbai,626820,5223.5,57458.5,Junior
employee_351,28,IT,119208,14,Bangalore,1430496,11920.800000000001,131128.8,Senior
employee_352,24,HR,92114,12,Hyderabad,1105368,9211.4,101325.4,Senior
employee_353,47,HR,70366,6,Delhi,844392,7036.6,77402.6,Mid-level
employee_354,60,Sales,106583,11,Delhi,1278996,10658.300000000001,117241.3,Senior
employee_355,58,Finance,57160,5,Bangalore,685920,5716.0,62876.0,Junior
employee_356,50,Sales,115085,7,Bangalore,1381020,11508.5,126593.5,Mid-level
employee_357,47,Finance,30277,3,Pune,363324,3027.7000000000003,33304.7,Junior
employee_358,41,Sales,26780,8,Chennai,321360,2678.0,29458.0,Mid-level
employee_359,40,Data,71579,9,Bangalore,858948,7157.900000000001,78736.9,Mid-level
employee_360,24,HR,85750,7,Mumbai,1029000,8575.0,94325.0,Mid-level
employee_361,31,IT,81902,13,Hyderabad,982824,8190.200000000001,90092.2,Senior
employee_362,33,Finance,105198,14,Delhi,1262376,10519.800000000001,115717.8,Senior
employee_363,29,Finance,57161,4,Mumbai,685932,5716.1,62877.1,Junior
employee_364,24,IT,69499,13,Delhi,833988,6949.900000000001,76448.9,Senior
employee_365,32,Sales,56886,5,Hyderabad,682632,5688.6,62574.6,Junior
employee_366,29,Finance,33800,4,Mumbai,405600,3380.0,37180.0,Junior
employee_367,33,Data,74460,14,Delhi,893520,7446.0,81906.0,Senior
employee_368,46,HR,95975,5,Bangalore,1151700,9597.5,105572.5,Junior
employee_369,58,IT,94843,0,Chennai,1138116,9484.300000000001,104327.3,Fresher
employee_370,33,HR,27364,3,Bangalore,328368,2736.4,30100.4,Junior
employee_371,59,Finance,41568,8,Delhi,498816,4156.8,45724.8,Mid-level
employee_372,48,Finance,63092,3,Pune,757104,6309.200000000001,69401.2,Junior
employee_373,39,IT,96019,1,Mumbai,1152228,9601.9,105620.9,Fresher
employee_374,44,Data,87679,5,Chennai,1052148,8767.9,96446.9,Junior
employee_375,39,QA,90781,1,Mumbai,1089372,9078.1,99859.1,Fresher
employee_376,33,IT,33430,2,Pune,401160,3343.0,36773.0,Fresher
employee_377,33,QA,98719,6,Pune,1184628,9871.900000000001,108590.9,Mid-level
employee_378,48,Sales,63692,3,Pune,764304,6369.200000000001,70061.2,Junior
employee_379,22,QA,55086,0,Delhi,661032,5508.6,60594.6,Fresher
employee_380,30,Data,74671,15,Bangalore,896052,7467.1,82138.1,Senior
employee_381,42,Sales,38901,8,Delhi,466812,3890.1000000000004,42791.1,Mid-level
employee_382,33,QA,28907,5,Bangalore,346884,2890.7000000000003,31797.7,Junior
employee_383,29,Sales,53604,8,Chennai,643248,5360.400000000001,58964.4,Mid-level
employee_384,53,QA,62869,2,Pune,754428,6286.900000000001,69155.9,Fresher
employee_385,34,Data,39537,4,Bangalore,474444,3953.7000000000003,43490.7,Junior
employee_386,40,QA,37501,8,Hyderabad,450012,3750.1000000000004,41251.1,Mid-level
employee_387,35,QA,62371,5,Hyderabad,748452,6237.1,68608.1,Junior
employee_388,52,QA,61821,1,Bangalore,741852,6182.1,68003.1,Fresher
employee_389,53,IT,113732,14,Chennai,1364784,11373.2,125105.2,Senior
employee_390,37,IT,31073,0,Mumbai,372876,3107.3,34180.3,Fresher
employee_391,44,IT,86005,8,Delhi,1032060,8600.5,94605.5,Mid-level
employee_392,50,Data,101097,0,Pune,1213164,10109.7,111206.7,Fresher
employee_393,33,Sales,43101,13,Bangalore,517212,4310.1,47411.1,Senior
employee_394,36,Finance,56426,14,Chennai,677112,5642.6,62068.6,Senior
employee_395,22,QA,119877,4,Delhi,1438524,11987.7,131864.7,Junior
employee_396,37,QA,32313,0,Mumbai,387756,3231.3,35544.3,Fresher
employee_397,52,Data,55773,4,Chennai,669276,5577.3,61350.3,Junior
employee_398,28,QA,53003,4,Mumbai,636036,5300.3,58303.3,Junior
employee_399,23,IT,84668,6,Hyderabad,1016016,8466.800000000001,93134.8,Mid-level
employee_400,32,Finance,116956,6,Delhi,1403472,11695.6,128651.6,Mid-level
employee_401,40,HR,96250,10,Delhi,1155000,9625.0,105875.0,Mid-level
employee_402,36,QA,117675,9,Mumbai,1412100,11767.5,129442.5,Mid-level
employee_403,34,IT,116634,0,Hyderabad,1399608,11663.400000000001,128297.4,Fresher
employee_404,36,HR,67294,8,Pune,807528,6729.400000000001,74023.4,Mid-level
employee_405,53,Finance,38582,0,Bangalore,462984,3858.2000000000003,42440.2,Fresher
employee_406,50,HR,38760,4,Hyderabad,465120,3876.0,42636.0,Junior
employee_407,32,IT,96791,15,Chennai,1161492,9679.1,106470.1,Senior
employee_408,35,Sales,107158,6,Mumbai,1285896,10715.800000000001,117873.8,Mid-level
employee_409,38,Sales,60983,11,Delhi,731796,6098.3,67081.3,Senior
employee_410,48,HR,65309,7,Chennai,783708,6530.900000000001,71839.9,Mid-level
employee_411,43,Data,54715,1,Delhi,656580,5471.5,60186.5,Fresher
employee_412,34,HR,61415,13,Hyderabad,736980,6141.5,67556.5,Senior
employee_413,50,QA,112328,0,Delhi,1347936,11232.800000000001,123560.8,Fresher
employee_414,53,QA,113260,3,Delhi,1359120,11326.0,124586.0,Junior
employee_415,35,Sales,76581,11,Delhi,918972,7658.1,84239.1,Senior
employee_416,27,Data,28652,14,Delhi,343824,2865.2000000000003,31517.2,Senior
employee_417,35,IT,51297,3,Chennai,615564,5129.700000000001,56426.7,Junior
employee_418,58,QA,39028,9,Mumbai,468336,3902.8,42930.8,Mid-level
employee_419,31,Sales,38803,11,Bangalore,465636,3880.3,42683.3,Senior
employee_420,49,Finance,31307,5,Chennai,375684,3130.7000000000003,34437.7,Junior
employee_421,51,Sales,56325,0,Pune,675900,5632.5,61957.5,Fresher
employee_422,45,QA,83616,13,Mumbai,1003392,8361.6,91977.6,Senior
employee_423,44,QA,85483,0,Mumbai,1025796,8548.300000000001,94031.3,Fresher
employee_424,39,Sales,56574,2,Pune,678888,5657.400000000001,62231.4,Fresher
employee_425,22,IT,109798,4,Hyderabad,1317576,10979.800000000001,120777.8,Junior
employee_426,42,HR,92071,11,Pune,1104852,9207.1,101278.1,Senior
employee_427,40,QA,39932,5,Hyderabad,479184,3993.2000000000003,43925.2,Junior
employee_428,53,Sales,40749,4,Bangalore,488988,4074.9,44823.9,Junior
employee_429,28,Sales,33727,12,Hyderabad,404724,3372.7000000000003,37099.7,Senior
employee_430,45,Data,80406,12,Bangalore,964872,8040.6,88446.6,Senior
employee_431,29,HR,42332,12,Bangalore,507984,4233.2,46565.2,Senior
employee_432,54,Finance,35834,4,Delhi,430008,3583.4,39417.4,Junior
employee_433,43,IT,45325,8,Delhi,543900,4532.5,49857.5,Mid-level
employee_434,25,Finance,34213,1,Pune,410556,3421.3,37634.3,Fresher
employee_435,45,HR,26403,11,Bangalore,316836,2640.3,29043.3,Senior
employee_436,28,HR,81971,11,Hyderabad,983652,8197.1,90168.1,Senior
employee_437,36,HR,79030,0,Chennai,948360,7903.0,86933.0,Fresher
employee_438,35,Finance,98042,5,Delhi,1176504,9804.2,107846.2,Junior
employee_439,21,HR,32591,8,Mumbai,391092,3259.1000000000004,35850.1,Mid-level
employee_440,42,Sales,37996,6,Mumbai,455952,3799.6000000000004,41795.6,Mid-level
employee_441,23,Finance,77485,7,Hyderabad,929820,7748.5,85233.5,Mid-level
employee_442,58,HR,72830,4,Delhi,873960,7283.0,80113.0,Junior
employee_443,34,Sales,59370,9,Chennai,712440,5937.0,65307.0,Mid-level
employee_444,56,Data,82572,3,Bangalore,990864,8257.2,90829.2,Junior
employee_445,38,HR,104008,5,Delhi,1248096,10400.800000000001,114408.8,Junior
employee_446,38,Finance,54098,2,Hyderabad,649176,5409.8,59507.8,Fresher
employee_447,23,QA,86561,0,Bangalore,1038732,8656.1,95217.1,Fresher
employee_448,30,HR,27196,10,Delhi,326352,2719.6000000000004,29915.6,Mid-level
employee_449,59,QA,36091,3,Pune,433092,3609.1000000000004,39700.1,Junior
employee_450,21,Sales,105576,8,Chennai,1266912,10557.6,116133.6,Mid-level
employee_451,47,Data,90254,3,Mumbai,1083048,9025.4,99279.4,Junior
employee_452,47,IT,74262,0,Hyderabad,891144,7426.200000000001,81688.2,Fresher
employee_453,31,Data,31023,13,Mumbai,372276,3102.3,34125.3,Senior
employee_454,25,HR,45543,3,Bangalore,546516,4554.3,50097.3,Junior
employee_455,27,QA,85029,6,Bangalore,1020348,8502.9,93531.9,Mid-level
employee_456,39,QA,118913,2,Pune,1426956,11891.300000000001,130804.3,Fresher
employee_457,49,Finance,67337,9,Bangalore,808044,6733.700000000001,74070.7,Mid-level
employee_458,35,QA,65409,5,Bangalore,784908,6540.900000000001,71949.9,Junior
employee_459,55,Finance,95540,14,Mumbai,1146480,9554.0,105094.0,Senior
employee_460,57,Sales,34963,13,Mumbai,419556,3496.3,38459.3,Senior
employee_461,32,IT,38796,0,Hyderabad,465552,3879.6000000000004,42675.6,Fresher
employee_462,50,HR,65972,10,Hyderabad,791664,6597.200000000001,72569.2,Mid-level
employee_463,40,Finance,97613,3,Bangalore,1171356,9761.300000000001,107374.3,Junior
employee_464,57,IT,103062,2,Delhi,1236744,10306.2,113368.2,Fresher
employee_465,23,QA,28261,13,Chennai,339132,2826.1000000000004,31087.1,Senior
employee_466,29,QA,42046,0,Hyderabad,504552,4204.6,46250.6,Fresher
employee_467,59,IT,38397,15,Bangalore,460764,3839.7000000000003,42236.7,Senior
employee_468,46,QA,85436,2,Delhi,1025232,8543.6,93979.6,Fresher
employee_469,22,Sales,115805,14,Delhi,1389660,11580.5,127385.5,Senior
employee_470,43,Sales,50757,3,Mumbai,609084,5075.700000000001,55832.7,Junior
employee_471,43,IT,40299,4,Delhi,483588,4029.9,44328.9,Junior
employee_472,41,Finance,26902,5,Pune,322824,2690.2000000000003,29592.2,Junior
employee_473,36,Finance,67399,1,Mumbai,808788,6739.900000000001,74138.9,Fresher
employee_474,29,IT,73330,1,Mumbai,879960,7333.0,80663.0,Fresher
employee_475,33,Finance,71308,5,Pune,855696,7130.8,78438.8,Junior
employee_476,48,Finance,28846,15,Mumbai,346152,2884.6000000000004,31730.6,Senior
employee_477,47,Sales,37359,4,Hyderabad,448308,3735.9,41094.9,Junior
employee_478,37,Finance,74376,0,Mumbai,892512,7437.6,81813.6,Fresher
employee_479,58,Data,93056,2,Pune,1116672,9305.6,102361.6,Fresher
employee_480,56,HR,65832,10,Bangalore,789984,6583.200000000001,72415.2,Mid-level
employee_481,21,QA,45098,4,Bangalore,541176,4509.8,49607.8,Junior
employee_482,38,Data,74962,14,Bangalore,899544,7496.200000000001,82458.2,Senior
employee_483,29,Finance,113672,12,Pune,1364064,11367.2,125039.2,Senior
employee_484,33,Sales,60885,11,Pune,730620,6088.5,66973.5,Senior
employee_485,60,IT,46157,11,Hyderabad,553884,4615.7,50772.7,Senior
employee_486,35,Finance,73372,1,Pune,880464,7337.200000000001,80709.2,Fresher
employee_487,24,Sales,44674,0,Delhi,536088,4467.400000000001,49141.4,Fresher
employee_488,53,HR,57357,15,Bangalore,688284,5735.700000000001,63092.7,Senior
employee_489,44,Finance,37578,8,Pune,450936,3757.8,41335.8,Mid-level
employee_490,56,IT,27251,14,Chennai,327012,2725.1000000000004,29976.1,Senior
employee_491,30,Sales,104049,4,Mumbai,1248588,10404.900000000001,114453.9,Junior
employee_492,56,Sales,62429,1,Hyderabad,749148,6242.900000000001,68671.9,Fresher
employee_493,40,Sales,117641,9,Bangalore,1411692,11764.1,129405.1,Mid-level
employee_494,31,HR,71871,3,Delhi,862452,7187.1,79058.1,Junior
employee_495,32,Finance,111526,2,Delhi,1338312,11152.6,122678.6,Fresher
employee_496,38,HR,50499,6,Bangalore,605988,5049.900000000001,55548.9,Mid-level
employee_497,50,QA,31421,0,Delhi,377052,3142.1000000000004,34563.1,Fresher
employee_498,57,QA,77204,14,Chennai,926448,7720.400000000001,84924.4,Senior
employee_499,40,Finance,49591,9,Hyderabad,595092,4959.1,54550.1,Mid-level
employee_500,45,HR,85940,11,Mumbai,1031280,8594.0,94534.0,Senior
employee_501,32,IT,117515,11,Hyderabad,1410180,11751.5,129266.5,Senior
employee_502,41,Sales,111371,3,Hyderabad,1336452,11137.1,122508.1,Junior
employee_503,45,Sales,37202,6,Bangalore,446424,3720.2000000000003,40922.2,Mid-level
employee_504,31,Finance,116202,10,Pune,1394424,11620.2,127822.2,Mid-level
employee_505,29,QA,44290,9,Mumbai,531480,4429.0,48719.0,Mid-level
employee_506,45,QA,43130,12,Hyderabad,517560,4313.0,47443.0,Senior
employee_507,55,Sales,62077,4,Chennai,744924,6207.700000000001,68284.7,Junior
employee_508,52,Finance,44396,3,Bangalore,532752,4439.6,48835.6,Junior
employee_509,34,HR,85848,3,Pune,1030176,8584.800000000001,94432.8,Junior
employee_510,21,QA,108488,10,Pune,1301856,10848.800000000001,119336.8,Mid-level
employee_511,37,HR,85530,11,Bangalore,1026360,8553.0,94083.0,Senior
employee_512,45,QA,89274,13,Hyderabad,1071288,8927.4,98201.4,Senior
employee_513,28,QA,52122,1,Delhi,625464,5212.200000000001,57334.2,Fresher
employee_514,25,Data,54381,7,Bangalore,652572,5438.1,59819.1,Mid-level
employee_515,25,QA,70435,15,Delhi,845220,7043.5,77478.5,Senior
employee_516,55,IT,48267,11,Pune,579204,4826.7,53093.7,Senior
employee_517,39,Finance,86978,15,Pune,1043736,8697.800000000001,95675.8,Senior
employee_518,43,Finance,32088,3,Chennai,385056,3208.8,35296.8,Junior
employee_519,29,HR,37822,1,Chennai,453864,3782.2000000000003,41604.2,Fresher
employee_520,50,QA,75216,8,Pune,902592,7521.6,82737.6,Mid-level
employee_521,36,IT,61589,13,Chennai,739068,6158.900000000001,67747.9,Senior
employee_522,53,HR,90262,13,Chennai,1083144,9026.2,99288.2,Senior
employee_523,22,Data,82911,15,Chennai,994932,8291.1,91202.1,Senior
employee_524,34,HR,26436,12,Pune,317232,2643.6000000000004,29079.6,Senior
employee_525,21,HR,86854,11,Hyderabad,1042248,8685.4,95539.4,Senior
employee_526,46,QA,86888,9,Hyderabad,1042656,8688.800000000001,95576.8,Mid-level
employee_527,45,Data,52281,12,Mumbai,627372,5228.1,57509.1,Senior
employee_528,36,HR,113017,6,Chennai,1356204,11301.7,124318.7,Mid-level
employee_529,35,IT,109403,15,Hyderabad,1312836,10940.300000000001,120343.3,Senior
employee_530,46,IT,78952,14,Mumbai,947424,7895.200000000001,86847.2,Senior
employee_531,36,Finance,47766,2,Bangalore,573192,4776.6,52542.6,Fresher
employee_532,34,Data,46213,14,Chennai,554556,4621.3,50834.3,Senior
employee_533,49,Data,118891,6,Hyderabad,1426692,11889.1,130780.1,Mid-level
employee_534,44,Finance,87239,0,Hyderabad,1046868,8723.9,95962.9,Fresher
employee_535,35,HR,47537,11,Delhi,570444,4753.7,52290.7,Senior
employee_536,39,Data,27794,0,Hyderabad,333528,2779.4,30573.4,Fresher
employee_537,28,IT,84204,3,Delhi,1010448,8420.4,92624.4,Junior
employee_538,54,IT,57324,3,Mumbai,687888,5732.400000000001,63056.4,Junior
employee_539,22,QA,81764,3,Delhi,981168,8176.400000000001,89940.4,Junior
employee_540,47,Data,55858,8,Bangalore,670296,5585.8,61443.8,Mid-level
employee_541,30,HR,67850,5,Chennai,814200,6785.0,74635.0,Junior
employee_542,55,Finance,38018,2,Hyderabad,456216,3801.8,41819.8,Fresher
employee_543,43,Finance,108017,5,Pune,1296204,10801.7,118818.7,Junior
employee_544,28,HR,75790,1,Chennai,909480,7579.0,83369.0,Fresher
employee_545,48,Sales,106120,1,Pune,1273440,10612.0,116732.0,Fresher
employee_546,43,QA,34850,6,Mumbai,418200,3485.0,38335.0,Mid-level
employee_547,24,Finance,116237,13,Hyderabad,1394844,11623.7,127860.7,Senior
employee_548,34,Data,70975,2,Chennai,851700,7097.5,78072.5,Fresher
employee_549,49,QA,90510,6,Chennai,1086120,9051.0,99561.0,Mid-level
employee_550,21,Data,90696,2,Hyderabad,1088352,9069.6,99765.6,Fresher
employee_551,24,IT,50832,11,Bangalore,609984,5083.200000000001,55915.2,Senior
employee_552,52,QA,112826,11,Mumbai,1353912,11282.6,124108.6,Senior
employee_553,53,Finance,119977,1,Hyderabad,1439724,11997.7,131974.7,Fresher
employee_554,46,QA,49886,3,Delhi,598632,4988.6,54874.6,Junior
employee_555,37,QA,33418,14,Chennai,401016,3341.8,36759.8,Senior
employee_556,59,QA,32081,3,Bangalore,384972,3208.1000000000004,35289.1,Junior
employee_557,43,Sales,35114,2,Chennai,421368,3511.4,38625.4,Fresher
employee_558,52,QA,43722,8,Pune,524664,4372.2,48094.2,Mid-level
employee_559,35,Data,112508,15,Chennai,1350096,11250.800000000001,123758.8,Senior
employee_560,33,IT,42985,5,Mumbai,515820,4298.5,47283.5,Junior
employee_561,22,HR,30888,4,Hyderabad,370656,3088.8,33976.8,Junior
employee_562,39,QA,94254,12,Chennai,1131048,9425.4,103679.4,Senior
employee_563,44,Finance,108845,11,Delhi,1306140,10884.5,119729.5,Senior
employee_564,44,QA,44299,11,Pune,531588,4429.900000000001,48728.9,Senior
employee_565,31,Finance,81050,5,Pune,972600,8105.0,89155.0,Junior
employee_566,42,Data,47036,12,Hyderabad,564432,4703.6,51739.6,Senior
employee_567,35,Finance,110421,10,Pune,1325052,11042.1,121463.1,Mid-level
employee_568,30,HR,54346,7,Hyderabad,652152,5434.6,59780.6,Mid-level
employee_569,47,IT,51691,4,Mumbai,620292,5169.1,56860.1,Junior
employee_570,29,Finance,42986,12,Hyderabad,515832,4298.6,47284.6,Senior
employee_571,48,Finance,52846,14,Bangalore,634152,5284.6,58130.6,Senior
employee_572,21,IT,74665,12,Pune,895980,7466.5,82131.5,Senior
employee_573,37,HR,66401,3,Pune,796812,6640.1,73041.1,Junior
employee_574,51,QA,98728,6,Delhi,1184736,9872.800000000001,108600.8,Mid-level
employee_575,30,Finance,75054,11,Chennai,900648,7505.400000000001,82559.4,Senior
employee_576,57,IT,63487,13,Bangalore,761844,6348.700000000001,69835.7,Senior
employee_577,49,Data,34412,4,Chennai,412944,3441.2000000000003,37853.2,Junior
employee_578,38,IT,106499,15,Hyderabad,1277988,10649.900000000001,117148.9,Senior
employee_579,58,Data,76473,3,Mumbai,917676,7647.3,84120.3,Junior
employee_580,59,HR,91553,13,Delhi,1098636,9155.300000000001,100708.3,Senior
employee_581,26,QA,30279,4,Pune,363348,3027.9,33306.9,Junior
employee_582,60,IT,100948,15,Mumbai,1211376,10094.800000000001,111042.8,Senior
employee_583,32,Sales,32712,10,Hyderabad,392544,3271.2000000000003,35983.2,Mid-level
employee_584,34,Finance,40817,3,Hyderabad,489804,4081.7000000000003,44898.7,Junior
employee_585,30,HR,78832,7,Bangalore,945984,7883.200000000001,86715.2,Mid-level
employee_586,40,IT,118616,15,Chennai,1423392,11861.6,130477.6,Senior
employee_587,35,Finance,81224,7,Pune,974688,8122.400000000001,89346.4,Mid-level
employee_588,51,IT,31624,0,Pune,379488,3162.4,34786.4,Fresher
employee_589,27,Data,54126,15,Mumbai,649512,5412.6,59538.6,Senior
employee_590,30,IT,107115,13,Bangalore,1285380,10711.5,117826.5,Senior
employee_591,30,Sales,105667,11,Delhi,1268004,10566.7,116233.7,Senior
employee_592,59,IT,62462,2,Hyderabad,749544,6246.200000000001,68708.2,Fresher
employee_593,48,IT,83676,10,Bangalore,1004112,8367.6,92043.6,Mid-level
employee_594,50,Sales,71815,3,Pune,861780,7181.5,78996.5,Junior
employee_595,57,HR,113911,15,Delhi,1366932,11391.1,125302.1,Senior
employee_596,23,IT,51093,1,Chennai,613116,5109.3,56202.3,Fresher
employee_597,35,Sales,57525,13,Mumbai,690300,5752.5,63277.5,Senior
employee_598,41,Finance,54030,12,Hyderabad,648360,5403.0,59433.0,Senior
employee_599,57,Data,69067,4,Hyderabad,828804,6906.700000000001,75973.7,Junior
employee_600,32,Data,30207,10,Hyderabad,362484,3020.7000000000003,33227.7,Mid-level
employee_601,24,IT,101433,7,Chennai,1217196,10143.300000000001,111576.3,Mid-level
employee_602,29,HR,51639,11,Pune,619668,5163.900000000001,56802.9,Senior
employee_603,59,HR,27792,1,Pune,333504,2779.2000000000003,30571.2,Fresher
employee_604,48,Finance,25420,13,Bangalore,305040,2542.0,27962.0,Senior
employee_605,43,IT,119760,8,Delhi,1437120,11976.0,131736.0,Mid-level
employee_606,60,Data,44198,12,Bangalore,530376,4419.8,48617.8,Senior
employee_607,42,HR,60608,6,Pune,727296,6060.8,66668.8,Mid-level
employee_608,44,IT,71205,5,Hyderabad,854460,7120.5,78325.5,Junior
employee_609,46,HR,107951,7,Chennai,1295412,10795.1,118746.1,Mid-level
employee_610,50,Sales,42875,13,Pune,514500,4287.5,47162.5,Senior
employee_611,53,HR,95511,1,Chennai,1146132,9551.1,105062.1,Fresher
employee_612,36,Data,116997,13,Mumbai,1403964,11699.7,128696.7,Senior
employee_613,42,QA,46331,4,Hyderabad,555972,4633.1,50964.1,Junior
employee_614,38,Finance,41893,3,Mumbai,502716,4189.3,46082.3,Junior
employee_615,27,Finance,89913,7,Pune,1078956,8991.300000000001,98904.3,Mid-level
employee_616,46,Data,43243,12,Bangalore,518916,4324.3,47567.3,Senior
employee_617,28,HR,40535,0,Pune,486420,4053.5,44588.5,Fresher
employee_618,26,IT,88203,11,Mumbai,1058436,8820.300000000001,97023.3,Senior
employee_619,50,HR,95597,2,Chennai,1147164,9559.7,105156.7,Fresher
employee_620,59,Data,92394,9,Delhi,1108728,9239.4,101633.4,Mid-level
employee_621,43,Finance,50489,7,Delhi,605868,5048.900000000001,55537.9,Mid-level
employee_622,52,HR,104214,4,Pune,1250568,10421.400000000001,114635.4,Junior
employee_623,42,Finance,109886,3,Bangalore,1318632,10988.6,120874.6,Junior
employee_624,29,IT,38346,5,Mumbai,460152,3834.6000000000004,42180.6,Junior
employee_625,51,Finance,73005,11,Pune,876060,7300.5,80305.5,Senior
employee_626,27,Finance,31773,4,Mumbai,381276,3177.3,34950.3,Junior
employee_627,29,QA,100324,2,Mumbai,1203888,10032.400000000001,110356.4,Fresher
employee_628,33,QA,57343,12,Hyderabad,688116,5734.3,63077.3,Senior
employee_629,23,Sales,99783,10,Delhi,1197396,9978.300000000001,109761.3,Mid-level
employee_630,55,QA,70963,13,Delhi,851556,7096.3,78059.3,Senior
employee_631,53,Finance,66983,4,Chennai,803796,6698.3,73681.3,Junior
employee_632,41,Data,60972,3,Hyderabad,731664,6097.200000000001,67069.2,Junior
employee_633,51,Finance,41959,0,Delhi,503508,4195.900000000001,46154.9,Fresher
employee_634,54,Data,114343,0,Mumbai,1372116,11434.300000000001,125777.3,Fresher
employee_635,52,Data,59133,13,Bangalore,709596,5913.3,65046.3,Senior
employee_636,55,QA,114754,14,Bangalore,1377048,11475.400000000001,126229.4,Senior
employee_637,35,HR,76150,6,Hyderabad,913800,7615.0,83765.0,Mid-level
employee_638,52,IT,46734,3,Bangalore,560808,4673.400000000001,51407.4,Junior
employee_639,26,QA,113364,0,Mumbai,1360368,11336.400000000001,124700.4,Fresher
employee_640,41,QA,42400,5,Pune,508800,4240.0,46640.0,Junior
employee_641,53,HR,45002,10,Mumbai,540024,4500.2,49502.2,Mid-level
employee_642,52,IT,61492,11,Delhi,737904,6149.200000000001,67641.2,Senior
employee_643,39,Finance,118468,14,Pune,1421616,11846.800000000001,130314.8,Senior
employee_644,53,Sales,55875,15,Bangalore,670500,5587.5,61462.5,Senior
employee_645,48,Sales,50046,10,Chennai,600552,5004.6,55050.6,Mid-level
employee_646,51,Finance,48664,11,Chennai,583968,4866.400000000001,53530.4,Senior
employee_647,41,QA,49453,10,Mumbai,593436,4945.3,54398.3,Mid-level
employee_648,54,IT,29746,10,Mumbai,356952,2974.6000000000004,32720.6,Mid-level
employee_649,35,QA,114509,0,Bangalore,1374108,11450.900000000001,125959.9,Fresher
employee_650,34,Data,38217,7,Chennai,458604,3821.7000000000003,42038.7,Mid-level
employee_651,39,QA,88184,11,Chennai,1058208,8818.4,97002.4,Senior
employee_652,35,QA,113898,12,Mumbai,1366776,11389.800000000001,125287.8,Senior
employee_653,26,Finance,66835,8,Delhi,802020,6683.5,73518.5,Mid-level
employee_654,29,Finance,34133,10,Chennai,409596,3413.3,37546.3,Mid-level
employee_655,57,Finance,65533,2,Mumbai,786396,6553.3,72086.3,Fresher
employee_656,40,Sales,30404,6,Hyderabad,364848,3040.4,33444.4,Mid-level
employee_657,54,Data,58339,12,Chennai,700068,5833.900000000001,64172.9,Senior
employee_658,58,Finance,53725,14,Pune,644700,5372.5,59097.5,Senior
employee_659,46,IT,99332,4,Bangalore,1191984,9933.2,109265.2,Junior
employee_660,38,Sales,70380,2,Mumbai,844560,7038.0,77418.0,Fresher
employee_661,48,HR,73073,4,Chennai,876876,7307.3,80380.3,Junior
employee_662,29,IT,85873,15,Chennai,1030476,8587.300000000001,94460.3,Senior
employee_663,52,IT,111900,9,Delhi,1342800,11190.0,123090.0,Mid-level
employee_664,26,Finance,66341,6,Mumbai,796092,6634.1,72975.1,Mid-level
employee_665,34,HR,26236,6,Pune,314832,2623.6000000000004,28859.6,Mid-level
employee_666,48,HR,92916,8,Chennai,1114992,9291.6,102207.6,Mid-level
employee_667,44,Sales,39538,7,Hyderabad,474456,3953.8,43491.8,Mid-level
employee_668,33,HR,36971,3,Bangalore,443652,3697.1000000000004,40668.1,Junior
employee_669,32,Data,108453,14,Mumbai,1301436,10845.300000000001,119298.3,Senior
employee_670,39,Finance,63655,4,Chennai,763860,6365.5,70020.5,Junior
employee_671,41,HR,102022,4,Delhi,1224264,10202.2,112224.2,Junior
employee_672,47,Sales,85784,9,Delhi,1029408,8578.4,94362.4,Mid-level
employee_673,39,Data,86289,11,Bangalore,1035468,8628.9,94917.9,Senior
employee_674,44,QA,62410,1,Mumbai,748920,6241.0,68651.0,Fresher
employee_675,46,QA,115982,11,Mumbai,1391784,11598.2,127580.2,Senior
employee_676,48,Data,76302,6,Mumbai,915624,7630.200000000001,83932.2,Mid-level
employee_677,38,Sales,46703,6,Pune,560436,4670.3,51373.3,Mid-level
employee_678,56,Data,69191,8,Hyderabad,830292,6919.1,76110.1,Mid-level
employee_679,49,Finance,79112,12,Delhi,949344,7911.200000000001,87023.2,Senior
employee_680,37,Finance,36399,8,Mumbai,436788,3639.9,40038.9,Mid-level
employee_681,24,QA,37685,3,Pune,452220,3768.5,41453.5,Junior
employee_682,49,HR,112777,4,Mumbai,1353324,11277.7,124054.7,Junior
employee_683,24,Sales,29487,6,Mumbai,353844,2948.7000000000003,32435.7,Mid-level
employee_684,30,QA,37018,9,Pune,444216,3701.8,40719.8,Mid-level
employee_685,45,HR,55825,14,Hyderabad,669900,5582.5,61407.5,Senior
employee_686,51,HR,32750,6,Bangalore,393000,3275.0,36025.0,Mid-level
employee_687,23,Finance,83956,10,Delhi,1007472,8395.6,92351.6,Mid-level
employee_688,22,IT,75229,9,Chennai,902748,7522.900000000001,82751.9,Mid-level
employee_689,45,IT,108220,10,Mumbai,1298640,10822.0,119042.0,Mid-level
employee_690,26,Data,68118,7,Hyderabad,817416,6811.8,74929.8,Mid-level
employee_691,46,Finance,84615,7,Delhi,1015380,8461.5,93076.5,Mid-level
employee_692,28,HR,104946,1,Chennai,1259352,10494.6,115440.6,Fresher
employee_693,55,Sales,82290,11,Mumbai,987480,8229.0,90519.0,Senior
employee_694,47,IT,40105,8,Chennai,481260,4010.5,44115.5,Mid-level
employee_695,45,HR,43913,15,Pune,526956,4391.3,48304.3,Senior
employee_696,38,IT,74515,10,Delhi,894180,7451.5,81966.5,Mid-level
employee_697,21,IT,72342,3,Hyderabad,868104,7234.200000000001,79576.2,Junior
employee_698,59,IT,77184,0,Hyderabad,926208,7718.400000000001,84902.4,Fresher
employee_699,23,Sales,108247,0,Delhi,1298964,10824.7,119071.7,Fresher
employee_700,24,Finance,85506,4,Bangalore,1026072,8550.6,94056.6,Junior
employee_701,57,Sales,49967,6,Bangalore,599604,4996.700000000001,54963.7,Mid-level
employee_702,35,QA,61023,4,Chennai,732276,6102.3,67125.3,Junior
employee_703,28,HR,79288,14,Pune,951456,7928.8,87216.8,Senior
employee_704,58,Finance,51622,12,Chennai,619464,5162.200000000001,56784.2,Senior
employee_705,39,Finance,70201,2,Mumbai,842412,7020.1,77221.1,Fresher
employee_706,46,Finance,100033,10,Hyderabad,1200396,10003.300000000001,110036.3,Mid-level
employee_707,59,Finance,41350,6,Chennai,496200,4135.0,45485.0,Mid-level
employee_708,30,Sales,79820,15,Chennai,957840,7982.0,87802.0,Senior
employee_709,58,Finance,73709,0,Delhi,884508,7370.900000000001,81079.9,Fresher
employee_710,34,Data,113232,10,Hyderabad,1358784,11323.2,124555.2,Mid-level
employee_711,39,HR,52470,0,Hyderabad,629640,5247.0,57717.0,Fresher
employee_712,50,Finance,55889,11,Bangalore,670668,5588.900000000001,61477.9,Senior
employee_713,25,HR,35224,1,Bangalore,422688,3522.4,38746.4,Fresher
employee_714,51,Data,30465,0,Hyderabad,365580,3046.5,33511.5,Fresher
employee_715,27,Data,107418,8,Chennai,1289016,10741.800000000001,118159.8,Mid-level
employee_716,39,HR,118480,3,Mumbai,1421760,11848.0,130328.0,Junior
employee_717,51,IT,80214,6,Chennai,962568,8021.400000000001,88235.4,Mid-level
employee_718,59,QA,27944,4,Mumbai,335328,2794.4,30738.4,Junior
employee_719,44,IT,49336,13,Hyderabad,592032,4933.6,54269.6,Senior
employee_720,54,IT,63624,15,Delhi,763488,6362.400000000001,69986.4,Senior
employee_721,43,Sales,90206,6,Mumbai,1082472,9020.6,99226.6,Mid-level
employee_722,60,IT,69764,12,Bangalore,837168,6976.400000000001,76740.4,Senior
employee_723,26,Finance,119325,12,Delhi,1431900,11932.5,131257.5,Senior
employee_724,58,Sales,70420,15,Hyderabad,845040,7042.0,77462.0,Senior
employee_725,56,Sales,114758,14,Pune,1377096,11475.800000000001,126233.8,Senior
employee_726,47,Data,90671,6,Mumbai,1088052,9067.1,99738.1,Mid-level
employee_727,31,IT,40773,15,Mumbai,489276,4077.3,44850.3,Senior
employee_728,25,Data,51447,0,Delhi,617364,5144.700000000001,56591.7,Fresher
employee_729,37,HR,29033,0,Pune,348396,2903.3,31936.3,Fresher
employee_730,27,QA,80852,10,Pune,970224,8085.200000000001,88937.2,Mid-level
employee_731,47,Sales,45497,2,Hyderabad,545964,4549.7,50046.7,Fresher
employee_732,35,HR,104714,9,Delhi,1256568,10471.400000000001,115185.4,Mid-level
employee_733,33,HR,97082,1,Chennai,1164984,9708.2,106790.2,Fresher
employee_734,31,Finance,98932,13,Pune,1187184,9893.2,108825.2,Senior
employee_735,46,QA,45978,6,Mumbai,551736,4597.8,50575.8,Mid-level
employee_736,42,HR,37882,2,Pune,454584,3788.2000000000003,41670.2,Fresher
employee_737,48,HR,41945,6,Hyderabad,503340,4194.5,46139.5,Mid-level
employee_738,44,QA,112320,8,Hyderabad,1347840,11232.0,123552.0,Mid-level
employee_739,49,QA,81485,11,Mumbai,977820,8148.5,89633.5,Senior
employee_740,29,HR,93850,10,Mumbai,1126200,9385.0,103235.0,Mid-level
employee_741,24,QA,84870,0,Mumbai,1018440,8487.0,93357.0,Fresher
employee_742,38,HR,43595,14,Chennai,523140,4359.5,47954.5,Senior
employee_743,36,HR,109291,15,Mumbai,1311492,10929.1,120220.1,Senior
employee_744,53,Finance,89038,2,Delhi,1068456,8903.800000000001,97941.8,Fresher
employee_745,49,IT,81126,12,Hyderabad,973512,8112.6,89238.6,Senior
employee_746,59,HR,60449,10,Hyderabad,725388,6044.900000000001,66493.9,Mid-level
employee_747,30,Data,43639,14,Pune,523668,4363.900000000001,48002.9,Senior
employee_748,29,Sales,70370,14,Mumbai,844440,7037.0,77407.0,Senior
employee_749,51,IT,99628,5,Chennai,1195536,9962.800000000001,109590.8,Junior
employee_750,48,IT,96918,14,Delhi,1163016,9691.800000000001,106609.8,Senior
employee_751,23,IT,67710,12,Bangalore,812520,6771.0,74481.0,Senior
employee_752,34,Finance,79051,8,Pune,948612,7905.1,86956.1,Mid-level
employee_753,45,HR,85639,4,Delhi,1027668,8563.9,94202.9,Junior
employee_754,35,Finance,28159,2,Chennai,337908,2815.9,30974.9,Fresher
employee_755,22,HR,96192,7,Mumbai,1154304,9619.2,105811.2,Mid-level
employee_756,44,Finance,91988,12,Chennai,1103856,9198.800000000001,101186.8,Senior
employee_757,34,Finance,43706,13,Bangalore,524472,4370.6,48076.6,Senior
employee_758,27,Sales,34862,11,Delhi,418344,3486.2000000000003,38348.2,Senior
employee_759,56,Data,35219,4,Chennai,422628,3521.9,38740.9,Junior
employee_760,44,Finance,114017,14,Bangalore,1368204,11401.7,125418.7,Senior
employee_761,47,Sales,59536,5,Bangalore,714432,5953.6,65489.6,Junior
employee_762,57,QA,96632,12,Delhi,1159584,9663.2,106295.2,Senior
employee_763,58,Data,102391,1,Bangalore,1228692,10239.1,112630.1,Fresher
employee_764,50,Finance,87886,3,Delhi,1054632,8788.6,96674.6,Junior
employee_765,47,IT,104996,0,Chennai,1259952,10499.6,115495.6,Fresher
employee_766,59,QA,58937,14,Mumbai,707244,5893.700000000001,64830.7,Senior
employee_767,35,QA,46094,13,Hyderabad,553128,4609.400000000001,50703.4,Senior
employee_768,46,Sales,52924,12,Hyderabad,635088,5292.400000000001,58216.4,Senior
employee_769,21,QA,108325,15,Chennai,1299900,10832.5,119157.5,Senior
employee_770,24,Data,25123,3,Mumbai,301476,2512.3,27635.3,Junior
employee_771,49,Finance,78149,0,Hyderabad,937788,7814.900000000001,85963.9,Fresher
employee_772,21,Finance,96445,3,Bangalore,1157340,9644.5,106089.5,Junior
employee_773,42,IT,56854,13,Chennai,682248,5685.400000000001,62539.4,Senior
employee_774,31,Sales,85796,1,Chennai,1029552,8579.6,94375.6,Fresher
employee_775,30,IT,94432,5,Pune,1133184,9443.2,103875.2,Junior
employee_776,37,QA,83968,5,Pune,1007616,8396.800000000001,92364.8,Junior
employee_777,56,IT,65834,7,Pune,790008,6583.400000000001,72417.4,Mid-level
employee_778,46,Data,42111,8,Delhi,505332,4211.1,46322.1,Mid-level
employee_779,41,Finance,97575,15,Mumbai,1170900,9757.5,107332.5,Senior
employee_780,33,QA,49099,7,Chennai,589188,4909.900000000001,54008.9,Mid-level
employee_781,29,IT,94206,0,Pune,1130472,9420.6,103626.6,Fresher
employee_782,31,Sales,75293,12,Chennai,903516,7529.3,82822.3,Senior
employee_783,31,Data,40029,2,Bangalore,480348,4002.9,44031.9,Fresher
employee_784,26,Data,56811,5,Pune,681732,5681.1,62492.1,Junior
employee_785,21,IT,40793,0,Chennai,489516,4079.3,44872.3,Fresher
employee_786,26,Finance,73106,7,Mumbai,877272,7310.6,80416.6,Mid-level
employee_787,33,IT,110662,13,Delhi,1327944,11066.2,121728.2,Senior
employee_788,42,QA,109764,5,Mumbai,1317168,10976.400000000001,120740.4,Junior
employee_789,51,IT,109131,15,Mumbai,1309572,10913.1,120044.1,Senior
employee_790,42,Data,25972,0,Pune,311664,2597.2000000000003,28569.2,Fresher
employee_791,57,IT,25360,9,Mumbai,304320,2536.0,27896.0,Mid-level
employee_792,47,Finance,27632,1,Delhi,331584,2763.2000000000003,30395.2,Fresher
employee_793,34,Sales,60958,5,Hyderabad,731496,6095.8,67053.8,Junior
employee_794,25,HR,105882,9,Delhi,1270584,10588.2,116470.2,Mid-level
employee_795,56,IT,43008,13,Bangalore,516096,4300.8,47308.8,Senior
employee_796,52,Finance,102656,7,Delhi,1231872,10265.6,112921.6,Mid-level
employee_797,54,Finance,55283,4,Chennai,663396,5528.3,60811.3,Junior
employee_798,27,Sales,75908,0,Hyderabad,910896,7590.8,83498.8,Fresher
employee_799,30,Data,32818,13,Pune,393816,3281.8,36099.8,Senior
employee_800,37,Finance,95655,9,Chennai,1147860,9565.5,105220.5,Mid-level
employee_801,50,Finance,55579,1,Delhi,666948,5557.900000000001,61136.9,Fresher
employee_802,41,Finance,80178,3,Chennai,962136,8017.8,88195.8,Junior
employee_803,33,Finance,82584,3,Mumbai,991008,8258.4,90842.4,Junior
employee_804,21,QA,90020,6,Chennai,1080240,9002.0,99022.0,Mid-level
employee_805,21,QA,25975,1,Chennai,311700,2597.5,28572.5,Fresher
employee_806,53,Data,88479,6,Delhi,1061748,8847.9,97326.9,Mid-level
employee_807,58,IT,41265,6,Bangalore,495180,4126.5,45391.5,Mid-level
employee_808,45,Finance,88518,6,Delhi,1062216,8851.800000000001,97369.8,Mid-level
employee_809,46,Sales,29318,12,Pune,351816,2931.8,32249.8,Senior
employee_810,33,IT,60081,2,Hyderabad,720972,6008.1,66089.1,Fresher
employee_811,48,Sales,83649,5,Mumbai,1003788,8364.9,92013.9,Junior
employee_812,53,IT,68069,11,Bangalore,816828,6806.900000000001,74875.9,Senior
employee_813,57,Data,103670,5,Hyderabad,1244040,10367.0,114037.0,Junior
employee_814,50,Finance,101377,3,Hyderabad,1216524,10137.7,111514.7,Junior
employee_815,28,Finance,116671,0,Bangalore,1400052,11667.1,128338.1,Fresher
employee_816,21,HR,37427,8,Mumbai,449124,3742.7000000000003,41169.7,Mid-level
employee_817,32,Sales,65251,1,Pune,783012,6525.1,71776.1,Fresher
employee_818,25,IT,50165,8,Bangalore,601980,5016.5,55181.5,Mid-level
employee_819,44,IT,92285,7,Bangalore,1107420,9228.5,101513.5,Mid-level
employee_820,26,QA,89927,0,Bangalore,1079124,8992.7,98919.7,Fresher
employee_821,45,HR,98170,10,Mumbai,1178040,9817.0,107987.0,Mid-level
employee_822,21,QA,101150,6,Bangalore,1213800,10115.0,111265.0,Mid-level
employee_823,45,QA,49866,12,Bangalore,598392,4986.6,54852.6,Senior
employee_824,21,QA,35282,9,Chennai,423384,3528.2000000000003,38810.2,Mid-level
employee_825,52,Sales,45319,2,Chennai,543828,4531.900000000001,49850.9,Fresher
employee_826,23,Sales,61726,15,Chennai,740712,6172.6,67898.6,Senior
employee_827,39,Data,40412,9,Chennai,484944,4041.2000000000003,44453.2,Mid-level
employee_828,49,Data,98586,12,Bangalore,1183032,9858.6,108444.6,Senior
employee_829,22,QA,49583,9,Chennai,594996,4958.3,54541.3,Mid-level
employee_830,29,HR,108577,13,Hyderabad,1302924,10857.7,119434.7,Senior
employee_831,37,IT,86922,13,Pune,1043064,8692.2,95614.2,Senior
employee_832,56,Sales,31185,13,Chennai,374220,3118.5,34303.5,Senior
employee_833,37,HR,111348,8,Mumbai,1336176,11134.800000000001,122482.8,Mid-level
employee_834,32,Finance,116368,4,Pune,1396416,11636.800000000001,128004.8,Junior
employee_835,40,Sales,81389,10,Delhi,976668,8138.900000000001,89527.9,Mid-level
employee_836,23,Sales,42423,2,Delhi,509076,4242.3,46665.3,Fresher
employee_837,24,Data,76268,7,Hyderabad,915216,7626.8,83894.8,Mid-level
employee_838,37,IT,66644,11,Pune,799728,6664.400000000001,73308.4,Senior
employee_839,57,IT,61786,2,Pune,741432,6178.6,67964.6,Fresher
employee_840,35,Finance,100525,6,Hyderabad,1206300,10052.5,110577.5,Mid-level
employee_841,53,Finance,108744,13,Delhi,1304928,10874.400000000001,119618.4,Senior
employee_842,36,Sales,113590,6,Chennai,1363080,11359.0,124949.0,Mid-level
employee_843,31,QA,55477,15,Hyderabad,665724,5547.700000000001,61024.7,Senior
employee_844,40,Data,28571,6,Mumbai,342852,2857.1000000000004,31428.1,Mid-level
employee_845,58,Data,44576,13,Hyderabad,534912,4457.6,49033.6,Senior
employee_846,44,Sales,87703,11,Bangalore,1052436,8770.300000000001,96473.3,Senior
employee_847,36,HR,34680,0,Delhi,416160,3468.0,38148.0,Fresher
employee_848,50,QA,50706,10,Bangalore,608472,5070.6,55776.6,Mid-level
employee_849,54,Sales,104854,4,Delhi,1258248,10485.400000000001,115339.4,Junior
employee_850,21,QA,111195,11,Delhi,1334340,11119.5,122314.5,Senior
employee_851,44,QA,89527,10,Pune,1074324,8952.7,98479.7,Mid-level
employee_852,44,QA,95565,0,Chennai,1146780,9556.5,105121.5,Fresher
employee_853,29,Sales,73436,6,Chennai,881232,7343.6,80779.6,Mid-level
employee_854,42,Data,27774,12,Delhi,333288,2777.4,30551.4,Senior
employee_855,32,Data,41972,12,Delhi,503664,4197.2,46169.2,Senior
employee_856,37,QA,39048,7,Bangalore,468576,3904.8,42952.8,Mid-level
employee_857,45,HR,105225,6,Mumbai,1262700,10522.5,115747.5,Mid-level
employee_858,48,IT,107273,0,Hyderabad,1287276,10727.300000000001,118000.3,Fresher
employee_859,35,Sales,106550,2,Delhi,1278600,10655.0,117205.0,Fresher
employee_860,50,IT,112354,14,Delhi,1348248,11235.400000000001,123589.4,Senior
employee_861,47,HR,101680,9,Hyderabad,1220160,10168.0,111848.0,Mid-level
employee_862,42,Sales,82602,15,Hyderabad,991224,8260.2,90862.2,Senior
employee_863,30,QA,91403,2,Mumbai,1096836,9140.300000000001,100543.3,Fresher
employee_864,51,Data,52182,14,Mumbai,626184,5218.200000000001,57400.2,Senior
employee_865,47,IT,104876,6,Hyderabad,1258512,10487.6,115363.6,Mid-level
employee_866,32,Finance,102373,3,Delhi,1228476,10237.300000000001,112610.3,Junior
employee_867,51,Finance,72059,11,Delhi,864708,7205.900000000001,79264.9,Senior
employee_868,52,HR,33787,2,Hyderabad,405444,3378.7000000000003,37165.7,Fresher
employee_869,52,QA,25393,15,Delhi,304716,2539.3,27932.3,Senior
employee_870,55,IT,86775,5,Mumbai,1041300,8677.5,95452.5,Junior
employee_871,41,QA,84454,11,Hyderabad,1013448,8445.4,92899.4,Senior
employee_872,30,IT,37056,9,Mumbai,444672,3705.6000000000004,40761.6,Mid-level
employee_873,36,HR,86483,5,Delhi,1037796,8648.300000000001,95131.3,Junior
employee_874,27,HR,69957,9,Delhi,839484,6995.700000000001,76952.7,Mid-level
employee_875,24,Finance,53429,4,Pune,641148,5342.900000000001,58771.9,Junior
employee_876,47,QA,70909,11,Bangalore,850908,7090.900000000001,77999.9,Senior
employee_877,45,Sales,77906,14,Bangalore,934872,7790.6,85696.6,Senior
employee_878,51,Finance,111290,5,Mumbai,1335480,11129.0,122419.0,Junior
employee_879,31,QA,69389,2,Hyderabad,832668,6938.900000000001,76327.9,Fresher
employee_880,40,Finance,45905,13,Bangalore,550860,4590.5,50495.5,Senior
employee_881,56,Sales,114619,14,Delhi,1375428,11461.900000000001,126080.9,Senior
employee_882,37,Data,78730,12,Chennai,944760,7873.0,86603.0,Senior
employee_883,31,Data,82557,9,Hyderabad,990684,8255.7,90812.7,Mid-level
employee_884,50,Data,111113,4,Mumbai,1333356,11111.300000000001,122224.3,Junior
employee_885,55,Data,91199,8,Delhi,1094388,9119.9,100318.9,Mid-level
employee_886,58,IT,72301,3,Delhi,867612,7230.1,79531.1,Junior
employee_887,42,Data,109752,10,Chennai,1317024,10975.2,120727.2,Mid-level
employee_888,47,Sales,72259,1,Mumbai,867108,7225.900000000001,79484.9,Fresher
employee_889,57,HR,99801,4,Hyderabad,1197612,9980.1,109781.1,Junior
employee_890,55,HR,29574,2,Delhi,354888,2957.4,32531.4,Fresher
employee_891,24,IT,113291,11,Pune,1359492,11329.1,124620.1,Senior
employee_892,36,Data,81776,14,Delhi,981312,8177.6,89953.6,Senior
employee_893,36,Data,113212,2,Pune,1358544,11321.2,124533.2,Fresher
employee_894,41,Data,112097,3,Pune,1345164,11209.7,123306.7,Junior
employee_895,46,Finance,49737,11,Hyderabad,596844,4973.700000000001,54710.7,Senior
employee_896,56,QA,48390,3,Hyderabad,580680,4839.0,53229.0,Junior
employee_897,39,Finance,116612,4,Chennai,1399344,11661.2,128273.2,Junior
employee_898,37,QA,77330,6,Delhi,927960,7733.0,85063.0,Mid-level
employee_899,46,Data,96082,3,Hyderabad,1152984,9608.2,105690.2,Junior
employee_900,42,Data,78642,10,Hyderabad,943704,7864.200000000001,86506.2,Mid-level
employee_901,48,Finance,46280,6,Chennai,555360,4628.0,50908.0,Mid-level
employee_902,21,Finance,46037,8,Chennai,552444,4603.7,50640.7,Mid-level
employee_903,56,QA,65576,2,Delhi,786912,6557.6,72133.6,Fresher
employee_904,57,HR,53564,4,Mumbai,642768,5356.400000000001,58920.4,Junior
employee_905,22,QA,110439,3,Bangalore,1325268,11043.900000000001,121482.9,Junior
employee_906,37,Finance,114928,15,Delhi,1379136,11492.800000000001,126420.8,Senior
employee_907,60,Sales,53087,14,Bangalore,637044,5308.700000000001,58395.7,Senior
employee_908,58,Finance,112829,8,Mumbai,1353948,11282.900000000001,124111.9,Mid-level
employee_909,41,Sales,101213,4,Pune,1214556,10121.300000000001,111334.3,Junior
employee_910,29,IT,37803,9,Delhi,453636,3780.3,41583.3,Mid-level
employee_911,33,Finance,71002,1,Hyderabad,852024,7100.200000000001,78102.2,Fresher
employee_912,31,IT,91761,15,Chennai,1101132,9176.1,100937.1,Senior
employee_913,36,HR,96310,15,Delhi,1155720,9631.0,105941.0,Senior
employee_914,36,QA,103579,9,Chennai,1242948,10357.900000000001,113936.9,Mid-level
employee_915,22,Sales,41163,0,Pune,493956,4116.3,45279.3,Fresher
employee_916,28,QA,93380,6,Chennai,1120560,9338.0,102718.0,Mid-level
employee_917,33,IT,97883,10,Pune,1174596,9788.300000000001,107671.3,Mid-level
employee_918,37,Sales,76885,0,Mumbai,922620,7688.5,84573.5,Fresher
employee_919,59,QA,111340,7,Pune,1336080,11134.0,122474.0,Mid-level
employee_920,44,Finance,61764,14,Bangalore,741168,6176.400000000001,67940.4,Senior
employee_921,23,Data,117782,8,Delhi,1413384,11778.2,129560.2,Mid-level
employee_922,50,IT,87126,6,Pune,1045512,8712.6,95838.6,Mid-level
employee_923,33,QA,92224,8,Delhi,1106688,9222.4,101446.4,Mid-level
employee_924,39,IT,72055,9,Mumbai,864660,7205.5,79260.5,Mid-level
employee_925,27,IT,76599,5,Pune,919188,7659.900000000001,84258.9,Junior
employee_926,29,Sales,107787,14,Mumbai,1293444,10778.7,118565.7,Senior
employee_927,39,Sales,103040,14,Bangalore,1236480,10304.0,113344.0,Senior
employee_928,60,Data,64720,6,Hyderabad,776640,6472.0,71192.0,Mid-level
employee_929,42,Finance,118120,2,Mumbai,1417440,11812.0,129932.0,Fresher
employee_930,38,IT,69484,13,Hyderabad,833808,6948.400000000001,76432.4,Senior
employee_931,43,QA,63852,13,Mumbai,766224,6385.200000000001,70237.2,Senior
employee_932,22,HR,38219,8,Pune,458628,3821.9,42040.9,Mid-level
employee_933,31,IT,115351,2,Hyderabad,1384212,11535.1,126886.1,Fresher
employee_934,51,IT,73865,5,Mumbai,886380,7386.5,81251.5,Junior
employee_935,53,Data,79457,3,Delhi,953484,7945.700000000001,87402.7,Junior
employee_936,34,Finance,115159,8,Mumbai,1381908,11515.900000000001,126674.9,Mid-level
employee_937,36,HR,61817,0,Hyderabad,741804,6181.700000000001,67998.7,Fresher
employee_938,31,Sales,93993,8,Delhi,1127916,9399.300000000001,103392.3,Mid-level
employee_939,53,Sales,118391,11,Mumbai,1420692,11839.1,130230.1,Senior
employee_940,27,QA,77380,15,Hyderabad,928560,7738.0,85118.0,Senior
employee_941,51,HR,75400,3,Bangalore,904800,7540.0,82940.0,Junior
employee_942,34,Sales,61258,9,Chennai,735096,6125.8,67383.8,Mid-level
employee_943,48,QA,106006,15,Bangalore,1272072,10600.6,116606.6,Senior
employee_944,36,Finance,73957,4,Hyderabad,887484,7395.700000000001,81352.7,Junior
employee_945,39,QA,43281,10,Pune,519372,4328.1,47609.1,Mid-level
employee_946,37,Sales,102264,12,Pune,1227168,10226.400000000001,112490.4,Senior
employee_947,46,Data,76331,0,Chennai,915972,7633.1,83964.1,Fresher
employee_948,26,Data,70680,13,Hyderabad,848160,7068.0,77748.0,Senior
employee_949,29,Data,63723,0,Delhi,764676,6372.3,70095.3,Fresher
employee_950,37,Sales,35162,5,Mumbai,421944,3516.2000000000003,38678.2,Junior
employee_951,51,Data,119808,9,Bangalore,1437696,11980.800000000001,131788.8,Mid-level
employee_952,32,HR,76095,14,Delhi,913140,7609.5,83704.5,Senior
employee_953,43,Finance,36338,12,Bangalore,436056,3633.8,39971.8,Senior
employee_954,25,QA,112832,14,Chennai,1353984,11283.2,124115.2,Senior
employee_955,56,QA,36675,14,Chennai,440100,3667.5,40342.5,Senior
employee_956,56,Sales,114606,0,Chennai,1375272,11460.6,126066.6,Fresher
employee_957,23,Data,45080,12,Delhi,540960,4508.0,49588.0,Senior
employee_958,44,Data,38936,15,Delhi,467232,3893.6000000000004,42829.6,Senior
employee_959,37,IT,35019,15,Chennai,420228,3501.9,38520.9,Senior
employee_960,59,Finance,92282,1,Delhi,1107384,9228.2,101510.2,Fresher
employee_961,46,HR,74681,12,Chennai,896172,7468.1,82149.1,Senior
employee_962,24,QA,113304,13,Delhi,1359648,11330.400000000001,124634.4,Senior
employee_963,32,IT,98861,2,Chennai,1186332,9886.1,108747.1,Fresher
employee_964,21,IT,29486,6,Mumbai,353832,2948.6000000000004,32434.6,Mid-level
employee_965,41,Sales,107021,15,Mumbai,1284252,10702.1,117723.1,Senior
employee_966,39,QA,104864,1,Bangalore,1258368,10486.400000000001,115350.4,Fresher
employee_967,41,Sales,44112,4,Bangalore,529344,4411.2,48523.2,Junior
employee_968,38,HR,76697,8,Chennai,920364,7669.700000000001,84366.7,Mid-level
employee_969,23,IT,80998,11,Bangalore,971976,8099.8,89097.8,Senior
employee_970,52,IT,51576,11,Delhi,618912,5157.6,56733.6,Senior
employee_971,30,Finance,75100,9,Chennai,901200,7510.0,82610.0,Mid-level
employee_972,60,HR,106238,7,Mumbai,1274856,10623.800000000001,116861.8,Mid-level
employee_973,35,IT,46320,11,Pune,555840,4632.0,50952.0,Senior
employee_974,25,HR,108973,7,Mumbai,1307676,10897.300000000001,119870.3,Mid-level
employee_975,24,QA,90729,10,Hyderabad,1088748,9072.9,99801.9,Mid-level
employee_976,48,Data,115853,1,Mumbai,1390236,11585.300000000001,127438.3,Fresher
employee_977,24,IT,119018,0,Hyderabad,1428216,11901.800000000001,130919.8,Fresher
employee_978,35,Finance,109879,8,Bangalore,1318548,10987.900000000001,120866.9,Mid-level
employee_979,37,QA,54144,9,Mumbai,649728,5414.400000000001,59558.4,Mid-level
employee_980,23,HR,82326,11,Pune,987912,8232.6,90558.6,Senior
employee_981,30,Sales,102148,3,Delhi,1225776,10214.800000000001,112362.8,Junior
employee_982,43,QA,44307,8,Mumbai,531684,4430.7,48737.7,Mid-level
employee_983,38,IT,85598,10,Delhi,1027176,8559.800000000001,94157.8,Mid-level
employee_984,21,HR,44623,13,Mumbai,535476,4462.3,49085.3,Senior
employee_985,55,Data,45249,11,Mumbai,542988,4524.900000000001,49773.9,Senior
employee_986,51,QA,98765,10,Delhi,1185180,9876.5,108641.5,Mid-level
employee_987,21,IT,116810,6,Delhi,1401720,11681.0,128491.0,Mid-level
employee_988,23,Finance,97131,11,Chennai,1165572,9713.1,106844.1,Senior
employee_989,23,Sales,119138,5,Mumbai,1429656,11913.800000000001,131051.8,Junior
employee_990,57,HR,63377,9,Mumbai,760524,6337.700000000001,69714.7,Mid-level
employee_991,39,QA,77365,12,Pune,928380,7736.5,85101.5,Senior
employee_992,49,QA,59551,8,Delhi,714612,5955.1,65506.1,Mid-level
employee_993,45,Data,67926,9,Delhi,815112,6792.6,74718.6,Mid-level
employee_994,53,Data,115214,3,Hyderabad,1382568,11521.400000000001,126735.4,Junior
employee_995,56,Finance,112750,13,Hyderabad,1353000,11275.0,124025.0,Senior
employee_996,49,Sales,63599,0,Delhi,763188,6359.900000000001,69958.9,Fresher
employee_997,46,Finance,118330,4,Pune,1419960,11833.0,130163.0,Junior
employee_998,24,IT,47593,12,Bangalore,571116,4759.3,52352.3,Senior
employee_999,34,IT,85334,5,Mumbai,1024008,8533.4,93867.4,Junior
employee_1000,47,Finance,119400,5,Bangalore,1432800,11940.0,131340.0,Junior
employee_1001,53,Sales,84893,11,Pune,1018716,8489.300000000001,93382.3,Senior
employee_1002,42,Finance,67636,0,Bangalore,811632,6763.6,74399.6,Fresher
employee_1003,23,Sales,94225,14,Hyderabad,1130700,9422.5,103647.5,Senior
employee_1004,43,Sales,65363,6,Chennai,784356,6536.3,71899.3,Mid-level
employee_1005,41,HR,80959,7,Bangalore,971508,8095.900000000001,89054.9,Mid-level
employee_1006,43,Sales,105223,11,Chennai,1262676,10522.300000000001,115745.3,Senior
employee_1007,24,Data,110917,4,Bangalore,1331004,11091.7,122008.7,Junior
employee_1008,41,Sales,114125,1,Pune,1369500,11412.5,125537.5,Fresher
employee_1009,57,Sales,26120,1,Chennai,313440,2612.0,28732.0,Fresher
employee_1010,51,Sales,41491,10,Bangalore,497892,4149.1,45640.1,Mid-level
employee_1011,41,IT,68638,4,Pune,823656,6863.8,75501.8,Junior
employee_1012,46,Data,64062,6,Delhi,768744,6406.200000000001,70468.2,Mid-level
employee_1013,55,Data,30193,6,Hyderabad,362316,3019.3,33212.3,Mid-level
employee_1014,58,Finance,114144,12,Mumbai,1369728,11414.400000000001,125558.4,Senior
employee_1015,44,HR,40213,3,Pune,482556,4021.3,44234.3,Junior
employee_1016,31,Sales,104766,10,Pune,1257192,10476.6,115242.6,Mid-level
employee_1017,49,QA,108959,15,Hyderabad,1307508,10895.900000000001,119854.9,Senior
employee_1018,23,HR,42187,13,Chennai,506244,4218.7,46405.7,Senior
employee_1019,21,HR,35040,2,Bangalore,420480,3504.0,38544.0,Fresher
employee_1020,39,Data,91302,8,Chennai,1095624,9130.2,100432.2,Mid-level
employee_1021,42,HR,54949,11,Pune,659388,5494.900000000001,60443.9,Senior
employee_1022,34,Sales,28527,13,Delhi,342324,2852.7000000000003,31379.7,Senior
employee_1023,34,Sales,101557,13,Bangalore,1218684,10155.7,111712.7,Senior
employee_1024,36,IT,108408,6,Mumbai,1300896,10840.800000000001,119248.8,Mid-level
employee_1025,53,Sales,102294,1,Mumbai,1227528,10229.400000000001,112523.4,Fresher
employee_1026,33,Sales,43757,0,Bangalore,525084,4375.7,48132.7,Fresher
employee_1027,58,Data,50412,10,Pune,604944,5041.200000000001,55453.2,Mid-level
employee_1028,32,Sales,39312,1,Delhi,471744,3931.2000000000003,43243.2,Fresher
employee_1029,58,IT,47119,12,Hyderabad,565428,4711.900000000001,51830.9,Senior
employee_1030,59,QA,36804,11,Delhi,441648,3680.4,40484.4,Senior
employee_1031,53,Data,78986,15,Chennai,947832,7898.6,86884.6,Senior
employee_1032,53,QA,71545,2,Delhi,858540,7154.5,78699.5,Fresher
employee_1033,49,Data,101519,4,Delhi,1218228,10151.900000000001,111670.9,Junior
employee_1034,25,Finance,54999,13,Chennai,659988,5499.900000000001,60498.9,Senior
employee_1035,26,HR,64758,14,Hyderabad,777096,6475.8,71233.8,Senior
employee_1036,51,Finance,119324,2,Hyderabad,1431888,11932.400000000001,131256.4,Fresher
employee_1037,36,Sales,94519,9,Mumbai,1134228,9451.9,103970.9,Mid-level
employee_1038,51,QA,28768,8,Hyderabad,345216,2876.8,31644.8,Mid-level
employee_1039,45,Sales,26504,9,Bangalore,318048,2650.4,29154.4,Mid-level
employee_1040,53,HR,92986,3,Mumbai,1115832,9298.6,102284.6,Junior
employee_1041,33,Data,101772,6,Pune,1221264,10177.2,111949.2,Mid-level
employee_1042,30,HR,33002,3,Mumbai,396024,3300.2000000000003,36302.2,Junior
employee_1043,44,IT,100427,2,Delhi,1205124,10042.7,110469.7,Fresher
employee_1044,30,HR,63787,9,Delhi,765444,6378.700000000001,70165.7,Mid-level
employee_1045,51,IT,38898,0,Mumbai,466776,3889.8,42787.8,Fresher
employee_1046,33,HR,35472,13,Chennai,425664,3547.2000000000003,39019.2,Senior
employee_1047,23,IT,105800,11,Hyderabad,1269600,10580.0,116380.0,Senior
employee_1048,54,QA,108227,8,Delhi,1298724,10822.7,119049.7,Mid-level
employee_1049,48,Sales,57632,12,Delhi,691584,5763.200000000001,63395.2,Senior
employee_1050,39,Sales,58743,10,Bangalore,704916,5874.3,64617.3,Mid-level
employee_1051,43,Finance,103538,0,Hyderabad,1242456,10353.800000000001,113891.8,Fresher
employee_1052,52,Sales,68386,10,Delhi,820632,6838.6,75224.6,Mid-level
employee_1053,33,Data,118786,12,Chennai,1425432,11878.6,130664.6,Senior
employee_1054,53,HR,68388,0,Delhi,820656,6838.8,75226.8,Fresher
employee_1055,54,Finance,46323,14,Hyderabad,555876,4632.3,50955.3,Senior
employee_1056,53,Data,94269,0,Bangalore,1131228,9426.9,103695.9,Fresher
employee_1057,25,Data,66319,13,Hyderabad,795828,6631.900000000001,72950.9,Senior
employee_1058,23,IT,92759,4,Chennai,1113108,9275.9,102034.9,Junior
employee_1059,27,Sales,41868,15,Bangalore,502416,4186.8,46054.8,Senior
employee_1060,44,QA,27080,6,Hyderabad,324960,2708.0,29788.0,Mid-level
employee_1061,42,QA,38776,6,Chennai,465312,3877.6000000000004,42653.6,Mid-level
employee_1062,43,Finance,91231,9,Chennai,1094772,9123.1,100354.1,Mid-level
employee_1063,50,QA,80452,15,Mumbai,965424,8045.200000000001,88497.2,Senior
employee_1064,38,HR,78812,0,Delhi,945744,7881.200000000001,86693.2,Fresher
employee_1065,52,QA,88271,5,Bangalore,1059252,8827.1,97098.1,Junior
employee_1066,27,Finance,102585,8,Bangalore,1231020,10258.5,112843.5,Mid-level
employee_1067,53,QA,83542,5,Delhi,1002504,8354.2,91896.2,Junior
employee_1068,25,HR,40628,14,Hyderabad,487536,4062.8,44690.8,Senior
employee_1069,48,IT,33265,3,Mumbai,399180,3326.5,36591.5,Junior
employee_1070,28,Finance,49671,14,Bangalore,596052,4967.1,54638.1,Senior
employee_1071,35,IT,37460,9,Chennai,449520,3746.0,41206.0,Mid-level
employee_1072,24,IT,28477,8,Bangalore,341724,2847.7000000000003,31324.7,Mid-level
employee_1073,54,IT,27202,15,Mumbai,326424,2720.2000000000003,29922.2,Senior
employee_1074,25,Data,114410,12,Delhi,1372920,11441.0,125851.0,Senior
employee_1075,53,Sales,36850,2,Pune,442200,3685.0,40535.0,Fresher
employee_1076,25,Data,45809,12,Delhi,549708,4580.900000000001,50389.9,Senior
employee_1077,58,Sales,95886,9,Chennai,1150632,9588.6,105474.6,Mid-level
employee_1078,54,IT,27806,3,Bangalore,333672,2780.6000000000004,30586.6,Junior
employee_1079,46,Finance,32163,3,Delhi,385956,3216.3,35379.3,Junior
employee_1080,21,Sales,119368,3,Chennai,1432416,11936.800000000001,131304.8,Junior
employee_1081,24,HR,25185,5,Hyderabad,302220,2518.5,27703.5,Junior
employee_1082,59,HR,49718,12,Chennai,596616,4971.8,54689.8,Senior
employee_1083,46,QA,102081,15,Bangalore,1224972,10208.1,112289.1,Senior
employee_1084,53,Sales,81202,10,Hyderabad,974424,8120.200000000001,89322.2,Mid-level
employee_1085,53,Finance,50215,14,Hyderabad,602580,5021.5,55236.5,Senior
employee_1086,28,Data,53325,14,Hyderabad,639900,5332.5,58657.5,Senior
employee_1087,40,IT,43458,10,Pune,521496,4345.8,47803.8,Mid-level
employee_1088,36,QA,41006,6,Pune,492072,4100.6,45106.6,Mid-level
employee_1089,41,HR,119080,13,Hyderabad,1428960,11908.0,130988.0,Senior
employee_1090,46,Data,57969,8,Delhi,695628,5796.900000000001,63765.9,Mid-level
employee_1091,43,Data,101820,13,Delhi,1221840,10182.0,112002.0,Senior
employee_1092,38,IT,52655,10,Delhi,631860,5265.5,57920.5,Mid-level
employee_1093,51,Sales,119679,2,Bangalore,1436148,11967.900000000001,131646.9,Fresher
employee_1094,32,HR,106234,7,Hyderabad,1274808,10623.400000000001,116857.4,Mid-level
employee_1095,21,Finance,34102,7,Delhi,409224,3410.2000000000003,37512.2,Mid-level
employee_1096,29,Data,92107,0,Hyderabad,1105284,9210.7,101317.7,Fresher
employee_1097,23,IT,46553,4,Chennai,558636,4655.3,51208.3,Junior
employee_1098,46,Finance,109079,12,Delhi,1308948,10907.900000000001,119986.9,Senior
employee_1099,29,Sales,119437,9,Chennai,1433244,11943.7,131380.7,Mid-level
employee_1100,36,HR,104570,15,Chennai,1254840,10457.0,115027.0,Senior
employee_1101,44,Sales,117656,4,Delhi,1411872,11765.6,129421.6,Junior
employee_1102,34,Data,91865,11,Mumbai,1102380,9186.5,101051.5,Senior
employee_1103,23,Finance,66420,7,Chennai,797040,6642.0,73062.0,Mid-level
employee_1104,54,Finance,50382,7,Delhi,604584,5038.200000000001,55420.2,Mid-level
employee_1105,53,Finance,94235,11,Chennai,1130820,9423.5,103658.5,Senior
employee_1106,44,Data,63795,15,Bangalore,765540,6379.5,70174.5,Senior
employee_1107,29,Data,76425,15,Pune,917100,7642.5,84067.5,Senior
employee_1108,33,Sales,82402,1,Pune,988824,8240.2,90642.2,Fresher
employee_1109,22,QA,87539,2,Pune,1050468,8753.9,96292.9,Fresher
employee_1110,27,Sales,101203,15,Mumbai,1214436,10120.300000000001,111323.3,Senior
employee_1111,41,HR,48459,1,Hyderabad,581508,4845.900000000001,53304.9,Fresher
employee_1112,39,IT,74649,0,Chennai,895788,7464.900000000001,82113.9,Fresher
employee_1113,45,Finance,97495,1,Bangalore,1169940,9749.5,107244.5,Fresher
employee_1114,42,QA,71384,9,Mumbai,856608,7138.400000000001,78522.4,Mid-level
employee_1115,31,IT,96746,5,Pune,1160952,9674.6,106420.6,Junior
employee_1116,53,QA,103053,11,Mumbai,1236636,10305.300000000001,113358.3,Senior
employee_1117,52,Sales,81278,0,Bangalore,975336,8127.8,89405.8,Fresher
employee_1118,41,Data,103156,5,Delhi,1237872,10315.6,113471.6,Junior
employee_1119,59,Finance,61744,0,Mumbai,740928,6174.400000000001,67918.4,Fresher
employee_1120,40,Sales,113340,1,Pune,1360080,11334.0,124674.0,Fresher
employee_1121,28,IT,55568,7,Hyderabad,666816,5556.8,61124.8,Mid-level
employee_1122,57,IT,42991,13,Pune,515892,4299.1,47290.1,Senior
employee_1123,29,IT,33912,5,Pune,406944,3391.2000000000003,37303.2,Junior
employee_1124,45,IT,57527,8,Pune,690324,5752.700000000001,63279.7,Mid-level
employee_1125,45,IT,75426,0,Mumbai,905112,7542.6,82968.6,Fresher
employee_1126,53,QA,45407,4,Bangalore,544884,4540.7,49947.7,Junior
employee_1127,22,Sales,37344,6,Pune,448128,3734.4,41078.4,Mid-level
employee_1128,39,Finance,27355,8,Delhi,328260,2735.5,30090.5,Mid-level
employee_1129,40,Data,79733,13,Mumbai,956796,7973.3,87706.3,Senior
employee_1130,49,Data,91285,10,Bangalore,1095420,9128.5,100413.5,Mid-level
employee_1131,26,Sales,109971,8,Hyderabad,1319652,10997.1,120968.1,Mid-level
employee_1132,37,Sales,70733,3,Pune,848796,7073.3,77806.3,Junior
employee_1133,45,Data,81915,12,Chennai,982980,8191.5,90106.5,Senior
employee_1134,58,Data,77716,3,Mumbai,932592,7771.6,85487.6,Junior
employee_1135,24,QA,63526,14,Delhi,762312,6352.6,69878.6,Senior
employee_1136,50,HR,43088,3,Hyderabad,517056,4308.8,47396.8,Junior
employee_1137,40,Finance,90377,2,Hyderabad,1084524,9037.7,99414.7,Fresher
employee_1138,23,IT,69405,7,Hyderabad,832860,6940.5,76345.5,Mid-level
employee_1139,43,HR,63842,4,Mumbai,766104,6384.200000000001,70226.2,Junior
employee_1140,38,Sales,86788,6,Bangalore,1041456,8678.800000000001,95466.8,Mid-level
employee_1141,46,Data,76529,9,Chennai,918348,7652.900000000001,84181.9,Mid-level
employee_1142,56,HR,114939,5,Delhi,1379268,11493.900000000001,126432.9,Junior
employee_1143,28,Finance,77383,13,Bangalore,928596,7738.3,85121.3,Senior
employee_1144,37,Sales,64177,8,Pune,770124,6417.700000000001,70594.7,Mid-level
employee_1145,51,IT,64056,13,Chennai,768672,6405.6,70461.6,Senior
employee_1146,57,IT,113249,2,Bangalore,1358988,11324.900000000001,124573.9,Fresher
employee_1147,53,Finance,91421,5,Pune,1097052,9142.1,100563.1,Junior
employee_1148,47,Finance,58632,2,Chennai,703584,5863.200000000001,64495.2,Fresher
employee_1149,24,Data,64685,1,Mumbai,776220,6468.5,71153.5,Fresher
employee_1150,42,IT,102222,15,Delhi,1226664,10222.2,112444.2,Senior
employee_1151,46,Sales,93590,2,Delhi,1123080,9359.0,102949.0,Fresher
employee_1152,52,HR,33977,1,Pune,407724,3397.7000000000003,37374.7,Fresher
employee_1153,44,Sales,115568,1,Bangalore,1386816,11556.800000000001,127124.8,Fresher
employee_1154,55,QA,73967,9,Chennai,887604,7396.700000000001,81363.7,Mid-level
employee_1155,57,QA,99072,10,Pune,1188864,9907.2,108979.2,Mid-level
employee_1156,52,Finance,40070,6,Pune,480840,4007.0,44077.0,Mid-level
employee_1157,27,Data,107473,9,Mumbai,1289676,10747.300000000001,118220.3,Mid-level
employee_1158,53,QA,46500,15,Pune,558000,4650.0,51150.0,Senior
employee_1159,51,IT,35011,14,Chennai,420132,3501.1000000000004,38512.1,Senior
employee_1160,32,Sales,73039,2,Hyderabad,876468,7303.900000000001,80342.9,Fresher
employee_1161,31,Sales,33896,7,Chennai,406752,3389.6000000000004,37285.6,Mid-level
employee_1162,44,Finance,105118,12,Chennai,1261416,10511.800000000001,115629.8,Senior
employee_1163,28,HR,64958,15,Mumbai,779496,6495.8,71453.8,Senior
employee_1164,52,Finance,66912,1,Mumbai,802944,6691.200000000001,73603.2,Fresher
employee_1165,58,HR,25814,10,Delhi,309768,2581.4,28395.4,Mid-level
employee_1166,42,Finance,100276,10,Delhi,1203312,10027.6,110303.6,Mid-level
employee_1167,54,Finance,49719,6,Pune,596628,4971.900000000001,54690.9,Mid-level
employee_1168,39,Finance,45150,2,Delhi,541800,4515.0,49665.0,Fresher
employee_1169,40,HR,95494,8,Mumbai,1145928,9549.4,105043.4,Mid-level
employee_1170,34,HR,28825,6,Pune,345900,2882.5,31707.5,Mid-level
employee_1171,53,Finance,75368,14,Hyderabad,904416,7536.8,82904.8,Senior
employee_1172,30,QA,39800,8,Bangalore,477600,3980.0,43780.0,Mid-level
employee_1173,36,Data,100535,1,Mumbai,1206420,10053.5,110588.5,Fresher
employee_1174,24,Data,111390,5,Mumbai,1336680,11139.0,122529.0,Junior
employee_1175,47,Data,117851,4,Hyderabad,1414212,11785.1,129636.1,Junior
employee_1176,48,HR,100017,13,Mumbai,1200204,10001.7,110018.7,Senior
employee_1177,36,HR,73505,1,Delhi,882060,7350.5,80855.5,Fresher
employee_1178,53,QA,82899,3,Delhi,994788,8289.9,91188.9,Junior
employee_1179,39,Data,107782,3,Delhi,1293384,10778.2,118560.2,Junior
employee_1180,41,Data,47601,7,Hyderabad,571212,4760.1,52361.1,Mid-level
employee_1181,42,Finance,35677,12,Pune,428124,3567.7000000000003,39244.7,Senior
employee_1182,29,HR,54552,6,Mumbai,654624,5455.200000000001,60007.2,Mid-level
employee_1183,29,Data,112858,12,Mumbai,1354296,11285.800000000001,124143.8,Senior
employee_1184,29,Sales,92891,4,Delhi,1114692,9289.1,102180.1,Junior
employee_1185,47,QA,99693,8,Pune,1196316,9969.300000000001,109662.3,Mid-level
employee_1186,37,Sales,116450,0,Mumbai,1397400,11645.0,128095.0,Fresher
employee_1187,28,Sales,58292,3,Chennai,699504,5829.200000000001,64121.2,Junior
employee_1188,36,QA,91097,4,Hyderabad,1093164,9109.7,100206.7,Junior
employee_1189,38,Sales,98703,7,Bangalore,1184436,9870.300000000001,108573.3,Mid-level
employee_1190,53,Data,41184,2,Chennai,494208,4118.400000000001,45302.4,Fresher
employee_1191,21,HR,115033,13,Bangalore,1380396,11503.300000000001,126536.3,Senior
employee_1192,32,QA,114336,11,Chennai,1372032,11433.6,125769.6,Senior
employee_1193,26,Finance,86046,4,Chennai,1032552,8604.6,94650.6,Junior
employee_1194,25,Sales,91741,2,Chennai,1100892,9174.1,100915.1,Fresher
employee_1195,36,QA,86377,12,Hyderabad,1036524,8637.7,95014.7,Senior
employee_1196,38,IT,37039,6,Bangalore,444468,3703.9,40742.9,Mid-level
employee_1197,38,IT,70161,9,Pune,841932,7016.1,77177.1,Mid-level
employee_1198,21,HR,60006,2,Pune,720072,6000.6,66006.6,Fresher
employee_1199,39,Data,42544,6,Delhi,510528,4254.400000000001,46798.4,Mid-level
employee_1200,28,HR,37987,13,Mumbai,455844,3798.7000000000003,41785.7,Senior
employee_1201,23,HR,30239,1,Hyderabad,362868,3023.9,33262.9,Fresher
employee_1202,45,HR,69785,6,Delhi,837420,6978.5,76763.5,Mid-level
employee_1203,25,HR,48358,8,Delhi,580296,4835.8,53193.8,Mid-level
employee_1204,60,Finance,107674,11,Hyderabad,1292088,10767.400000000001,118441.4,Senior
employee_1205,39,Finance,81450,4,Hyderabad,977400,8145.0,89595.0,Junior
employee_1206,38,QA,113520,11,Chennai,1362240,11352.0,124872.0,Senior
employee_1207,51,IT,53428,5,Hyderabad,641136,5342.8,58770.8,Junior
employee_1208,53,HR,34096,12,Pune,409152,3409.6000000000004,37505.6,Senior
employee_1209,38,QA,72582,9,Hyderabad,870984,7258.200000000001,79840.2,Mid-level
employee_1210,59,IT,49536,10,Chennai,594432,4953.6,54489.6,Mid-level
employee_1211,36,Sales,82395,2,Bangalore,988740,8239.5,90634.5,Fresher
employee_1212,36,Data,93157,12,Delhi,1117884,9315.7,102472.7,Senior
employee_1213,58,Finance,94484,9,Hyderabad,1133808,9448.4,103932.4,Mid-level
employee_1214,27,Sales,26287,4,Delhi,315444,2628.7000000000003,28915.7,Junior
employee_1215,34,IT,79510,12,Bangalore,954120,7951.0,87461.0,Senior
employee_1216,45,Sales,48902,15,Mumbai,586824,4890.2,53792.2,Senior
employee_1217,52,Data,81188,14,Chennai,974256,8118.8,89306.8,Senior
employee_1218,58,IT,46164,4,Delhi,553968,4616.400000000001,50780.4,Junior
employee_1219,42,Sales,106204,2,Hyderabad,1274448,10620.400000000001,116824.4,Fresher
employee_1220,36,Finance,26772,7,Mumbai,321264,2677.2000000000003,29449.2,Mid-level
employee_1221,49,Finance,78054,5,Mumbai,936648,7805.400000000001,85859.4,Junior
employee_1222,36,QA,79878,12,Bangalore,958536,7987.8,87865.8,Senior
employee_1223,32,Sales,57238,2,Delhi,686856,5723.8,62961.8,Fresher
employee_1224,37,HR,83293,0,Delhi,999516,8329.300000000001,91622.3,Fresher
employee_1225,57,Sales,106298,9,Pune,1275576,10629.800000000001,116927.8,Mid-level
employee_1226,47,IT,32213,0,Pune,386556,3221.3,35434.3,Fresher
employee_1227,45,IT,39941,12,Pune,479292,3994.1000000000004,43935.1,Senior
employee_1228,33,Sales,40964,10,Delhi,491568,4096.400000000001,45060.4,Mid-level
employee_1229,28,Data,51855,9,Delhi,622260,5185.5,57040.5,Mid-level
employee_1230,25,Finance,83769,11,Pune,1005228,8376.9,92145.9,Senior
employee_1231,32,IT,108504,1,Chennai,1302048,10850.400000000001,119354.4,Fresher
employee_1232,23,Finance,26046,9,Hyderabad,312552,2604.6000000000004,28650.6,Mid-level
employee_1233,55,IT,39909,15,Hyderabad,478908,3990.9,43899.9,Senior
employee_1234,53,QA,104114,4,Chennai,1249368,10411.400000000001,114525.4,Junior
employee_1235,42,HR,48368,6,Bangalore,580416,4836.8,53204.8,Mid-level
employee_1236,29,IT,119135,0,Hyderabad,1429620,11913.5,131048.5,Fresher
employee_1237,38,Finance,96255,0,Delhi,1155060,9625.5,105880.5,Fresher
employee_1238,49,QA,106496,15,Mumbai,1277952,10649.6,117145.6,Senior
employee_1239,59,IT,114142,3,Delhi,1369704,11414.2,125556.2,Junior
employee_1240,47,Data,40624,12,Hyderabad,487488,4062.4,44686.4,Senior
employee_1241,56,HR,35352,9,Chennai,424224,3535.2000000000003,38887.2,Mid-level
employee_1242,37,IT,105539,14,Bangalore,1266468,10553.900000000001,116092.9,Senior
employee_1243,54,QA,34223,5,Hyderabad,410676,3422.3,37645.3,Junior
employee_1244,23,Data,103254,8,Chennai,1239048,10325.400000000001,113579.4,Mid-level
employee_1245,25,Sales,91851,0,Mumbai,1102212,9185.1,101036.1,Fresher
employee_1246,34,QA,75044,10,Pune,900528,7504.400000000001,82548.4,Mid-level
employee_1247,23,QA,112089,9,Mumbai,1345068,11208.900000000001,123297.9,Mid-level
employee_1248,43,Data,115218,4,Mumbai,1382616,11521.800000000001,126739.8,Junior
employee_1249,59,QA,110000,8,Bangalore,1320000,11000.0,121000.0,Mid-level
employee_1250,50,Data,56419,7,Hyderabad,677028,5641.900000000001,62060.9,Mid-level
employee_1251,43,IT,38767,6,Pune,465204,3876.7000000000003,42643.7,Mid-level
employee_1252,47,Data,97002,15,Chennai,1164024,9700.2,106702.2,Senior
employee_1253,30,Data,56028,15,Pune,672336,5602.8,61630.8,Senior
employee_1254,45,HR,72953,15,Hyderabad,875436,7295.3,80248.3,Senior
employee_1255,33,Data,82965,12,Bangalore,995580,8296.5,91261.5,Senior
employee_1256,36,Data,94776,9,Hyderabad,1137312,9477.6,104253.6,Mid-level
employee_1257,54,Sales,56459,15,Chennai,677508,5645.900000000001,62104.9,Senior
employee_1258,57,IT,115932,1,Pune,1391184,11593.2,127525.2,Fresher
employee_1259,42,HR,107331,8,Mumbai,1287972,10733.1,118064.1,Mid-level
employee_1260,37,Sales,49689,11,Hyderabad,596268,4968.900000000001,54657.9,Senior
employee_1261,43,Finance,105446,12,Delhi,1265352,10544.6,115990.6,Senior
employee_1262,56,IT,92982,15,Bangalore,1115784,9298.2,102280.2,Senior
employee_1263,29,IT,28346,7,Bangalore,340152,2834.6000000000004,31180.6,Mid-level
employee_1264,22,Finance,70179,12,Pune,842148,7017.900000000001,77196.9,Senior
employee_1265,52,Data,65517,10,Mumbai,786204,6551.700000000001,72068.7,Mid-level
employee_1266,42,Sales,94678,14,Chennai,1136136,9467.800000000001,104145.8,Senior
employee_1267,33,QA,106606,9,Mumbai,1279272,10660.6,117266.6,Mid-level
employee_1268,28,HR,97623,9,Pune,1171476,9762.300000000001,107385.3,Mid-level
employee_1269,21,QA,114288,8,Mumbai,1371456,11428.800000000001,125716.8,Mid-level
employee_1270,37,Finance,106171,8,Pune,1274052,10617.1,116788.1,Mid-level
employee_1271,32,IT,83916,8,Mumbai,1006992,8391.6,92307.6,Mid-level
employee_1272,24,IT,112754,2,Hyderabad,1353048,11275.400000000001,124029.4,Fresher
employee_1273,33,HR,73575,6,Bangalore,882900,7357.5,80932.5,Mid-level
employee_1274,51,IT,70039,15,Pune,840468,7003.900000000001,77042.9,Senior
employee_1275,27,IT,74955,11,Pune,899460,7495.5,82450.5,Senior
employee_1276,43,HR,105260,0,Bangalore,1263120,10526.0,115786.0,Fresher
employee_1277,44,Sales,80871,8,Delhi,970452,8087.1,88958.1,Mid-level
employee_1278,25,Sales,85678,13,Delhi,1028136,8567.800000000001,94245.8,Senior
employee_1279,25,HR,56351,14,Chennai,676212,5635.1,61986.1,Senior
employee_1280,37,Finance,85693,8,Pune,1028316,8569.300000000001,94262.3,Mid-level
employee_1281,50,IT,56433,2,Hyderabad,677196,5643.3,62076.3,Fresher
employee_1282,29,IT,99797,4,Mumbai,1197564,9979.7,109776.7,Junior
employee_1283,26,Finance,104015,11,Hyderabad,1248180,10401.5,114416.5,Senior
employee_1284,45,Sales,40804,12,Pune,489648,4080.4,44884.4,Senior
employee_1285,39,Data,117781,7,Chennai,1413372,11778.1,129559.1,Mid-level
employee_1286,36,Data,70101,5,Pune,841212,7010.1,77111.1,Junior
employee_1287,41,Data,85115,9,Chennai,1021380,8511.5,93626.5,Mid-level
employee_1288,22,Sales,103363,9,Bangalore,1240356,10336.300000000001,113699.3,Mid-level
employee_1289,30,Sales,69700,8,Mumbai,836400,6970.0,76670.0,Mid-level
employee_1290,36,Finance,102576,13,Hyderabad,1230912,10257.6,112833.6,Senior
employee_1291,57,IT,44477,12,Chennai,533724,4447.7,48924.7,Senior
employee_1292,35,Finance,41127,2,Hyderabad,493524,4112.7,45239.7,Fresher
employee_1293,33,Finance,111718,11,Bangalore,1340616,11171.800000000001,122889.8,Senior
employee_1294,33,Sales,51049,6,Pune,612588,5104.900000000001,56153.9,Mid-level
employee_1295,52,Data,115063,12,Chennai,1380756,11506.300000000001,126569.3,Senior
employee_1296,28,QA,37473,5,Mumbai,449676,3747.3,41220.3,Junior
employee_1297,38,IT,107245,15,Chennai,1286940,10724.5,117969.5,Senior
employee_1298,56,Sales,86836,13,Delhi,1042032,8683.6,95519.6,Senior
employee_1299,46,Data,67464,14,Pune,809568,6746.400000000001,74210.4,Senior
employee_1300,30,QA,38714,4,Pune,464568,3871.4,42585.4,Junior
employee_1301,51,QA,85878,15,Mumbai,1030536,8587.800000000001,94465.8,Senior
employee_1302,53,Sales,59208,3,Mumbai,710496,5920.8,65128.8,Junior
employee_1303,49,HR,112104,4,Bangalore,1345248,11210.400000000001,123314.4,Junior
employee_1304,25,IT,99683,12,Hyderabad,1196196,9968.300000000001,109651.3,Senior
employee_1305,33,QA,106803,3,Chennai,1281636,10680.300000000001,117483.3,Junior
employee_1306,21,Sales,66514,2,Bangalore,798168,6651.400000000001,73165.4,Fresher
employee_1307,43,Sales,30136,6,Hyderabad,361632,3013.6000000000004,33149.6,Mid-level
employee_1308,60,Data,56516,5,Bangalore,678192,5651.6,62167.6,Junior
employee_1309,23,HR,101982,3,Delhi,1223784,10198.2,112180.2,Junior
employee_1310,23,IT,88878,8,Mumbai,1066536,8887.800000000001,97765.8,Mid-level
employee_1311,27,Finance,70099,0,Mumbai,841188,7009.900000000001,77108.9,Fresher
employee_1312,56,Data,115060,0,Pune,1380720,11506.0,126566.0,Fresher
employee_1313,55,QA,38188,8,Chennai,458256,3818.8,42006.8,Mid-level
employee_1314,35,QA,76188,15,Chennai,914256,7618.8,83806.8,Senior
employee_1315,60,Data,30560,6,Chennai,366720,3056.0,33616.0,Mid-level
employee_1316,23,Sales,61397,1,Bangalore,736764,6139.700000000001,67536.7,Fresher
employee_1317,49,QA,102193,10,Bangalore,1226316,10219.300000000001,112412.3,Mid-level
employee_1318,50,HR,63082,9,Chennai,756984,6308.200000000001,69390.2,Mid-level
employee_1319,59,IT,109376,4,Pune,1312512,10937.6,120313.6,Junior
employee_1320,38,HR,66430,12,Hyderabad,797160,6643.0,73073.0,Senior
employee_1321,31,QA,75522,3,Delhi,906264,7552.200000000001,83074.2,Junior
employee_1322,58,Finance,65397,0,Bangalore,784764,6539.700000000001,71936.7,Fresher
employee_1323,60,IT,101860,15,Chennai,1222320,10186.0,112046.0,Senior
employee_1324,21,IT,50247,15,Mumbai,602964,5024.700000000001,55271.7,Senior
employee_1325,49,Data,108094,11,Bangalore,1297128,10809.400000000001,118903.4,Senior
employee_1326,30,Data,44943,12,Hyderabad,539316,4494.3,49437.3,Senior
employee_1327,48,Finance,64460,8,Bangalore,773520,6446.0,70906.0,Mid-level
employee_1328,51,Sales,66986,14,Hyderabad,803832,6698.6,73684.6,Senior
employee_1329,39,IT,69514,5,Hyderabad,834168,6951.400000000001,76465.4,Junior
employee_1330,23,Finance,105908,10,Bangalore,1270896,10590.800000000001,116498.8,Mid-level
employee_1331,56,Data,77385,12,Hyderabad,928620,7738.5,85123.5,Senior
employee_1332,35,Data,37631,13,Bangalore,451572,3763.1000000000004,41394.1,Senior
employee_1333,53,IT,92008,11,Bangalore,1104096,9200.800000000001,101208.8,Senior
employee_1334,46,HR,51955,5,Pune,623460,5195.5,57150.5,Junior
employee_1335,36,QA,72367,3,Mumbai,868404,7236.700000000001,79603.7,Junior
employee_1336,56,Data,55802,12,Delhi,669624,5580.200000000001,61382.2,Senior
employee_1337,53,Sales,95408,1,Hyderabad,1144896,9540.800000000001,104948.8,Fresher
employee_1338,40,Sales,118083,7,Bangalore,1416996,11808.300000000001,129891.3,Mid-level
employee_1339,33,Data,68341,14,Hyderabad,820092,6834.1,75175.1,Senior
employee_1340,53,HR,38691,14,Bangalore,464292,3869.1000000000004,42560.1,Senior
employee_1341,25,HR,29753,7,Delhi,357036,2975.3,32728.3,Mid-level
employee_1342,57,Finance,26833,2,Bangalore,321996,2683.3,29516.3,Fresher
employee_1343,34,Sales,33645,6,Bangalore,403740,3364.5,37009.5,Mid-level
employee_1344,47,Finance,65024,13,Mumbai,780288,6502.400000000001,71526.4,Senior
employee_1345,43,Sales,105598,6,Hyderabad,1267176,10559.800000000001,116157.8,Mid-level
employee_1346,34,QA,34635,13,Mumbai,415620,3463.5,38098.5,Senior
employee_1347,60,QA,45064,4,Mumbai,540768,4506.400000000001,49570.4,Junior
employee_1348,24,IT,34940,14,Mumbai,419280,3494.0,38434.0,Senior
employee_1349,59,Finance,60169,4,Mumbai,722028,6016.900000000001,66185.9,Junior
employee_1350,39,Data,103647,14,Pune,1243764,10364.7,114011.7,Senior
employee_1351,24,Finance,70200,7,Hyderabad,842400,7020.0,77220.0,Mid-level
employee_1352,50,Data,81329,3,Hyderabad,975948,8132.900000000001,89461.9,Junior
employee_1353,39,HR,76158,0,Bangalore,913896,7615.8,83773.8,Fresher
employee_1354,51,Finance,54739,0,Hyderabad,656868,5473.900000000001,60212.9,Fresher
employee_1355,51,HR,42793,8,Delhi,513516,4279.3,47072.3,Mid-level
employee_1356,29,QA,108682,3,Mumbai,1304184,10868.2,119550.2,Junior
employee_1357,33,QA,58677,0,Chennai,704124,5867.700000000001,64544.7,Fresher
employee_1358,34,IT,91296,15,Hyderabad,1095552,9129.6,100425.6,Senior
employee_1359,30,Finance,48022,12,Chennai,576264,4802.2,52824.2,Senior
employee_1360,51,HR,96148,1,Delhi,1153776,9614.800000000001,105762.8,Fresher
employee_1361,57,Data,52265,9,Pune,627180,5226.5,57491.5,Mid-level
employee_1362,43,QA,25530,6,Bangalore,306360,2553.0,28083.0,Mid-level
employee_1363,47,QA,34551,1,Bangalore,414612,3455.1000000000004,38006.1,Fresher
employee_1364,26,Data,53394,0,Bangalore,640728,5339.400000000001,58733.4,Fresher
employee_1365,46,HR,67987,9,Pune,815844,6798.700000000001,74785.7,Mid-level
employee_1366,22,HR,73984,13,Mumbai,887808,7398.400000000001,81382.4,Senior
employee_1367,33,Finance,93096,8,Chennai,1117152,9309.6,102405.6,Mid-level
employee_1368,39,Finance,109097,13,Hyderabad,1309164,10909.7,120006.7,Senior
employee_1369,21,Sales,95639,4,Mumbai,1147668,9563.9,105202.9,Junior
employee_1370,60,Sales,49090,13,Bangalore,589080,4909.0,53999.0,Senior
employee_1371,52,IT,108457,12,Bangalore,1301484,10845.7,119302.7,Senior
employee_1372,42,QA,27781,3,Mumbai,333372,2778.1000000000004,30559.1,Junior
employee_1373,49,Finance,42330,3,Chennai,507960,4233.0,46563.0,Junior
employee_1374,22,HR,30257,14,Mumbai,363084,3025.7000000000003,33282.7,Senior
employee_1375,60,Data,83642,13,Pune,1003704,8364.2,92006.2,Senior
employee_1376,58,HR,79249,10,Bangalore,950988,7924.900000000001,87173.9,Mid-level
employee_1377,31,QA,76663,12,Chennai,919956,7666.3,84329.3,Senior
employee_1378,37,Sales,59956,15,Hyderabad,719472,5995.6,65951.6,Senior
employee_1379,28,HR,40615,0,Bangalore,487380,4061.5,44676.5,Fresher
employee_1380,42,IT,25881,2,Mumbai,310572,2588.1000000000004,28469.1,Fresher
employee_1381,24,QA,26847,12,Chennai,322164,2684.7000000000003,29531.7,Senior
employee_1382,31,Sales,76127,0,Bangalore,913524,7612.700000000001,83739.7,Fresher
employee_1383,28,Data,112646,4,Hyderabad,1351752,11264.6,123910.6,Junior
employee_1384,29,Sales,62336,4,Hyderabad,748032,6233.6,68569.6,Junior
employee_1385,46,IT,106850,15,Delhi,1282200,10685.0,117535.0,Senior
employee_1386,22,QA,64931,8,Mumbai,779172,6493.1,71424.1,Mid-level
employee_1387,36,Data,68924,12,Pune,827088,6892.400000000001,75816.4,Senior
employee_1388,51,IT,47966,7,Mumbai,575592,4796.6,52762.6,Mid-level
employee_1389,26,Sales,69023,4,Chennai,828276,6902.3,75925.3,Junior
employee_1390,41,IT,36320,4,Mumbai,435840,3632.0,39952.0,Junior
employee_1391,46,QA,82841,6,Chennai,994092,8284.1,91125.1,Mid-level
employee_1392,39,Finance,90125,11,Delhi,1081500,9012.5,99137.5,Senior
employee_1393,48,IT,92752,1,Delhi,1113024,9275.2,102027.2,Fresher
employee_1394,28,IT,116100,12,Delhi,1393200,11610.0,127710.0,Senior
employee_1395,34,Sales,114937,6,Pune,1379244,11493.7,126430.7,Mid-level
employee_1396,44,Sales,86858,15,Delhi,1042296,8685.800000000001,95543.8,Senior
employee_1397,57,Data,83714,0,Mumbai,1004568,8371.4,92085.4,Fresher
employee_1398,46,Sales,36780,13,Hyderabad,441360,3678.0,40458.0,Senior
employee_1399,51,HR,101230,4,Chennai,1214760,10123.0,111353.0,Junior
employee_1400,52,QA,95345,14,Chennai,1144140,9534.5,104879.5,Senior
employee_1401,22,QA,107098,11,Hyderabad,1285176,10709.800000000001,117807.8,Senior
employee_1402,45,Finance,26929,14,Mumbai,323148,2692.9,29621.9,Senior
employee_1403,22,Finance,39244,11,Pune,470928,3924.4,43168.4,Senior
employee_1404,21,QA,36116,5,Bangalore,433392,3611.6000000000004,39727.6,Junior
employee_1405,56,Finance,112954,12,Mumbai,1355448,11295.400000000001,124249.4,Senior
employee_1406,32,Data,106243,10,Delhi,1274916,10624.300000000001,116867.3,Mid-level
employee_1407,29,Sales,108301,13,Mumbai,1299612,10830.1,119131.1,Senior
employee_1408,56,QA,60895,9,Chennai,730740,6089.5,66984.5,Mid-level
employee_1409,48,Finance,103636,0,Chennai,1243632,10363.6,113999.6,Fresher
employee_1410,58,QA,48867,14,Pune,586404,4886.7,53753.7,Senior
employee_1411,53,HR,26208,8,Delhi,314496,2620.8,28828.8,Mid-level
employee_1412,42,IT,69085,8,Pune,829020,6908.5,75993.5,Mid-level
employee_1413,45,Sales,90572,15,Pune,1086864,9057.2,99629.2,Senior
employee_1414,38,QA,90234,15,Hyderabad,1082808,9023.4,99257.4,Senior
employee_1415,26,IT,108748,0,Bangalore,1304976,10874.800000000001,119622.8,Fresher
employee_1416,38,Finance,36252,3,Bangalore,435024,3625.2000000000003,39877.2,Junior
employee_1417,36,IT,110261,14,Delhi,1323132,11026.1,121287.1,Senior
employee_1418,35,Sales,32006,7,Pune,384072,3200.6000000000004,35206.6,Mid-level
employee_1419,28,QA,114595,1,Chennai,1375140,11459.5,126054.5,Fresher
employee_1420,33,HR,95883,12,Bangalore,1150596,9588.300000000001,105471.3,Senior
employee_1421,27,Finance,57171,12,Mumbai,686052,5717.1,62888.1,Senior
employee_1422,37,QA,53517,10,Hyderabad,642204,5351.700000000001,58868.7,Mid-level
employee_1423,52,Sales,49274,12,Chennai,591288,4927.400000000001,54201.4,Senior
employee_1424,42,Finance,58577,7,Hyderabad,702924,5857.700000000001,64434.7,Mid-level
employee_1425,33,Data,52648,9,Mumbai,631776,5264.8,57912.8,Mid-level
employee_1426,43,IT,94654,12,Bangalore,1135848,9465.4,104119.4,Senior
employee_1427,49,Sales,42910,11,Hyderabad,514920,4291.0,47201.0,Senior
employee_1428,42,Data,103619,13,Delhi,1243428,10361.900000000001,113980.9,Senior
employee_1429,21,QA,74647,12,Hyderabad,895764,7464.700000000001,82111.7,Senior
employee_1430,49,HR,103723,8,Hyderabad,1244676,10372.300000000001,114095.3,Mid-level
employee_1431,25,Finance,25424,8,Mumbai,305088,2542.4,27966.4,Mid-level
employee_1432,55,IT,76899,13,Chennai,922788,7689.900000000001,84588.9,Senior
employee_1433,30,Finance,51641,0,Chennai,619692,5164.1,56805.1,Fresher
employee_1434,39,QA,59750,8,Mumbai,717000,5975.0,65725.0,Mid-level
employee_1435,57,Finance,106454,3,Hyderabad,1277448,10645.400000000001,117099.4,Junior
employee_1436,27,IT,48154,11,Hyderabad,577848,4815.400000000001,52969.4,Senior
employee_1437,55,QA,73166,11,Pune,877992,7316.6,80482.6,Senior
employee_1438,33,Finance,36992,7,Delhi,443904,3699.2000000000003,40691.2,Mid-level
employee_1439,30,HR,59001,12,Bangalore,708012,5900.1,64901.1,Senior
employee_1440,22,Sales,39546,13,Bangalore,474552,3954.6000000000004,43500.6,Senior
employee_1441,26,QA,66524,8,Chennai,798288,6652.400000000001,73176.4,Mid-level
employee_1442,28,Sales,93555,2,Mumbai,1122660,9355.5,102910.5,Fresher
employee_1443,56,QA,26304,5,Hyderabad,315648,2630.4,28934.4,Junior
employee_1444,45,HR,74284,2,Delhi,891408,7428.400000000001,81712.4,Fresher
employee_1445,60,Sales,107368,0,Bangalore,1288416,10736.800000000001,118104.8,Fresher
employee_1446,27,Data,113327,9,Mumbai,1359924,11332.7,124659.7,Mid-level
employee_1447,43,IT,35022,5,Mumbai,420264,3502.2000000000003,38524.2,Junior
employee_1448,39,Data,100886,15,Hyderabad,1210632,10088.6,110974.6,Senior
employee_1449,42,Finance,102354,4,Delhi,1228248,10235.400000000001,112589.4,Junior
employee_1450,33,HR,58617,2,Mumbai,703404,5861.700000000001,64478.7,Fresher
employee_1451,41,Data,94498,13,Bangalore,1133976,9449.800000000001,103947.8,Senior
employee_1452,21,QA,83824,13,Pune,1005888,8382.4,92206.4,Senior
employee_1453,39,Finance,95390,3,Bangalore,1144680,9539.0,104929.0,Junior
employee_1454,53,Finance,59307,1,Delhi,711684,5930.700000000001,65237.7,Fresher
employee_1455,24,Data,93480,11,Pune,1121760,9348.0,102828.0,Senior
employee_1456,23,Data,47327,9,Mumbai,567924,4732.7,52059.7,Mid-level
employee_1457,47,HR,28244,9,Bangalore,338928,2824.4,31068.4,Mid-level
employee_1458,55,IT,47720,12,Hyderabad,572640,4772.0,52492.0,Senior
employee_1459,48,Data,50090,13,Delhi,601080,5009.0,55099.0,Senior
employee_1460,26,Data,89277,3,Mumbai,1071324,8927.7,98204.7,Junior
employee_1461,26,Sales,73536,15,Hyderabad,882432,7353.6,80889.6,Senior
employee_1462,43,QA,32855,3,Pune,394260,3285.5,36140.5,Junior
employee_1463,53,Sales,26601,2,Chennai,319212,2660.1000000000004,29261.1,Fresher
employee_1464,36,Sales,56952,5,Chennai,683424,5695.200000000001,62647.2,Junior
employee_1465,44,Finance,75374,0,Pune,904488,7537.400000000001,82911.4,Fresher
employee_1466,25,IT,30690,8,Chennai,368280,3069.0,33759.0,Mid-level
employee_1467,33,QA,37521,10,Delhi,450252,3752.1000000000004,41273.1,Mid-level
employee_1468,32,HR,101019,9,Mumbai,1212228,10101.900000000001,111120.9,Mid-level
employee_1469,25,HR,33058,15,Mumbai,396696,3305.8,36363.8,Senior
employee_1470,57,Data,38704,2,Delhi,464448,3870.4,42574.4,Fresher
employee_1471,51,Data,83933,2,Bangalore,1007196,8393.300000000001,92326.3,Fresher
employee_1472,48,HR,96101,11,Mumbai,1153212,9610.1,105711.1,Senior
employee_1473,48,Data,68856,2,Chennai,826272,6885.6,75741.6,Fresher
employee_1474,50,IT,62256,6,Delhi,747072,6225.6,68481.6,Mid-level
employee_1475,38,Sales,82352,7,Hyderabad,988224,8235.2,90587.2,Mid-level
employee_1476,47,Data,55615,1,Bangalore,667380,5561.5,61176.5,Fresher
employee_1477,55,Finance,26927,0,Hyderabad,323124,2692.7000000000003,29619.7,Fresher
employee_1478,46,Data,40512,4,Chennai,486144,4051.2000000000003,44563.2,Junior
employee_1479,59,QA,33301,15,Hyderabad,399612,3330.1000000000004,36631.1,Senior
employee_1480,38,IT,111849,7,Chennai,1342188,11184.900000000001,123033.9,Mid-level
employee_1481,53,QA,98993,13,Mumbai,1187916,9899.300000000001,108892.3,Senior
employee_1482,45,QA,96028,2,Bangalore,1152336,9602.800000000001,105630.8,Fresher
employee_1483,51,Finance,93759,5,Pune,1125108,9375.9,103134.9,Junior
employee_1484,57,IT,113047,2,Chennai,1356564,11304.7,124351.7,Fresher
employee_1485,22,IT,111991,14,Delhi,1343892,11199.1,123190.1,Senior
employee_1486,53,IT,88058,5,Delhi,1056696,8805.800000000001,96863.8,Junior
employee_1487,59,IT,89926,11,Mumbai,1079112,8992.6,98918.6,Senior
employee_1488,52,IT,48434,3,Delhi,581208,4843.400000000001,53277.4,Junior
employee_1489,38,Finance,55341,13,Hyderabad,664092,5534.1,60875.1,Senior
employee_1490,37,Data,40007,10,Mumbai,480084,4000.7000000000003,44007.7,Mid-level
employee_1491,54,QA,51799,14,Delhi,621588,5179.900000000001,56978.9,Senior
employee_1492,59,IT,80820,6,Hyderabad,969840,8082.0,88902.0,Mid-level
employee_1493,27,Data,40674,10,Hyderabad,488088,4067.4,44741.4,Mid-level
employee_1494,55,Data,40426,9,Hyderabad,485112,4042.6000000000004,44468.6,Mid-level
employee_1495,50,QA,97631,0,Delhi,1171572,9763.1,107394.1,Fresher
employee_1496,32,Finance,69791,15,Hyderabad,837492,6979.1,76770.1,Senior
employee_1497,55,HR,114640,15,Bangalore,1375680,11464.0,126104.0,Senior
employee_1498,31,HR,28255,0,Delhi,339060,2825.5,31080.5,Fresher
employee_1499,24,Data,58826,14,Hyderabad,705912,5882.6,64708.6,Senior
employee_1500,45,Sales,113568,4,Bangalore,1362816,11356.800000000001,124924.8,Junior
employee_1501,52,Sales,29944,8,Pune,359328,2994.4,32938.4,Mid-level
employee_1502,40,QA,62826,4,Bangalore,753912,6282.6,69108.6,Junior
employee_1503,51,HR,55497,3,Delhi,665964,5549.700000000001,61046.7,Junior
employee_1504,24,Data,52723,7,Delhi,632676,5272.3,57995.3,Mid-level
employee_1505,58,Finance,60287,12,Hyderabad,723444,6028.700000000001,66315.7,Senior
employee_1506,21,HR,36845,4,Delhi,442140,3684.5,40529.5,Junior
employee_1507,23,Data,114833,0,Pune,1377996,11483.300000000001,126316.3,Fresher
employee_1508,57,Data,93106,6,Mumbai,1117272,9310.6,102416.6,Mid-level
employee_1509,42,IT,118039,10,Bangalore,1416468,11803.900000000001,129842.9,Mid-level
employee_1510,37,Finance,97986,14,Mumbai,1175832,9798.6,107784.6,Senior
employee_1511,34,IT,110807,3,Pune,1329684,11080.7,121887.7,Junior
employee_1512,55,QA,80569,9,Bangalore,966828,8056.900000000001,88625.9,Mid-level
employee_1513,33,IT,106434,4,Hyderabad,1277208,10643.400000000001,117077.4,Junior
employee_1514,55,IT,104925,12,Bangalore,1259100,10492.5,115417.5,Senior
employee_1515,22,HR,50463,5,Hyderabad,605556,5046.3,55509.3,Junior
employee_1516,33,Sales,25744,12,Chennai,308928,2574.4,28318.4,Senior
employee_1517,36,Data,113340,6,Bangalore,1360080,11334.0,124674.0,Mid-level
employee_1518,38,Finance,61282,10,Bangalore,735384,6128.200000000001,67410.2,Mid-level
employee_1519,27,IT,77082,1,Mumbai,924984,7708.200000000001,84790.2,Fresher
employee_1520,56,Finance,79689,14,Mumbai,956268,7968.900000000001,87657.9,Senior
employee_1521,50,Sales,101407,13,Pune,1216884,10140.7,111547.7,Senior
employee_1522,27,Sales,104072,14,Hyderabad,1248864,10407.2,114479.2,Senior
employee_1523,35,IT,113633,0,Delhi,1363596,11363.300000000001,124996.3,Fresher
employee_1524,60,QA,89766,11,Mumbai,1077192,8976.6,98742.6,Senior
employee_1525,39,IT,90711,2,Pune,1088532,9071.1,99782.1,Fresher
employee_1526,57,HR,28217,9,Hyderabad,338604,2821.7000000000003,31038.7,Mid-level
employee_1527,22,Data,105642,11,Hyderabad,1267704,10564.2,116206.2,Senior
employee_1528,33,QA,55359,0,Hyderabad,664308,5535.900000000001,60894.9,Fresher
employee_1529,60,IT,78509,3,Chennai,942108,7850.900000000001,86359.9,Junior
employee_1530,51,Finance,86970,5,Hyderabad,1043640,8697.0,95667.0,Junior
employee_1531,36,QA,47357,4,Pune,568284,4735.7,52092.7,Junior
employee_1532,26,QA,67354,12,Hyderabad,808248,6735.400000000001,74089.4,Senior
employee_1533,48,IT,63570,10,Delhi,762840,6357.0,69927.0,Mid-level
employee_1534,52,QA,32034,3,Delhi,384408,3203.4,35237.4,Junior
employee_1535,30,Finance,41263,6,Hyderabad,495156,4126.3,45389.3,Mid-level
employee_1536,38,Sales,67180,12,Pune,806160,6718.0,73898.0,Senior
employee_1537,24,QA,75099,10,Bangalore,901188,7509.900000000001,82608.9,Mid-level
employee_1538,29,Sales,99312,10,Hyderabad,1191744,9931.2,109243.2,Mid-level
employee_1539,27,Finance,100348,5,Pune,1204176,10034.800000000001,110382.8,Junior
employee_1540,28,IT,110275,2,Mumbai,1323300,11027.5,121302.5,Fresher
employee_1541,27,Data,51925,8,Pune,623100,5192.5,57117.5,Mid-level
employee_1542,60,QA,44575,14,Chennai,534900,4457.5,49032.5,Senior
employee_1543,23,Data,47231,4,Mumbai,566772,4723.1,51954.1,Junior
employee_1544,37,Finance,101935,12,Delhi,1223220,10193.5,112128.5,Senior
employee_1545,22,QA,72731,9,Delhi,872772,7273.1,80004.1,Mid-level
employee_1546,35,Sales,48100,0,Bangalore,577200,4810.0,52910.0,Fresher
employee_1547,49,HR,35768,12,Bangalore,429216,3576.8,39344.8,Senior
employee_1548,42,Data,84337,5,Pune,1012044,8433.7,92770.7,Junior
employee_1549,24,QA,75697,4,Pune,908364,7569.700000000001,83266.7,Junior
employee_1550,26,Data,36357,9,Hyderabad,436284,3635.7000000000003,39992.7,Mid-level
employee_1551,58,QA,91973,7,Hyderabad,1103676,9197.300000000001,101170.3,Mid-level
employee_1552,46,IT,49946,3,Delhi,599352,4994.6,54940.6,Junior
employee_1553,31,Sales,111424,11,Chennai,1337088,11142.400000000001,122566.4,Senior
employee_1554,46,Data,96038,0,Hyderabad,1152456,9603.800000000001,105641.8,Fresher
employee_1555,37,HR,80149,10,Delhi,961788,8014.900000000001,88163.9,Mid-level
employee_1556,44,HR,30566,1,Pune,366792,3056.6000000000004,33622.6,Fresher
employee_1557,48,Finance,66576,7,Pune,798912,6657.6,73233.6,Mid-level
employee_1558,55,QA,78318,9,Hyderabad,939816,7831.8,86149.8,Mid-level
employee_1559,51,Data,94550,7,Chennai,1134600,9455.0,104005.0,Mid-level
employee_1560,33,Finance,76408,15,Delhi,916896,7640.8,84048.8,Senior
employee_1561,55,Data,78506,12,Pune,942072,7850.6,86356.6,Senior
employee_1562,36,QA,104149,13,Delhi,1249788,10414.900000000001,114563.9,Senior
employee_1563,35,HR,65167,4,Chennai,782004,6516.700000000001,71683.7,Junior
employee_1564,38,IT,58699,5,Pune,704388,5869.900000000001,64568.9,Junior
employee_1565,57,HR,74545,1,Delhi,894540,7454.5,81999.5,Fresher
employee_1566,47,Finance,77429,10,Chennai,929148,7742.900000000001,85171.9,Mid-level
employee_1567,55,Sales,112350,11,Chennai,1348200,11235.0,123585.0,Senior
employee_1568,55,IT,48386,8,Chennai,580632,4838.6,53224.6,Mid-level
employee_1569,48,Finance,84273,14,Hyderabad,1011276,8427.300000000001,92700.3,Senior
employee_1570,59,QA,66585,5,Bangalore,799020,6658.5,73243.5,Junior
employee_1571,58,IT,32509,11,Delhi,390108,3250.9,35759.9,Senior
employee_1572,29,Finance,112852,8,Chennai,1354224,11285.2,124137.2,Mid-level
employee_1573,32,QA,101607,10,Delhi,1219284,10160.7,111767.7,Mid-level
employee_1574,35,HR,118278,9,Chennai,1419336,11827.800000000001,130105.8,Mid-level
employee_1575,41,Sales,103764,2,Delhi,1245168,10376.400000000001,114140.4,Fresher
employee_1576,55,QA,102150,5,Pune,1225800,10215.0,112365.0,Junior
employee_1577,53,Data,100837,9,Delhi,1210044,10083.7,110920.7,Mid-level
employee_1578,39,QA,88305,15,Bangalore,1059660,8830.5,97135.5,Senior
employee_1579,43,QA,67851,4,Pune,814212,6785.1,74636.1,Junior
employee_1580,33,Sales,101910,15,Pune,1222920,10191.0,112101.0,Senior
employee_1581,21,Data,59407,8,Chennai,712884,5940.700000000001,65347.7,Mid-level
employee_1582,49,Finance,71606,12,Mumbai,859272,7160.6,78766.6,Senior
employee_1583,44,Finance,104518,9,Bangalore,1254216,10451.800000000001,114969.8,Mid-level
employee_1584,36,QA,70652,14,Pune,847824,7065.200000000001,77717.2,Senior
employee_1585,45,Data,35248,0,Mumbai,422976,3524.8,38772.8,Fresher
employee_1586,43,Data,35515,8,Mumbai,426180,3551.5,39066.5,Mid-level
employee_1587,48,Sales,117345,4,Pune,1408140,11734.5,129079.5,Junior
employee_1588,36,HR,35830,0,Chennai,429960,3583.0,39413.0,Fresher
employee_1589,58,Finance,85631,9,Hyderabad,1027572,8563.1,94194.1,Mid-level
employee_1590,31,Sales,31799,7,Pune,381588,3179.9,34978.9,Mid-level
employee_1591,23,IT,99083,6,Chennai,1188996,9908.300000000001,108991.3,Mid-level
employee_1592,35,Finance,39328,13,Bangalore,471936,3932.8,43260.8,Senior
employee_1593,21,Sales,37679,5,Chennai,452148,3767.9,41446.9,Junior
employee_1594,27,Finance,46058,1,Mumbai,552696,4605.8,50663.8,Fresher
employee_1595,21,HR,71696,4,Bangalore,860352,7169.6,78865.6,Junior
employee_1596,52,IT,110442,2,Bangalore,1325304,11044.2,121486.2,Fresher
employee_1597,29,HR,63872,1,Hyderabad,766464,6387.200000000001,70259.2,Fresher
employee_1598,49,IT,79971,13,Hyderabad,959652,7997.1,87968.1,Senior
employee_1599,46,QA,107083,9,Pune,1284996,10708.300000000001,117791.3,Mid-level
employee_1600,43,Sales,48306,0,Chennai,579672,4830.6,53136.6,Fresher
employee_1601,49,IT,53210,8,Pune,638520,5321.0,58531.0,Mid-level
employee_1602,58,HR,70693,1,Hyderabad,848316,7069.3,77762.3,Fresher
employee_1603,53,Finance,53239,12,Mumbai,638868,5323.900000000001,58562.9,Senior
employee_1604,27,IT,118366,10,Hyderabad,1420392,11836.6,130202.6,Mid-level
employee_1605,32,Sales,93917,0,Chennai,1127004,9391.7,103308.7,Fresher
employee_1606,51,IT,119377,13,Mumbai,1432524,11937.7,131314.7,Senior
employee_1607,52,Data,32447,6,Pune,389364,3244.7000000000003,35691.7,Mid-level
employee_1608,40,Finance,110904,8,Pune,1330848,11090.400000000001,121994.4,Mid-level
employee_1609,37,Sales,45271,5,Hyderabad,543252,4527.1,49798.1,Junior
employee_1610,56,Sales,90875,15,Hyderabad,1090500,9087.5,99962.5,Senior
employee_1611,23,QA,110510,7,Delhi,1326120,11051.0,121561.0,Mid-level
employee_1612,21,HR,117045,14,Pune,1404540,11704.5,128749.5,Senior
employee_1613,47,QA,81843,10,Pune,982116,8184.3,90027.3,Mid-level
employee_1614,60,Sales,51221,6,Bangalore,614652,5122.1,56343.1,Mid-level
employee_1615,53,Finance,89388,8,Chennai,1072656,8938.800000000001,98326.8,Mid-level
employee_1616,40,IT,117799,6,Bangalore,1413588,11779.900000000001,129578.9,Mid-level
employee_1617,34,IT,81467,12,Bangalore,977604,8146.700000000001,89613.7,Senior
employee_1618,56,Finance,98269,5,Pune,1179228,9826.9,108095.9,Junior
employee_1619,25,Sales,95585,0,Delhi,1147020,9558.5,105143.5,Fresher
employee_1620,43,IT,68086,8,Chennai,817032,6808.6,74894.6,Mid-level
employee_1621,35,IT,111624,9,Pune,1339488,11162.400000000001,122786.4,Mid-level
employee_1622,26,IT,106144,15,Bangalore,1273728,10614.400000000001,116758.4,Senior
employee_1623,53,HR,25638,4,Bangalore,307656,2563.8,28201.8,Junior
employee_1624,39,HR,98245,12,Pune,1178940,9824.5,108069.5,Senior
employee_1625,33,Data,95679,1,Hyderabad,1148148,9567.9,105246.9,Fresher
employee_1626,49,QA,87934,14,Hyderabad,1055208,8793.4,96727.4,Senior
employee_1627,26,Finance,91760,13,Pune,1101120,9176.0,100936.0,Senior
employee_1628,35,Finance,72234,11,Mumbai,866808,7223.400000000001,79457.4,Senior
employee_1629,36,Finance,86049,10,Mumbai,1032588,8604.9,94653.9,Mid-level
employee_1630,44,Data,88843,7,Hyderabad,1066116,8884.300000000001,97727.3,Mid-level
employee_1631,43,HR,73047,12,Chennai,876564,7304.700000000001,80351.7,Senior
employee_1632,30,Sales,34741,15,Delhi,416892,3474.1000000000004,38215.1,Senior
employee_1633,37,Sales,88004,3,Bangalore,1056048,8800.4,96804.4,Junior
employee_1634,50,Data,86489,13,Chennai,1037868,8648.9,95137.9,Senior
employee_1635,30,Sales,47991,2,Hyderabad,575892,4799.1,52790.1,Fresher
employee_1636,39,Finance,51081,12,Pune,612972,5108.1,56189.1,Senior
employee_1637,49,QA,82304,0,Mumbai,987648,8230.4,90534.4,Fresher
employee_1638,22,IT,40642,4,Hyderabad,487704,4064.2000000000003,44706.2,Junior
employee_1639,56,HR,100103,2,Chennai,1201236,10010.300000000001,110113.3,Fresher
employee_1640,39,HR,42399,14,Chennai,508788,4239.900000000001,46638.9,Senior
employee_1641,27,Data,58103,3,Delhi,697236,5810.3,63913.3,Junior
employee_1642,46,HR,40330,15,Hyderabad,483960,4033.0,44363.0,Senior
employee_1643,35,Finance,41464,14,Bangalore,497568,4146.400000000001,45610.4,Senior
employee_1644,58,Sales,27134,8,Chennai,325608,2713.4,29847.4,Mid-level
employee_1645,23,Finance,74409,10,Bangalore,892908,7440.900000000001,81849.9,Mid-level
employee_1646,58,Data,25184,13,Bangalore,302208,2518.4,27702.4,Senior
employee_1647,36,Finance,74274,6,Pune,891288,7427.400000000001,81701.4,Mid-level
employee_1648,22,Sales,97799,10,Hyderabad,1173588,9779.9,107578.9,Mid-level
employee_1649,51,QA,80810,4,Hyderabad,969720,8081.0,88891.0,Junior
employee_1650,48,Data,103727,7,Bangalore,1244724,10372.7,114099.7,Mid-level
employee_1651,27,QA,94050,5,Pune,1128600,9405.0,103455.0,Junior
employee_1652,50,IT,57734,9,Chennai,692808,5773.400000000001,63507.4,Mid-level
employee_1653,27,QA,96613,1,Chennai,1159356,9661.300000000001,106274.3,Fresher
employee_1654,56,IT,75546,6,Hyderabad,906552,7554.6,83100.6,Mid-level
employee_1655,49,IT,60120,0,Bangalore,721440,6012.0,66132.0,Fresher
employee_1656,44,QA,73484,2,Pune,881808,7348.400000000001,80832.4,Fresher
employee_1657,59,Data,85563,11,Pune,1026756,8556.300000000001,94119.3,Senior
employee_1658,24,Sales,100036,0,Chennai,1200432,10003.6,110039.6,Fresher
employee_1659,49,Finance,105528,13,Chennai,1266336,10552.800000000001,116080.8,Senior
employee_1660,25,Finance,80113,14,Mumbai,961356,8011.3,88124.3,Senior
employee_1661,49,Sales,78096,0,Mumbai,937152,7809.6,85905.6,Fresher
employee_1662,50,IT,35133,14,Bangalore,421596,3513.3,38646.3,Senior
employee_1663,49,IT,31405,4,Mumbai,376860,3140.5,34545.5,Junior
employee_1664,46,Data,55269,5,Pune,663228,5526.900000000001,60795.9,Junior
employee_1665,39,HR,107410,15,Mumbai,1288920,10741.0,118151.0,Senior
employee_1666,46,QA,42085,11,Hyderabad,505020,4208.5,46293.5,Senior
employee_1667,57,IT,60702,2,Hyderabad,728424,6070.200000000001,66772.2,Fresher
employee_1668,47,Finance,104883,13,Delhi,1258596,10488.300000000001,115371.3,Senior
employee_1669,50,Data,38502,2,Chennai,462024,3850.2000000000003,42352.2,Fresher
employee_1670,50,QA,71479,2,Chennai,857748,7147.900000000001,78626.9,Fresher
employee_1671,23,Data,104384,0,Bangalore,1252608,10438.400000000001,114822.4,Fresher
employee_1672,27,QA,112957,4,Hyderabad,1355484,11295.7,124252.7,Junior
employee_1673,29,QA,39426,0,Delhi,473112,3942.6000000000004,43368.6,Fresher
employee_1674,33,Sales,95231,9,Bangalore,1142772,9523.1,104754.1,Mid-level
employee_1675,35,IT,40860,9,Bangalore,490320,4086.0,44946.0,Mid-level
employee_1676,25,Data,71865,2,Mumbai,862380,7186.5,79051.5,Fresher
employee_1677,49,Data,72404,12,Chennai,868848,7240.400000000001,79644.4,Senior
employee_1678,55,Sales,116246,5,Bangalore,1394952,11624.6,127870.6,Junior
employee_1679,47,Finance,82423,10,Bangalore,989076,8242.300000000001,90665.3,Mid-level
employee_1680,47,Finance,115947,5,Chennai,1391364,11594.7,127541.7,Junior
employee_1681,28,IT,99379,2,Chennai,1192548,9937.900000000001,109316.9,Fresher
employee_1682,52,IT,56152,15,Hyderabad,673824,5615.200000000001,61767.2,Senior
employee_1683,40,HR,106109,8,Chennai,1273308,10610.900000000001,116719.9,Mid-level
employee_1684,30,Sales,55737,7,Mumbai,668844,5573.700000000001,61310.7,Mid-level
employee_1685,33,Finance,79325,10,Hyderabad,951900,7932.5,87257.5,Mid-level
employee_1686,49,QA,63767,2,Delhi,765204,6376.700000000001,70143.7,Fresher
employee_1687,55,Data,118792,4,Bangalore,1425504,11879.2,130671.2,Junior
employee_1688,28,IT,66705,4,Mumbai,800460,6670.5,73375.5,Junior
employee_1689,49,Data,27002,14,Mumbai,324024,2700.2000000000003,29702.2,Senior
employee_1690,51,Data,107159,13,Hyderabad,1285908,10715.900000000001,117874.9,Senior
employee_1691,50,HR,85237,4,Bangalore,1022844,8523.7,93760.7,Junior
employee_1692,42,Finance,80713,2,Hyderabad,968556,8071.3,88784.3,Fresher
employee_1693,41,IT,66815,4,Pune,801780,6681.5,73496.5,Junior
employee_1694,32,Data,89997,4,Pune,1079964,8999.7,98996.7,Junior
employee_1695,31,IT,85859,3,Hyderabad,1030308,8585.9,94444.9,Junior
employee_1696,22,QA,88236,3,Bangalore,1058832,8823.6,97059.6,Junior
employee_1697,22,HR,112787,1,Bangalore,1353444,11278.7,124065.7,Fresher
employee_1698,54,QA,103243,8,Chennai,1238916,10324.300000000001,113567.3,Mid-level
employee_1699,23,IT,114653,14,Mumbai,1375836,11465.300000000001,126118.3,Senior
employee_1700,36,IT,47743,6,Hyderabad,572916,4774.3,52517.3,Mid-level
employee_1701,24,Finance,81739,0,Mumbai,980868,8173.900000000001,89912.9,Fresher
employee_1702,43,Data,101326,4,Mumbai,1215912,10132.6,111458.6,Junior
employee_1703,40,Data,106132,1,Pune,1273584,10613.2,116745.2,Fresher
employee_1704,45,QA,55339,9,Pune,664068,5533.900000000001,60872.9,Mid-level
employee_1705,50,HR,59121,5,Delhi,709452,5912.1,65033.1,Junior
employee_1706,38,Sales,67995,6,Hyderabad,815940,6799.5,74794.5,Mid-level
employee_1707,31,Data,77032,11,Delhi,924384,7703.200000000001,84735.2,Senior
employee_1708,49,Finance,74831,1,Hyderabad,897972,7483.1,82314.1,Fresher
employee_1709,37,QA,66446,10,Bangalore,797352,6644.6,73090.6,Mid-level
employee_1710,46,QA,70678,5,Hyderabad,848136,7067.8,77745.8,Junior
employee_1711,43,Sales,45698,14,Bangalore,548376,4569.8,50267.8,Senior
employee_1712,40,Finance,105252,12,Bangalore,1263024,10525.2,115777.2,Senior
employee_1713,22,HR,108404,2,Hyderabad,1300848,10840.400000000001,119244.4,Fresher
employee_1714,44,Finance,72918,8,Bangalore,875016,7291.8,80209.8,Mid-level
employee_1715,51,HR,82235,14,Mumbai,986820,8223.5,90458.5,Senior
employee_1716,47,Finance,31125,3,Bangalore,373500,3112.5,34237.5,Junior
employee_1717,22,Finance,72511,2,Mumbai,870132,7251.1,79762.1,Fresher
employee_1718,34,IT,54046,12,Mumbai,648552,5404.6,59450.6,Senior
employee_1719,24,QA,113296,15,Mumbai,1359552,11329.6,124625.6,Senior
employee_1720,33,Finance,35114,10,Chennai,421368,3511.4,38625.4,Mid-level
employee_1721,56,Sales,25637,2,Delhi,307644,2563.7000000000003,28200.7,Fresher
employee_1722,55,Finance,63634,1,Chennai,763608,6363.400000000001,69997.4,Fresher
employee_1723,28,Data,113713,11,Bangalore,1364556,11371.300000000001,125084.3,Senior
employee_1724,22,QA,60776,8,Delhi,729312,6077.6,66853.6,Mid-level
employee_1725,26,Data,48600,7,Delhi,583200,4860.0,53460.0,Mid-level
employee_1726,51,QA,106787,4,Delhi,1281444,10678.7,117465.7,Junior
employee_1727,30,Data,51809,13,Hyderabad,621708,5180.900000000001,56989.9,Senior
employee_1728,41,Finance,48756,13,Bangalore,585072,4875.6,53631.6,Senior
employee_1729,30,Finance,84469,12,Chennai,1013628,8446.9,92915.9,Senior
employee_1730,43,IT,63368,8,Delhi,760416,6336.8,69704.8,Mid-level
employee_1731,23,Sales,102185,12,Delhi,1226220,10218.5,112403.5,Senior
employee_1732,52,Data,101902,1,Pune,1222824,10190.2,112092.2,Fresher
employee_1733,40,HR,36880,15,Delhi,442560,3688.0,40568.0,Senior
employee_1734,30,IT,108319,5,Delhi,1299828,10831.900000000001,119150.9,Junior
employee_1735,49,Data,82155,6,Pune,985860,8215.5,90370.5,Mid-level
employee_1736,54,Data,112762,5,Bangalore,1353144,11276.2,124038.2,Junior
employee_1737,57,IT,90316,14,Chennai,1083792,9031.6,99347.6,Senior
employee_1738,40,Finance,95856,2,Mumbai,1150272,9585.6,105441.6,Fresher
employee_1739,28,Data,33727,9,Chennai,404724,3372.7000000000003,37099.7,Mid-level
employee_1740,27,Finance,102260,13,Bangalore,1227120,10226.0,112486.0,Senior
employee_1741,26,IT,64211,9,Chennai,770532,6421.1,70632.1,Mid-level
employee_1742,31,Finance,110469,15,Pune,1325628,11046.900000000001,121515.9,Senior
employee_1743,38,QA,103930,9,Delhi,1247160,10393.0,114323.0,Mid-level
employee_1744,49,HR,66417,8,Delhi,797004,6641.700000000001,73058.7,Mid-level
employee_1745,45,Data,109658,13,Mumbai,1315896,10965.800000000001,120623.8,Senior
employee_1746,41,Sales,87827,14,Bangalore,1053924,8782.7,96609.7,Senior
employee_1747,23,HR,56437,11,Delhi,677244,5643.700000000001,62080.7,Senior
employee_1748,38,Finance,45519,7,Bangalore,546228,4551.900000000001,50070.9,Mid-level
employee_1749,44,Data,32983,14,Hyderabad,395796,3298.3,36281.3,Senior
employee_1750,58,Finance,69656,7,Mumbai,835872,6965.6,76621.6,Mid-level
employee_1751,30,QA,30635,7,Bangalore,367620,3063.5,33698.5,Mid-level
employee_1752,47,IT,44622,8,Chennai,535464,4462.2,49084.2,Mid-level
employee_1753,32,Data,99975,0,Chennai,1199700,9997.5,109972.5,Fresher
employee_1754,27,QA,118445,7,Chennai,1421340,11844.5,130289.5,Mid-level
employee_1755,37,QA,85666,1,Chennai,1027992,8566.6,94232.6,Fresher
employee_1756,21,Data,81005,3,Bangalore,972060,8100.5,89105.5,Junior
employee_1757,46,Finance,36403,0,Pune,436836,3640.3,40043.3,Fresher
employee_1758,35,Sales,85477,11,Mumbai,1025724,8547.7,94024.7,Senior
employee_1759,53,QA,90035,5,Chennai,1080420,9003.5,99038.5,Junior
employee_1760,57,HR,57903,9,Bangalore,694836,5790.3,63693.3,Mid-level
employee_1761,51,QA,117489,0,Delhi,1409868,11748.900000000001,129237.9,Fresher
employee_1762,55,Sales,32311,11,Delhi,387732,3231.1000000000004,35542.1,Senior
employee_1763,21,Finance,75611,4,Bangalore,907332,7561.1,83172.1,Junior
employee_1764,28,Finance,45615,14,Chennai,547380,4561.5,50176.5,Senior
employee_1765,32,HR,81808,8,Hyderabad,981696,8180.8,89988.8,Mid-level
employee_1766,39,QA,58580,0,Bangalore,702960,5858.0,64438.0,Fresher
employee_1767,45,Finance,82052,8,Mumbai,984624,8205.2,90257.2,Mid-level
employee_1768,52,Sales,116856,3,Mumbai,1402272,11685.6,128541.6,Junior
employee_1769,32,Data,67898,2,Hyderabad,814776,6789.8,74687.8,Fresher
employee_1770,33,IT,48952,7,Delhi,587424,4895.2,53847.2,Mid-level
employee_1771,48,IT,107790,5,Delhi,1293480,10779.0,118569.0,Junior
employee_1772,21,IT,40227,6,Bangalore,482724,4022.7000000000003,44249.7,Mid-level
employee_1773,26,QA,38760,8,Hyderabad,465120,3876.0,42636.0,Mid-level
employee_1774,28,HR,33826,4,Bangalore,405912,3382.6000000000004,37208.6,Junior
employee_1775,24,Finance,104475,12,Bangalore,1253700,10447.5,114922.5,Senior
employee_1776,25,Data,108213,15,Hyderabad,1298556,10821.300000000001,119034.3,Senior
employee_1777,45,Sales,85432,1,Delhi,1025184,8543.2,93975.2,Fresher
employee_1778,42,Data,98996,2,Pune,1187952,9899.6,108895.6,Fresher
employee_1779,48,Sales,83204,2,Chennai,998448,8320.4,91524.4,Fresher
employee_1780,59,QA,33673,3,Chennai,404076,3367.3,37040.3,Junior
employee_1781,43,IT,118402,9,Chennai,1420824,11840.2,130242.2,Mid-level
employee_1782,24,QA,61158,6,Hyderabad,733896,6115.8,67273.8,Mid-level
employee_1783,24,HR,99989,11,Bangalore,1199868,9998.900000000001,109987.9,Senior
employee_1784,41,HR,40904,9,Bangalore,490848,4090.4,44994.4,Mid-level
employee_1785,57,Sales,40396,5,Mumbai,484752,4039.6000000000004,44435.6,Junior
employee_1786,22,Finance,118906,2,Bangalore,1426872,11890.6,130796.6,Fresher
employee_1787,27,Finance,112469,14,Delhi,1349628,11246.900000000001,123715.9,Senior
employee_1788,36,Sales,79039,13,Pune,948468,7903.900000000001,86942.9,Senior
employee_1789,37,HR,29334,6,Chennai,352008,2933.4,32267.4,Mid-level
employee_1790,40,HR,52268,3,Delhi,627216,5226.8,57494.8,Junior
employee_1791,43,HR,89636,9,Delhi,1075632,8963.6,98599.6,Mid-level
employee_1792,54,QA,47068,10,Pune,564816,4706.8,51774.8,Mid-level
employee_1793,31,HR,53247,10,Chennai,638964,5324.700000000001,58571.7,Mid-level
employee_1794,54,Data,90121,7,Hyderabad,1081452,9012.1,99133.1,Mid-level
employee_1795,53,IT,113670,14,Pune,1364040,11367.0,125037.0,Senior
employee_1796,46,HR,41285,6,Delhi,495420,4128.5,45413.5,Mid-level
employee_1797,22,Sales,111903,6,Bangalore,1342836,11190.300000000001,123093.3,Mid-level
employee_1798,43,IT,49136,8,Chennai,589632,4913.6,54049.6,Mid-level
employee_1799,42,QA,85378,7,Mumbai,1024536,8537.800000000001,93915.8,Mid-level
employee_1800,54,Sales,62787,11,Pune,753444,6278.700000000001,69065.7,Senior
employee_1801,35,IT,49425,0,Delhi,593100,4942.5,54367.5,Fresher
employee_1802,30,Sales,43961,15,Hyderabad,527532,4396.1,48357.1,Senior
employee_1803,35,QA,58443,6,Delhi,701316,5844.3,64287.3,Mid-level
employee_1804,49,Data,43823,14,Mumbai,525876,4382.3,48205.3,Senior
employee_1805,43,QA,100409,2,Hyderabad,1204908,10040.900000000001,110449.9,Fresher
employee_1806,37,QA,96123,11,Chennai,1153476,9612.300000000001,105735.3,Senior
employee_1807,29,Sales,50852,3,Pune,610224,5085.200000000001,55937.2,Junior
employee_1808,56,Finance,62535,5,Hyderabad,750420,6253.5,68788.5,Junior
employee_1809,29,HR,32004,4,Mumbai,384048,3200.4,35204.4,Junior
employee_1810,36,HR,52823,7,Delhi,633876,5282.3,58105.3,Mid-level
employee_1811,56,Data,79086,1,Mumbai,949032,7908.6,86994.6,Fresher
employee_1812,53,Data,32131,4,Bangalore,385572,3213.1000000000004,35344.1,Junior
employee_1813,51,HR,108232,4,Hyderabad,1298784,10823.2,119055.2,Junior
employee_1814,26,Finance,50649,14,Pune,607788,5064.900000000001,55713.9,Senior
employee_1815,30,HR,29099,2,Pune,349188,2909.9,32008.9,Fresher
employee_1816,36,Finance,75806,13,Delhi,909672,7580.6,83386.6,Senior
employee_1817,24,Data,56571,9,Delhi,678852,5657.1,62228.1,Mid-level
employee_1818,42,IT,55580,14,Delhi,666960,5558.0,61138.0,Senior
employee_1819,33,Sales,119200,14,Bangalore,1430400,11920.0,131120.0,Senior
employee_1820,36,Data,106118,12,Mumbai,1273416,10611.800000000001,116729.8,Senior
employee_1821,49,Data,51469,4,Delhi,617628,5146.900000000001,56615.9,Junior
employee_1822,26,QA,90179,3,Hyderabad,1082148,9017.9,99196.9,Junior
employee_1823,46,QA,112938,10,Delhi,1355256,11293.800000000001,124231.8,Mid-level
employee_1824,31,QA,49236,4,Mumbai,590832,4923.6,54159.6,Junior
employee_1825,44,Sales,50110,9,Hyderabad,601320,5011.0,55121.0,Mid-level
employee_1826,49,QA,48430,8,Hyderabad,581160,4843.0,53273.0,Mid-level
employee_1827,23,Finance,69407,6,Hyderabad,832884,6940.700000000001,76347.7,Mid-level
employee_1828,30,HR,62948,0,Mumbai,755376,6294.8,69242.8,Fresher
employee_1829,21,IT,108299,2,Delhi,1299588,10829.900000000001,119128.9,Fresher
employee_1830,46,Data,107565,8,Mumbai,1290780,10756.5,118321.5,Mid-level
employee_1831,32,Finance,82367,3,Mumbai,988404,8236.7,90603.7,Junior
employee_1832,34,IT,63180,3,Chennai,758160,6318.0,69498.0,Junior
employee_1833,45,Finance,29652,9,Mumbai,355824,2965.2000000000003,32617.2,Mid-level
employee_1834,28,Finance,97370,5,Bangalore,1168440,9737.0,107107.0,Junior
employee_1835,24,Data,113023,2,Chennai,1356276,11302.300000000001,124325.3,Fresher
employee_1836,48,HR,32084,2,Hyderabad,385008,3208.4,35292.4,Fresher
employee_1837,27,QA,70630,14,Delhi,847560,7063.0,77693.0,Senior
employee_1838,30,Sales,78276,8,Pune,939312,7827.6,86103.6,Mid-level
employee_1839,56,HR,105228,12,Delhi,1262736,10522.800000000001,115750.8,Senior
employee_1840,22,Sales,27655,4,Chennai,331860,2765.5,30420.5,Junior
employee_1841,46,Data,82752,13,Chennai,993024,8275.2,91027.2,Senior
employee_1842,34,Data,72670,6,Hyderabad,872040,7267.0,79937.0,Mid-level
employee_1843,36,Data,30272,4,Mumbai,363264,3027.2000000000003,33299.2,Junior
employee_1844,37,IT,25218,5,Mumbai,302616,2521.8,27739.8,Junior
employee_1845,42,Sales,62471,7,Chennai,749652,6247.1,68718.1,Mid-level
employee_1846,24,HR,73762,14,Mumbai,885144,7376.200000000001,81138.2,Senior
employee_1847,39,HR,46515,7,Chennai,558180,4651.5,51166.5,Mid-level
employee_1848,22,Finance,59307,1,Delhi,711684,5930.700000000001,65237.7,Fresher
employee_1849,59,Finance,103681,10,Pune,1244172,10368.1,114049.1,Mid-level
employee_1850,29,Finance,42986,8,Delhi,515832,4298.6,47284.6,Mid-level
employee_1851,39,Data,109624,9,Pune,1315488,10962.400000000001,120586.4,Mid-level
employee_1852,36,HR,95600,11,Hyderabad,1147200,9560.0,105160.0,Senior
employee_1853,45,Sales,79888,11,Bangalore,958656,7988.8,87876.8,Senior
employee_1854,38,Data,112732,11,Bangalore,1352784,11273.2,124005.2,Senior
employee_1855,43,IT,36603,13,Delhi,439236,3660.3,40263.3,Senior
employee_1856,41,Finance,93024,5,Mumbai,1116288,9302.4,102326.4,Junior
employee_1857,31,Data,115728,6,Bangalore,1388736,11572.800000000001,127300.8,Mid-level
employee_1858,59,Data,53897,2,Pune,646764,5389.700000000001,59286.7,Fresher
employee_1859,24,IT,43802,3,Hyderabad,525624,4380.2,48182.2,Junior
employee_1860,45,QA,41411,5,Pune,496932,4141.1,45552.1,Junior
employee_1861,52,HR,85399,6,Chennai,1024788,8539.9,93938.9,Mid-level
employee_1862,50,Sales,85692,5,Mumbai,1028304,8569.2,94261.2,Junior
employee_1863,46,QA,82676,4,Mumbai,992112,8267.6,90943.6,Junior
employee_1864,56,Finance,37770,13,Bangalore,453240,3777.0,41547.0,Senior
employee_1865,54,Data,98513,11,Chennai,1182156,9851.300000000001,108364.3,Senior
employee_1866,29,IT,62429,1,Bangalore,749148,6242.900000000001,68671.9,Fresher
employee_1867,32,IT,84429,11,Bangalore,1013148,8442.9,92871.9,Senior
employee_1868,22,HR,95085,14,Bangalore,1141020,9508.5,104593.5,Senior
employee_1869,58,QA,45337,14,Chennai,544044,4533.7,49870.7,Senior
employee_1870,25,HR,117901,6,Bangalore,1414812,11790.1,129691.1,Mid-level
employee_1871,25,Data,111181,4,Mumbai,1334172,11118.1,122299.1,Junior
employee_1872,42,HR,49507,11,Bangalore,594084,4950.700000000001,54457.7,Senior
employee_1873,25,Sales,84596,8,Chennai,1015152,8459.6,93055.6,Mid-level
employee_1874,24,IT,95509,12,Chennai,1146108,9550.9,105059.9,Senior
employee_1875,29,IT,33436,10,Pune,401232,3343.6000000000004,36779.6,Mid-level
employee_1876,49,Finance,35086,3,Bangalore,421032,3508.6000000000004,38594.6,Junior
employee_1877,42,Finance,108276,13,Chennai,1299312,10827.6,119103.6,Senior
employee_1878,47,Data,116054,9,Delhi,1392648,11605.400000000001,127659.4,Mid-level
employee_1879,30,Sales,44851,11,Bangalore,538212,4485.1,49336.1,Senior
employee_1880,36,QA,64732,1,Hyderabad,776784,6473.200000000001,71205.2,Fresher
employee_1881,30,HR,39842,6,Mumbai,478104,3984.2000000000003,43826.2,Mid-level
employee_1882,26,Data,26745,6,Mumbai,320940,2674.5,29419.5,Mid-level
employee_1883,25,Finance,37697,0,Delhi,452364,3769.7000000000003,41466.7,Fresher
employee_1884,26,HR,117469,10,Bangalore,1409628,11746.900000000001,129215.9,Mid-level
employee_1885,45,Finance,28879,13,Mumbai,346548,2887.9,31766.9,Senior
employee_1886,24,HR,110697,12,Mumbai,1328364,11069.7,121766.7,Senior
employee_1887,60,QA,43499,15,Hyderabad,521988,4349.900000000001,47848.9,Senior
employee_1888,52,Data,113177,15,Mumbai,1358124,11317.7,124494.7,Senior
employee_1889,55,HR,60035,4,Mumbai,720420,6003.5,66038.5,Junior
employee_1890,30,Sales,43651,2,Chennai,523812,4365.1,48016.1,Fresher
employee_1891,54,IT,100224,8,Mumbai,1202688,10022.400000000001,110246.4,Mid-level
employee_1892,56,Sales,101524,8,Bangalore,1218288,10152.400000000001,111676.4,Mid-level
employee_1893,26,Sales,114006,6,Mumbai,1368072,11400.6,125406.6,Mid-level
employee_1894,36,IT,62249,11,Bangalore,746988,6224.900000000001,68473.9,Senior
employee_1895,39,Sales,48849,8,Mumbai,586188,4884.900000000001,53733.9,Mid-level
employee_1896,54,HR,98309,11,Bangalore,1179708,9830.900000000001,108139.9,Senior
employee_1897,45,HR,54076,1,Mumbai,648912,5407.6,59483.6,Fresher
employee_1898,51,HR,95123,10,Delhi,1141476,9512.300000000001,104635.3,Mid-level
employee_1899,37,IT,58124,9,Bangalore,697488,5812.400000000001,63936.4,Mid-level
employee_1900,50,Sales,40787,7,Mumbai,489444,4078.7000000000003,44865.7,Mid-level
employee_1901,59,IT,78462,9,Hyderabad,941544,7846.200000000001,86308.2,Mid-level
employee_1902,51,HR,110984,9,Chennai,1331808,11098.400000000001,122082.4,Mid-level
employee_1903,39,Sales,96035,9,Chennai,1152420,9603.5,105638.5,Mid-level
employee_1904,55,Sales,28841,12,Chennai,346092,2884.1000000000004,31725.1,Senior
employee_1905,49,Finance,69890,0,Chennai,838680,6989.0,76879.0,Fresher
employee_1906,21,Finance,50402,2,Hyderabad,604824,5040.200000000001,55442.2,Fresher
employee_1907,24,QA,113591,15,Delhi,1363092,11359.1,124950.1,Senior
employee_1908,48,Data,91201,7,Delhi,1094412,9120.1,100321.1,Mid-level
employee_1909,38,Finance,48237,10,Hyderabad,578844,4823.7,53060.7,Mid-level
employee_1910,46,IT,67988,15,Mumbai,815856,6798.8,74786.8,Senior
employee_1911,60,Finance,118803,7,Hyderabad,1425636,11880.300000000001,130683.3,Mid-level
employee_1912,39,QA,101310,13,Chennai,1215720,10131.0,111441.0,Senior
employee_1913,26,Sales,25553,9,Delhi,306636,2555.3,28108.3,Mid-level
employee_1914,21,QA,38860,7,Pune,466320,3886.0,42746.0,Mid-level
employee_1915,28,Sales,115439,10,Mumbai,1385268,11543.900000000001,126982.9,Mid-level
employee_1916,53,Sales,32045,14,Bangalore,384540,3204.5,35249.5,Senior
employee_1917,41,Data,99916,11,Delhi,1198992,9991.6,109907.6,Senior
employee_1918,44,Finance,81435,10,Chennai,977220,8143.5,89578.5,Mid-level
employee_1919,45,IT,57261,6,Delhi,687132,5726.1,62987.1,Mid-level
employee_1920,39,IT,103879,1,Chennai,1246548,10387.900000000001,114266.9,Fresher
employee_1921,49,HR,27853,2,Chennai,334236,2785.3,30638.3,Fresher
employee_1922,30,Sales,100664,8,Delhi,1207968,10066.400000000001,110730.4,Mid-level
employee_1923,32,IT,73022,1,Delhi,876264,7302.200000000001,80324.2,Fresher
employee_1924,53,Data,27736,12,Delhi,332832,2773.6000000000004,30509.6,Senior
employee_1925,27,Sales,58724,15,Hyderabad,704688,5872.400000000001,64596.4,Senior
employee_1926,37,Data,36440,6,Delhi,437280,3644.0,40084.0,Mid-level
employee_1927,30,IT,95716,0,Bangalore,1148592,9571.6,105287.6,Fresher
employee_1928,51,IT,55284,2,Mumbai,663408,5528.400000000001,60812.4,Fresher
employee_1929,26,HR,36646,12,Chennai,439752,3664.6000000000004,40310.6,Senior
employee_1930,37,IT,109565,13,Delhi,1314780,10956.5,120521.5,Senior
employee_1931,57,Sales,110694,15,Bangalore,1328328,11069.400000000001,121763.4,Senior
employee_1932,38,Sales,39342,0,Pune,472104,3934.2000000000003,43276.2,Fresher
employee_1933,46,Sales,90620,5,Delhi,1087440,9062.0,99682.0,Junior
employee_1934,36,HR,89261,3,Hyderabad,1071132,8926.1,98187.1,Junior
employee_1935,28,HR,26935,0,Chennai,323220,2693.5,29628.5,Fresher
employee_1936,44,IT,67376,4,Bangalore,808512,6737.6,74113.6,Junior
employee_1937,33,QA,99798,13,Delhi,1197576,9979.800000000001,109777.8,Senior
employee_1938,49,QA,102140,3,Bangalore,1225680,10214.0,112354.0,Junior
employee_1939,52,HR,67481,15,Chennai,809772,6748.1,74229.1,Senior
employee_1940,44,IT,113669,13,Bangalore,1364028,11366.900000000001,125035.9,Senior
employee_1941,36,QA,119203,10,Bangalore,1430436,11920.300000000001,131123.3,Mid-level
employee_1942,31,IT,80721,9,Delhi,968652,8072.1,88793.1,Mid-level
employee_1943,52,IT,27838,15,Delhi,334056,2783.8,30621.8,Senior
employee_1944,26,IT,60330,13,Mumbai,723960,6033.0,66363.0,Senior
employee_1945,55,Finance,103976,10,Hyderabad,1247712,10397.6,114373.6,Mid-level
employee_1946,53,Sales,61994,9,Mumbai,743928,6199.400000000001,68193.4,Mid-level
employee_1947,38,IT,116875,1,Hyderabad,1402500,11687.5,128562.5,Fresher
employee_1948,57,Finance,55384,12,Hyderabad,664608,5538.400000000001,60922.4,Senior
employee_1949,33,HR,70378,6,Mumbai,844536,7037.8,77415.8,Mid-level
employee_1950,30,QA,57643,11,Chennai,691716,5764.3,63407.3,Senior
employee_1951,57,Sales,41926,14,Bangalore,503112,4192.6,46118.6,Senior
employee_1952,46,QA,63977,7,Pune,767724,6397.700000000001,70374.7,Mid-level
employee_1953,37,Sales,48652,3,Mumbai,583824,4865.2,53517.2,Junior
employee_1954,21,QA,88295,8,Mumbai,1059540,8829.5,97124.5,Mid-level
employee_1955,45,Sales,35270,2,Chennai,423240,3527.0,38797.0,Fresher
employee_1956,54,QA,107804,12,Bangalore,1293648,10780.400000000001,118584.4,Senior
employee_1957,59,QA,86630,5,Delhi,1039560,8663.0,95293.0,Junior
employee_1958,30,QA,61417,10,Mumbai,737004,6141.700000000001,67558.7,Mid-level
employee_1959,40,QA,71894,13,Pune,862728,7189.400000000001,79083.4,Senior
employee_1960,27,HR,81042,14,Bangalore,972504,8104.200000000001,89146.2,Senior
employee_1961,36,IT,88253,15,Mumbai,1059036,8825.300000000001,97078.3,Senior
employee_1962,57,Data,73841,13,Delhi,886092,7384.1,81225.1,Senior
employee_1963,49,Finance,77723,6,Mumbai,932676,7772.3,85495.3,Mid-level
employee_1964,32,Data,45317,6,Delhi,543804,4531.7,49848.7,Mid-level
employee_1965,37,Data,80008,5,Hyderabad,960096,8000.8,88008.8,Junior
employee_1966,40,Sales,61434,8,Hyderabad,737208,6143.400000000001,67577.4,Mid-level
employee_1967,46,IT,71125,14,Mumbai,853500,7112.5,78237.5,Senior
employee_1968,39,Sales,105984,0,Chennai,1271808,10598.400000000001,116582.4,Fresher
employee_1969,32,IT,100449,12,Hyderabad,1205388,10044.900000000001,110493.9,Senior
employee_1970,41,IT,99102,8,Mumbai,1189224,9910.2,109012.2,Mid-level
employee_1971,54,QA,106141,12,Delhi,1273692,10614.1,116755.1,Senior
employee_1972,27,HR,25557,8,Bangalore,306684,2555.7000000000003,28112.7,Mid-level
employee_1973,55,QA,69383,3,Delhi,832596,6938.3,76321.3,Junior
employee_1974,35,HR,31040,12,Pune,372480,3104.0,34144.0,Senior
employee_1975,21,Sales,71652,11,Hyderabad,859824,7165.200000000001,78817.2,Senior
employee_1976,46,HR,85941,14,Mumbai,1031292,8594.1,94535.1,Senior
employee_1977,55,Sales,112340,11,Hyderabad,1348080,11234.0,123574.0,Senior
employee_1978,45,Data,99828,15,Delhi,1197936,9982.800000000001,109810.8,Senior
employee_1979,35,Data,51110,4,Delhi,613320,5111.0,56221.0,Junior
employee_1980,42,HR,30349,2,Bangalore,364188,3034.9,33383.9,Fresher
employee_1981,26,HR,55374,6,Chennai,664488,5537.400000000001,60911.4,Mid-level
employee_1982,35,Sales,109545,14,Mumbai,1314540,10954.5,120499.5,Senior
employee_1983,44,QA,67591,1,Bangalore,811092,6759.1,74350.1,Fresher
employee_1984,41,Sales,25057,7,Pune,300684,2505.7000000000003,27562.7,Mid-level
employee_1985,27,QA,99039,8,Mumbai,1188468,9903.900000000001,108942.9,Mid-level
employee_1986,49,Data,118829,5,Pune,1425948,11882.900000000001,130711.9,Junior
employee_1987,52,IT,89578,8,Chennai,1074936,8957.800000000001,98535.8,Mid-level
employee_1988,52,HR,44121,5,Mumbai,529452,4412.1,48533.1,Junior
employee_1989,25,QA,30493,2,Mumbai,365916,3049.3,33542.3,Fresher
employee_1990,24,Sales,92818,9,Bangalore,1113816,9281.800000000001,102099.8,Mid-level
employee_1991,42,Data,113706,2,Hyderabad,1364472,11370.6,125076.6,Fresher
employee_1992,38,QA,26431,1,Mumbai,317172,2643.1000000000004,29074.1,Fresher
employee_1993,55,Sales,85469,4,Chennai,1025628,8546.9,94015.9,Junior
employee_1994,37,HR,87241,12,Mumbai,1046892,8724.1,95965.1,Senior
employee_1995,44,HR,70294,13,Mumbai,843528,7029.400000000001,77323.4,Senior
employee_1996,22,Finance,111127,3,Mumbai,1333524,11112.7,122239.7,Junior
employee_1997,33,IT,36351,11,Mumbai,436212,3635.1000000000004,39986.1,Senior
employee_1998,35,Finance,57483,5,Chennai,689796,5748.3,63231.3,Junior
employee_1999,25,Data,56195,15,Bangalore,674340,5619.5,61814.5,Senior
employee_2000,23,QA,47735,4,Hyderabad,572820,4773.5,52508.5,Junior
employee_2001,57,Data,40203,15,Chennai,482436,4020.3,44223.3,Senior
employee_2002,57,Sales,28974,5,Chennai,347688,2897.4,31871.4,Junior
employee_2003,57,HR,110222,3,Pune,1322664,11022.2,121244.2,Junior
employee_2004,23,Finance,64713,13,Hyderabad,776556,6471.3,71184.3,Senior
employee_2005,55,Finance,37636,12,Bangalore,451632,3763.6000000000004,41399.6,Senior
employee_2006,43,Finance,60070,2,Delhi,720840,6007.0,66077.0,Fresher
employee_2007,48,Data,54123,0,Bangalore,649476,5412.3,59535.3,Fresher
employee_2008,50,HR,56812,4,Delhi,681744,5681.200000000001,62493.2,Junior
employee_2009,38,QA,53760,5,Pune,645120,5376.0,59136.0,Junior
employee_2010,56,Sales,29966,4,Pune,359592,2996.6000000000004,32962.6,Junior
employee_2011,53,QA,108962,4,Chennai,1307544,10896.2,119858.2,Junior
employee_2012,46,Data,104698,11,Bangalore,1256376,10469.800000000001,115167.8,Senior
employee_2013,60,Sales,41058,5,Delhi,492696,4105.8,45163.8,Junior
employee_2014,37,Finance,66482,3,Bangalore,797784,6648.200000000001,73130.2,Junior
employee_2015,60,IT,27998,13,Delhi,335976,2799.8,30797.8,Senior
employee_2016,27,Data,86265,11,Bangalore,1035180,8626.5,94891.5,Senior
employee_2017,28,Data,91445,3,Chennai,1097340,9144.5,100589.5,Junior
employee_2018,51,HR,59648,10,Delhi,715776,5964.8,65612.8,Mid-level
employee_2019,32,QA,85623,12,Bangalore,1027476,8562.300000000001,94185.3,Senior
employee_2020,51,Data,103033,7,Mumbai,1236396,10303.300000000001,113336.3,Mid-level
employee_2021,39,Data,109480,10,Pune,1313760,10948.0,120428.0,Mid-level
employee_2022,30,Finance,32527,7,Pune,390324,3252.7000000000003,35779.7,Mid-level
employee_2023,59,Finance,28072,11,Delhi,336864,2807.2000000000003,30879.2,Senior
employee_2024,32,Sales,37018,2,Pune,444216,3701.8,40719.8,Fresher
employee_2025,40,IT,54652,6,Pune,655824,5465.200000000001,60117.2,Mid-level
employee_2026,57,HR,29476,14,Mumbai,353712,2947.6000000000004,32423.6,Senior
employee_2027,27,IT,52482,4,Hyderabad,629784,5248.200000000001,57730.2,Junior
employee_2028,34,Sales,87513,4,Bangalore,1050156,8751.300000000001,96264.3,Junior
employee_2029,31,Finance,111411,11,Delhi,1336932,11141.1,122552.1,Senior
employee_2030,27,QA,41219,12,Pune,494628,4121.900000000001,45340.9,Senior
employee_2031,49,Finance,55448,2,Bangalore,665376,5544.8,60992.8,Fresher
employee_2032,30,HR,104903,1,Bangalore,1258836,10490.300000000001,115393.3,Fresher
employee_2033,49,Finance,50120,12,Mumbai,601440,5012.0,55132.0,Senior
employee_2034,29,HR,31855,2,Bangalore,382260,3185.5,35040.5,Fresher
employee_2035,56,HR,81553,14,Pune,978636,8155.3,89708.3,Senior
employee_2036,30,HR,93633,6,Delhi,1123596,9363.300000000001,102996.3,Mid-level
employee_2037,39,Sales,69585,2,Bangalore,835020,6958.5,76543.5,Fresher
employee_2038,51,HR,110425,15,Mumbai,1325100,11042.5,121467.5,Senior
employee_2039,37,HR,26084,14,Delhi,313008,2608.4,28692.4,Senior
employee_2040,29,QA,46944,10,Delhi,563328,4694.400000000001,51638.4,Mid-level
employee_2041,53,IT,58921,15,Delhi,707052,5892.1,64813.1,Senior
employee_2042,54,Data,86282,12,Pune,1035384,8628.2,94910.2,Senior
employee_2043,44,IT,112393,1,Mumbai,1348716,11239.300000000001,123632.3,Fresher
employee_2044,29,HR,76397,3,Chennai,916764,7639.700000000001,84036.7,Junior
employee_2045,27,QA,43070,11,Hyderabad,516840,4307.0,47377.0,Senior
employee_2046,36,Finance,79987,4,Bangalore,959844,7998.700000000001,87985.7,Junior
employee_2047,39,QA,81690,12,Bangalore,980280,8169.0,89859.0,Senior
employee_2048,59,HR,115011,6,Bangalore,1380132,11501.1,126512.1,Mid-level
employee_2049,26,QA,86134,0,Chennai,1033608,8613.4,94747.4,Fresher
employee_2050,31,QA,112755,13,Delhi,1353060,11275.5,124030.5,Senior
employee_2051,32,HR,84439,7,Delhi,1013268,8443.9,92882.9,Mid-level
employee_2052,33,Sales,56489,9,Hyderabad,677868,5648.900000000001,62137.9,Mid-level
employee_2053,32,QA,48178,2,Mumbai,578136,4817.8,52995.8,Fresher
employee_2054,41,Data,104019,13,Chennai,1248228,10401.900000000001,114420.9,Senior
employee_2055,30,Data,82956,10,Chennai,995472,8295.6,91251.6,Mid-level
employee_2056,40,QA,72802,5,Pune,873624,7280.200000000001,80082.2,Junior
employee_2057,56,Sales,87778,3,Delhi,1053336,8777.800000000001,96555.8,Junior
employee_2058,48,Finance,82719,13,Chennai,992628,8271.9,90990.9,Senior
employee_2059,44,HR,58573,4,Chennai,702876,5857.3,64430.3,Junior
employee_2060,25,Data,58688,9,Bangalore,704256,5868.8,64556.8,Mid-level
employee_2061,57,Finance,71475,11,Delhi,857700,7147.5,78622.5,Senior
employee_2062,32,QA,75697,14,Pune,908364,7569.700000000001,83266.7,Senior
employee_2063,55,Finance,58978,5,Mumbai,707736,5897.8,64875.8,Junior
employee_2064,60,IT,54677,1,Hyderabad,656124,5467.700000000001,60144.7,Fresher
employee_2065,22,Data,106540,12,Mumbai,1278480,10654.0,117194.0,Senior
employee_2066,59,QA,35272,14,Pune,423264,3527.2000000000003,38799.2,Senior
employee_2067,29,HR,31212,2,Bangalore,374544,3121.2000000000003,34333.2,Fresher
employee_2068,42,Sales,46071,14,Hyderabad,552852,4607.1,50678.1,Senior
employee_2069,25,QA,100236,7,Mumbai,1202832,10023.6,110259.6,Mid-level
employee_2070,32,HR,42297,7,Delhi,507564,4229.7,46526.7,Mid-level
employee_2071,21,Sales,76932,0,Delhi,923184,7693.200000000001,84625.2,Fresher
employee_2072,42,Sales,81884,9,Hyderabad,982608,8188.400000000001,90072.4,Mid-level
employee_2073,58,QA,53625,7,Hyderabad,643500,5362.5,58987.5,Mid-level
employee_2074,39,Finance,53831,10,Hyderabad,645972,5383.1,59214.1,Mid-level
employee_2075,36,Finance,81478,1,Chennai,977736,8147.8,89625.8,Fresher
employee_2076,51,Sales,87909,9,Pune,1054908,8790.9,96699.9,Mid-level
employee_2077,23,Finance,54367,9,Delhi,652404,5436.700000000001,59803.7,Mid-level
employee_2078,43,IT,70813,12,Delhi,849756,7081.3,77894.3,Senior
employee_2079,38,Sales,45121,7,Pune,541452,4512.1,49633.1,Mid-level
employee_2080,46,Sales,60547,11,Bangalore,726564,6054.700000000001,66601.7,Senior
employee_2081,33,HR,88642,9,Delhi,1063704,8864.2,97506.2,Mid-level
employee_2082,38,Finance,49914,4,Mumbai,598968,4991.400000000001,54905.4,Junior
employee_2083,23,Sales,42178,0,Bangalore,506136,4217.8,46395.8,Fresher
employee_2084,43,IT,92258,7,Mumbai,1107096,9225.800000000001,101483.8,Mid-level
employee_2085,23,HR,104421,11,Hyderabad,1253052,10442.1,114863.1,Senior
employee_2086,45,QA,85563,4,Delhi,1026756,8556.300000000001,94119.3,Junior
employee_2087,47,Sales,75050,14,Mumbai,900600,7505.0,82555.0,Senior
employee_2088,47,IT,87607,0,Mumbai,1051284,8760.7,96367.7,Fresher
employee_2089,59,Data,90638,14,Hyderabad,1087656,9063.800000000001,99701.8,Senior
employee_2090,45,IT,117971,3,Bangalore,1415652,11797.1,129768.1,Junior
employee_2091,44,IT,38262,12,Mumbai,459144,3826.2000000000003,42088.2,Senior
employee_2092,28,HR,32453,0,Delhi,389436,3245.3,35698.3,Fresher
employee_2093,29,QA,70174,12,Bangalore,842088,7017.400000000001,77191.4,Senior
employee_2094,57,Data,102760,8,Bangalore,1233120,10276.0,113036.0,Mid-level
employee_2095,50,Finance,31172,9,Pune,374064,3117.2000000000003,34289.2,Mid-level
employee_2096,39,Finance,101788,1,Delhi,1221456,10178.800000000001,111966.8,Fresher
employee_2097,36,IT,42918,7,Delhi,515016,4291.8,47209.8,Mid-level
employee_2098,44,HR,32197,3,Hyderabad,386364,3219.7000000000003,35416.7,Junior
employee_2099,41,HR,38677,8,Hyderabad,464124,3867.7000000000003,42544.7,Mid-level
employee_2100,56,Finance,36039,1,Chennai,432468,3603.9,39642.9,Fresher
employee_2101,60,Data,52785,11,Delhi,633420,5278.5,58063.5,Senior
employee_2102,59,QA,29570,2,Bangalore,354840,2957.0,32527.0,Fresher
employee_2103,26,Data,97242,1,Chennai,1166904,9724.2,106966.2,Fresher
employee_2104,25,Sales,36655,9,Delhi,439860,3665.5,40320.5,Mid-level
employee_2105,34,Sales,72907,13,Hyderabad,874884,7290.700000000001,80197.7,Senior
employee_2106,24,QA,34449,4,Hyderabad,413388,3444.9,37893.9,Junior
employee_2107,28,Finance,49630,10,Delhi,595560,4963.0,54593.0,Mid-level
employee_2108,44,QA,99658,0,Chennai,1195896,9965.800000000001,109623.8,Fresher
employee_2109,31,HR,71371,11,Hyderabad,856452,7137.1,78508.1,Senior
employee_2110,37,Sales,35991,2,Hyderabad,431892,3599.1000000000004,39590.1,Fresher
employee_2111,41,IT,49887,0,Pune,598644,4988.700000000001,54875.7,Fresher
employee_2112,46,IT,38859,9,Mumbai,466308,3885.9,42744.9,Mid-level
employee_2113,47,Finance,48640,14,Delhi,583680,4864.0,53504.0,Senior
employee_2114,36,HR,73339,13,Pune,880068,7333.900000000001,80672.9,Senior
employee_2115,46,Data,116068,7,Mumbai,1392816,11606.800000000001,127674.8,Mid-level
employee_2116,53,HR,78235,14,Delhi,938820,7823.5,86058.5,Senior
employee_2117,51,IT,27512,15,Pune,330144,2751.2000000000003,30263.2,Senior
employee_2118,26,IT,105982,11,Pune,1271784,10598.2,116580.2,Senior
employee_2119,28,Sales,46912,3,Delhi,562944,4691.2,51603.2,Junior
employee_2120,27,HR,60515,2,Bangalore,726180,6051.5,66566.5,Fresher
employee_2121,54,HR,40416,7,Chennai,484992,4041.6000000000004,44457.6,Mid-level
employee_2122,34,IT,97816,12,Delhi,1173792,9781.6,107597.6,Senior
employee_2123,36,Data,101510,8,Pune,1218120,10151.0,111661.0,Mid-level
employee_2124,29,Finance,68746,7,Bangalore,824952,6874.6,75620.6,Mid-level
employee_2125,30,Finance,68775,5,Pune,825300,6877.5,75652.5,Junior
employee_2126,37,HR,37227,15,Chennai,446724,3722.7000000000003,40949.7,Senior
employee_2127,32,Finance,38031,15,Bangalore,456372,3803.1000000000004,41834.1,Senior
employee_2128,26,IT,58000,13,Delhi,696000,5800.0,63800.0,Senior
employee_2129,39,IT,76253,14,Mumbai,915036,7625.3,83878.3,Senior
employee_2130,49,HR,92564,2,Chennai,1110768,9256.4,101820.4,Fresher
employee_2131,26,HR,43313,7,Hyderabad,519756,4331.3,47644.3,Mid-level
employee_2132,45,Sales,100186,12,Delhi,1202232,10018.6,110204.6,Senior
employee_2133,44,HR,116760,4,Delhi,1401120,11676.0,128436.0,Junior
employee_2134,45,Data,82751,4,Delhi,993012,8275.1,91026.1,Junior
employee_2135,36,Finance,77492,11,Bangalore,929904,7749.200000000001,85241.2,Senior
employee_2136,36,HR,55364,8,Hyderabad,664368,5536.400000000001,60900.4,Mid-level
employee_2137,26,QA,43361,0,Bangalore,520332,4336.1,47697.1,Fresher
employee_2138,57,Sales,92949,6,Mumbai,1115388,9294.9,102243.9,Mid-level
employee_2139,41,QA,56070,7,Bangalore,672840,5607.0,61677.0,Mid-level
employee_2140,24,IT,47409,10,Delhi,568908,4740.900000000001,52149.9,Mid-level
employee_2141,54,Finance,54854,9,Pune,658248,5485.400000000001,60339.4,Mid-level
employee_2142,48,HR,54655,2,Hyderabad,655860,5465.5,60120.5,Fresher
employee_2143,58,QA,34952,7,Hyderabad,419424,3495.2000000000003,38447.2,Mid-level
employee_2144,48,Finance,61365,0,Bangalore,736380,6136.5,67501.5,Fresher
employee_2145,37,IT,108298,7,Pune,1299576,10829.800000000001,119127.8,Mid-level
employee_2146,34,Data,91156,6,Pune,1093872,9115.6,100271.6,Mid-level
employee_2147,27,Sales,81724,3,Bangalore,980688,8172.400000000001,89896.4,Junior
employee_2148,42,Finance,40455,15,Chennai,485460,4045.5,44500.5,Senior
employee_2149,21,Finance,112746,10,Mumbai,1352952,11274.6,124020.6,Mid-level
employee_2150,49,Data,72673,6,Bangalore,872076,7267.3,79940.3,Mid-level
employee_2151,51,Finance,25974,9,Delhi,311688,2597.4,28571.4,Mid-level
employee_2152,50,IT,37679,13,Pune,452148,3767.9,41446.9,Senior
employee_2153,35,IT,86791,10,Mumbai,1041492,8679.1,95470.1,Mid-level
employee_2154,38,Data,52429,15,Bangalore,629148,5242.900000000001,57671.9,Senior
employee_2155,55,Sales,43073,6,Mumbai,516876,4307.3,47380.3,Mid-level
employee_2156,50,HR,95207,12,Chennai,1142484,9520.7,104727.7,Senior
employee_2157,54,QA,55365,9,Pune,664380,5536.5,60901.5,Mid-level
employee_2158,31,HR,80928,12,Chennai,971136,8092.8,89020.8,Senior
employee_2159,47,Finance,99453,11,Chennai,1193436,9945.300000000001,109398.3,Senior
employee_2160,44,QA,32784,0,Pune,393408,3278.4,36062.4,Fresher
employee_2161,55,Data,37291,2,Delhi,447492,3729.1000000000004,41020.1,Fresher
employee_2162,59,Data,109462,6,Chennai,1313544,10946.2,120408.2,Mid-level
employee_2163,28,Sales,51154,10,Bangalore,613848,5115.400000000001,56269.4,Mid-level
employee_2164,38,QA,50650,12,Bangalore,607800,5065.0,55715.0,Senior
employee_2165,33,IT,93741,4,Mumbai,1124892,9374.1,103115.1,Junior
employee_2166,44,QA,61201,8,Bangalore,734412,6120.1,67321.1,Mid-level
employee_2167,43,Finance,64479,6,Bangalore,773748,6447.900000000001,70926.9,Mid-level
employee_2168,32,IT,97920,2,Mumbai,1175040,9792.0,107712.0,Fresher
employee_2169,50,Data,107797,14,Hyderabad,1293564,10779.7,118576.7,Senior
employee_2170,51,QA,75243,0,Pune,902916,7524.3,82767.3,Fresher
employee_2171,48,HR,93595,4,Bangalore,1123140,9359.5,102954.5,Junior
employee_2172,42,Sales,56734,15,Mumbai,680808,5673.400000000001,62407.4,Senior
employee_2173,48,HR,113927,13,Chennai,1367124,11392.7,125319.7,Senior
employee_2174,33,Sales,106451,14,Chennai,1277412,10645.1,117096.1,Senior
employee_2175,45,Finance,67568,12,Delhi,810816,6756.8,74324.8,Senior
employee_2176,27,HR,50793,9,Bangalore,609516,5079.3,55872.3,Mid-level
employee_2177,26,QA,77204,12,Pune,926448,7720.400000000001,84924.4,Senior
employee_2178,44,QA,71746,4,Mumbai,860952,7174.6,78920.6,Junior
employee_2179,39,HR,56989,6,Delhi,683868,5698.900000000001,62687.9,Mid-level
employee_2180,39,QA,74465,13,Delhi,893580,7446.5,81911.5,Senior
employee_2181,56,Finance,115841,0,Mumbai,1390092,11584.1,127425.1,Fresher
employee_2182,29,IT,86383,9,Mumbai,1036596,8638.300000000001,95021.3,Mid-level
employee_2183,56,Finance,41767,1,Mumbai,501204,4176.7,45943.7,Fresher
employee_2184,58,Sales,63652,10,Mumbai,763824,6365.200000000001,70017.2,Mid-level
employee_2185,60,Finance,108732,5,Pune,1304784,10873.2,119605.2,Junior
employee_2186,49,Sales,109244,7,Mumbai,1310928,10924.400000000001,120168.4,Mid-level
employee_2187,44,QA,38383,3,Pune,460596,3838.3,42221.3,Junior
employee_2188,25,IT,95784,2,Pune,1149408,9578.4,105362.4,Fresher
employee_2189,46,QA,85089,2,Pune,1021068,8508.9,93597.9,Fresher
employee_2190,34,Data,51440,15,Chennai,617280,5144.0,56584.0,Senior
employee_2191,59,QA,77443,2,Hyderabad,929316,7744.3,85187.3,Fresher
employee_2192,49,Sales,81325,1,Delhi,975900,8132.5,89457.5,Fresher
employee_2193,26,QA,111766,0,Bangalore,1341192,11176.6,122942.6,Fresher
employee_2194,27,QA,80919,14,Chennai,971028,8091.900000000001,89010.9,Senior
employee_2195,57,IT,41611,15,Hyderabad,499332,4161.1,45772.1,Senior
employee_2196,38,QA,88483,4,Delhi,1061796,8848.300000000001,97331.3,Junior
employee_2197,43,IT,47457,9,Chennai,569484,4745.7,52202.7,Mid-level
employee_2198,58,HR,35256,4,Delhi,423072,3525.6000000000004,38781.6,Junior
employee_2199,21,Data,79856,15,Pune,958272,7985.6,87841.6,Senior
employee_2200,24,IT,65533,4,Pune,786396,6553.3,72086.3,Junior
employee_2201,55,Sales,53281,3,Mumbai,639372,5328.1,58609.1,Junior
employee_2202,43,HR,92275,14,Pune,1107300,9227.5,101502.5,Senior
employee_2203,47,IT,26525,2,Chennai,318300,2652.5,29177.5,Fresher
employee_2204,46,IT,41453,11,Delhi,497436,4145.3,45598.3,Senior
employee_2205,28,Data,31251,2,Bangalore,375012,3125.1000000000004,34376.1,Fresher
employee_2206,36,Sales,44507,1,Delhi,534084,4450.7,48957.7,Fresher
employee_2207,23,Finance,104396,4,Pune,1252752,10439.6,114835.6,Junior
employee_2208,52,Finance,111644,3,Delhi,1339728,11164.400000000001,122808.4,Junior
employee_2209,25,IT,52906,15,Hyderabad,634872,5290.6,58196.6,Senior
employee_2210,40,QA,98185,15,Delhi,1178220,9818.5,108003.5,Senior
employee_2211,34,Sales,38193,5,Chennai,458316,3819.3,42012.3,Junior
employee_2212,52,HR,106449,1,Hyderabad,1277388,10644.900000000001,117093.9,Fresher
employee_2213,46,QA,89042,1,Mumbai,1068504,8904.2,97946.2,Fresher
employee_2214,26,QA,84516,7,Mumbai,1014192,8451.6,92967.6,Mid-level
employee_2215,56,Sales,106165,5,Delhi,1273980,10616.5,116781.5,Junior
employee_2216,60,IT,55692,2,Bangalore,668304,5569.200000000001,61261.2,Fresher
employee_2217,25,IT,95490,4,Chennai,1145880,9549.0,105039.0,Junior
employee_2218,33,IT,58512,2,Bangalore,702144,5851.200000000001,64363.2,Fresher
employee_2219,52,IT,35719,10,Hyderabad,428628,3571.9,39290.9,Mid-level
employee_2220,36,Finance,80427,1,Bangalore,965124,8042.700000000001,88469.7,Fresher
employee_2221,21,IT,52649,15,Hyderabad,631788,5264.900000000001,57913.9,Senior
employee_2222,33,Finance,37402,2,Bangalore,448824,3740.2000000000003,41142.2,Fresher
employee_2223,31,Finance,34216,0,Mumbai,410592,3421.6000000000004,37637.6,Fresher
employee_2224,28,IT,56050,13,Chennai,672600,5605.0,61655.0,Senior
employee_2225,45,Data,75093,6,Bangalore,901116,7509.3,82602.3,Mid-level
employee_2226,60,HR,30050,5,Delhi,360600,3005.0,33055.0,Junior
employee_2227,52,QA,71716,4,Hyderabad,860592,7171.6,78887.6,Junior
employee_2228,44,Finance,27438,5,Delhi,329256,2743.8,30181.8,Junior
employee_2229,48,Sales,72431,7,Chennai,869172,7243.1,79674.1,Mid-level
employee_2230,34,Sales,41760,2,Delhi,501120,4176.0,45936.0,Fresher
employee_2231,23,HR,102614,2,Mumbai,1231368,10261.400000000001,112875.4,Fresher
employee_2232,56,Sales,41473,11,Mumbai,497676,4147.3,45620.3,Senior
employee_2233,47,Data,68815,4,Pune,825780,6881.5,75696.5,Junior
employee_2234,40,Sales,87460,4,Chennai,1049520,8746.0,96206.0,Junior
employee_2235,35,QA,34257,13,Bangalore,411084,3425.7000000000003,37682.7,Senior
employee_2236,47,QA,112986,10,Mumbai,1355832,11298.6,124284.6,Mid-level
employee_2237,48,Finance,50634,0,Bangalore,607608,5063.400000000001,55697.4,Fresher
employee_2238,45,IT,85403,15,Bangalore,1024836,8540.300000000001,93943.3,Senior
employee_2239,53,Data,71573,15,Hyderabad,858876,7157.3,78730.3,Senior
employee_2240,34,Finance,53648,3,Delhi,643776,5364.8,59012.8,Junior
employee_2241,28,Data,117712,8,Bangalore,1412544,11771.2,129483.2,Mid-level
employee_2242,34,IT,73980,7,Pune,887760,7398.0,81378.0,Mid-level
employee_2243,21,Sales,35296,2,Chennai,423552,3529.6000000000004,38825.6,Fresher
employee_2244,36,Sales,85197,4,Chennai,1022364,8519.7,93716.7,Junior
employee_2245,38,IT,46959,4,Hyderabad,563508,4695.900000000001,51654.9,Junior
employee_2246,27,Finance,39570,6,Pune,474840,3957.0,43527.0,Mid-level
employee_2247,35,IT,60423,7,Delhi,725076,6042.3,66465.3,Mid-level
employee_2248,44,HR,105263,8,Pune,1263156,10526.300000000001,115789.3,Mid-level
employee_2249,33,QA,42899,6,Chennai,514788,4289.900000000001,47188.9,Mid-level
employee_2250,29,Finance,60785,14,Pune,729420,6078.5,66863.5,Senior
employee_2251,35,Data,87806,1,Delhi,1053672,8780.6,96586.6,Fresher
employee_2252,55,HR,81963,7,Mumbai,983556,8196.300000000001,90159.3,Mid-level
employee_2253,44,Finance,102875,7,Bangalore,1234500,10287.5,113162.5,Mid-level
employee_2254,53,IT,59341,10,Bangalore,712092,5934.1,65275.1,Mid-level
employee_2255,36,IT,30597,12,Chennai,367164,3059.7000000000003,33656.7,Senior
employee_2256,28,IT,117648,13,Chennai,1411776,11764.800000000001,129412.8,Senior
employee_2257,49,IT,35244,1,Delhi,422928,3524.4,38768.4,Fresher
employee_2258,43,Data,28796,12,Pune,345552,2879.6000000000004,31675.6,Senior
employee_2259,51,HR,100589,5,Delhi,1207068,10058.900000000001,110647.9,Junior
employee_2260,60,Sales,53528,12,Hyderabad,642336,5352.8,58880.8,Senior
employee_2261,34,QA,43648,9,Chennai,523776,4364.8,48012.8,Mid-level
employee_2262,50,Data,108967,0,Chennai,1307604,10896.7,119863.7,Fresher
employee_2263,59,Data,25535,10,Chennai,306420,2553.5,28088.5,Mid-level
employee_2264,47,Sales,73469,6,Delhi,881628,7346.900000000001,80815.9,Mid-level
employee_2265,36,Sales,89912,9,Delhi,1078944,8991.2,98903.2,Mid-level
employee_2266,26,QA,69493,1,Pune,833916,6949.3,76442.3,Fresher
employee_2267,53,QA,97417,14,Mumbai,1169004,9741.7,107158.7,Senior
employee_2268,38,Sales,70785,15,Chennai,849420,7078.5,77863.5,Senior
employee_2269,36,IT,110017,4,Mumbai,1320204,11001.7,121018.7,Junior
employee_2270,32,Data,91561,15,Delhi,1098732,9156.1,100717.1,Senior
employee_2271,40,Finance,55869,13,Pune,670428,5586.900000000001,61455.9,Senior
employee_2272,60,QA,90094,6,Delhi,1081128,9009.4,99103.4,Mid-level
employee_2273,49,QA,55192,9,Hyderabad,662304,5519.200000000001,60711.2,Mid-level
employee_2274,50,Sales,94157,15,Bangalore,1129884,9415.7,103572.7,Senior
employee_2275,46,HR,111483,10,Bangalore,1337796,11148.300000000001,122631.3,Mid-level
employee_2276,42,Finance,104941,14,Delhi,1259292,10494.1,115435.1,Senior
employee_2277,53,Finance,82544,14,Bangalore,990528,8254.4,90798.4,Senior
employee_2278,59,QA,29403,8,Bangalore,352836,2940.3,32343.3,Mid-level
employee_2279,49,IT,61091,13,Pune,733092,6109.1,67200.1,Senior
employee_2280,42,HR,77510,15,Bangalore,930120,7751.0,85261.0,Senior
employee_2281,33,Finance,113061,0,Pune,1356732,11306.1,124367.1,Fresher
employee_2282,29,QA,30017,15,Hyderabad,360204,3001.7000000000003,33018.7,Senior
employee_2283,44,Finance,64203,8,Chennai,770436,6420.3,70623.3,Mid-level
employee_2284,35,HR,81473,10,Chennai,977676,8147.3,89620.3,Mid-level
employee_2285,56,HR,77123,4,Chennai,925476,7712.3,84835.3,Junior
employee_2286,33,Data,73260,5,Pune,879120,7326.0,80586.0,Junior
employee_2287,47,Sales,70938,13,Pune,851256,7093.8,78031.8,Senior
employee_2288,57,Sales,82929,7,Pune,995148,8292.9,91221.9,Mid-level
employee_2289,27,QA,110265,14,Hyderabad,1323180,11026.5,121291.5,Senior
employee_2290,28,HR,118966,10,Mumbai,1427592,11896.6,130862.6,Mid-level
employee_2291,57,Data,62372,15,Pune,748464,6237.200000000001,68609.2,Senior
employee_2292,34,Data,78252,13,Pune,939024,7825.200000000001,86077.2,Senior
employee_2293,32,Finance,39628,1,Chennai,475536,3962.8,43590.8,Fresher
employee_2294,56,Finance,37501,11,Delhi,450012,3750.1000000000004,41251.1,Senior
employee_2295,60,Data,55131,6,Bangalore,661572,5513.1,60644.1,Mid-level
employee_2296,37,Finance,114102,11,Bangalore,1369224,11410.2,125512.2,Senior
employee_2297,60,HR,114360,3,Hyderabad,1372320,11436.0,125796.0,Junior
employee_2298,49,IT,93348,8,Bangalore,1120176,9334.800000000001,102682.8,Mid-level
employee_2299,47,HR,117862,15,Mumbai,1414344,11786.2,129648.2,Senior
employee_2300,21,Data,34402,5,Chennai,412824,3440.2000000000003,37842.2,Junior
employee_2301,54,Data,116861,15,Hyderabad,1402332,11686.1,128547.1,Senior
employee_2302,24,HR,80956,6,Bangalore,971472,8095.6,89051.6,Mid-level
employee_2303,44,Finance,76920,10,Bangalore,923040,7692.0,84612.0,Mid-level
employee_2304,41,Finance,51000,5,Delhi,612000,5100.0,56100.0,Junior
employee_2305,53,Sales,114795,10,Chennai,1377540,11479.5,126274.5,Mid-level
employee_2306,27,Data,92462,7,Hyderabad,1109544,9246.2,101708.2,Mid-level
employee_2307,21,QA,91392,5,Chennai,1096704,9139.2,100531.2,Junior
employee_2308,23,Sales,30988,6,Hyderabad,371856,3098.8,34086.8,Mid-level
employee_2309,35,Finance,99279,7,Bangalore,1191348,9927.900000000001,109206.9,Mid-level
employee_2310,51,HR,81999,14,Chennai,983988,8199.9,90198.9,Senior
employee_2311,36,Finance,94674,0,Chennai,1136088,9467.4,104141.4,Fresher
employee_2312,30,HR,106618,14,Mumbai,1279416,10661.800000000001,117279.8,Senior
employee_2313,49,Sales,78426,9,Delhi,941112,7842.6,86268.6,Mid-level
employee_2314,26,Data,83824,11,Chennai,1005888,8382.4,92206.4,Senior
employee_2315,49,Finance,99399,3,Hyderabad,1192788,9939.900000000001,109338.9,Junior
employee_2316,37,HR,85659,5,Mumbai,1027908,8565.9,94224.9,Junior
employee_2317,42,Data,62790,0,Chennai,753480,6279.0,69069.0,Fresher
employee_2318,44,QA,47118,3,Chennai,565416,4711.8,51829.8,Junior
employee_2319,37,HR,77025,5,Mumbai,924300,7702.5,84727.5,Junior
employee_2320,41,Sales,84938,6,Bangalore,1019256,8493.800000000001,93431.8,Mid-level
employee_2321,31,QA,30149,12,Chennai,361788,3014.9,33163.9,Senior
employee_2322,27,QA,63079,5,Pune,756948,6307.900000000001,69386.9,Junior
employee_2323,59,IT,27484,10,Delhi,329808,2748.4,30232.4,Mid-level
employee_2324,25,Finance,80474,3,Bangalore,965688,8047.400000000001,88521.4,Junior
employee_2325,41,HR,115727,11,Chennai,1388724,11572.7,127299.7,Senior
employee_2326,38,QA,73601,12,Bangalore,883212,7360.1,80961.1,Senior
employee_2327,55,IT,68809,6,Hyderabad,825708,6880.900000000001,75689.9,Mid-level
employee_2328,40,Sales,45791,9,Bangalore,549492,4579.1,50370.1,Mid-level
employee_2329,35,Data,94343,15,Mumbai,1132116,9434.300000000001,103777.3,Senior
employee_2330,25,HR,51648,13,Chennai,619776,5164.8,56812.8,Senior
employee_2331,33,QA,56090,1,Bangalore,673080,5609.0,61699.0,Fresher
employee_2332,32,Finance,115636,5,Pune,1387632,11563.6,127199.6,Junior
employee_2333,41,IT,42857,4,Hyderabad,514284,4285.7,47142.7,Junior
employee_2334,57,QA,87327,1,Hyderabad,1047924,8732.7,96059.7,Fresher
employee_2335,26,Finance,118386,8,Bangalore,1420632,11838.6,130224.6,Mid-level
employee_2336,27,QA,67967,12,Mumbai,815604,6796.700000000001,74763.7,Senior
employee_2337,46,HR,78709,6,Hyderabad,944508,7870.900000000001,86579.9,Mid-level
employee_2338,28,HR,92948,15,Bangalore,1115376,9294.800000000001,102242.8,Senior
employee_2339,29,HR,73861,13,Bangalore,886332,7386.1,81247.1,Senior
employee_2340,47,Sales,93718,2,Hyderabad,1124616,9371.800000000001,103089.8,Fresher
employee_2341,24,Sales,45948,14,Bangalore,551376,4594.8,50542.8,Senior
employee_2342,41,IT,58782,6,Bangalore,705384,5878.200000000001,64660.2,Mid-level
employee_2343,51,HR,75756,10,Delhi,909072,7575.6,83331.6,Mid-level
employee_2344,41,Finance,107789,10,Pune,1293468,10778.900000000001,118567.9,Mid-level
employee_2345,60,QA,93388,5,Bangalore,1120656,9338.800000000001,102726.8,Junior
employee_2346,45,Data,109528,6,Delhi,1314336,10952.800000000001,120480.8,Mid-level
employee_2347,59,Finance,91809,3,Delhi,1101708,9180.9,100989.9,Junior
employee_2348,35,Sales,32649,12,Bangalore,391788,3264.9,35913.9,Senior
employee_2349,55,Sales,54002,12,Mumbai,648024,5400.200000000001,59402.2,Senior
employee_2350,57,Finance,59723,15,Hyderabad,716676,5972.3,65695.3,Senior
employee_2351,48,Sales,99314,9,Delhi,1191768,9931.400000000001,109245.4,Mid-level
employee_2352,34,HR,115312,12,Delhi,1383744,11531.2,126843.2,Senior
employee_2353,24,IT,95085,7,Mumbai,1141020,9508.5,104593.5,Mid-level
employee_2354,40,QA,106399,7,Chennai,1276788,10639.900000000001,117038.9,Mid-level
employee_2355,54,IT,36809,6,Mumbai,441708,3680.9,40489.9,Mid-level
employee_2356,32,QA,83169,12,Chennai,998028,8316.9,91485.9,Senior
employee_2357,53,QA,33302,6,Chennai,399624,3330.2000000000003,36632.2,Mid-level
employee_2358,44,IT,33100,9,Mumbai,397200,3310.0,36410.0,Mid-level
employee_2359,40,Finance,93447,12,Pune,1121364,9344.7,102791.7,Senior
employee_2360,25,QA,102627,12,Mumbai,1231524,10262.7,112889.7,Senior
employee_2361,58,IT,99635,7,Delhi,1195620,9963.5,109598.5,Mid-level
employee_2362,50,QA,80020,0,Hyderabad,960240,8002.0,88022.0,Fresher
employee_2363,44,Data,30663,5,Mumbai,367956,3066.3,33729.3,Junior
employee_2364,60,Finance,118827,1,Pune,1425924,11882.7,130709.7,Fresher
employee_2365,27,HR,69649,0,Mumbai,835788,6964.900000000001,76613.9,Fresher
employee_2366,56,QA,72136,11,Pune,865632,7213.6,79349.6,Senior
employee_2367,58,Data,61104,9,Hyderabad,733248,6110.400000000001,67214.4,Mid-level
employee_2368,36,HR,64137,6,Bangalore,769644,6413.700000000001,70550.7,Mid-level
employee_2369,35,HR,27534,5,Pune,330408,2753.4,30287.4,Junior
employee_2370,43,QA,92762,4,Pune,1113144,9276.2,102038.2,Junior
employee_2371,32,IT,77445,14,Delhi,929340,7744.5,85189.5,Senior
employee_2372,49,QA,34585,4,Pune,415020,3458.5,38043.5,Junior
employee_2373,35,Data,117796,8,Hyderabad,1413552,11779.6,129575.6,Mid-level
employee_2374,49,HR,117947,8,Chennai,1415364,11794.7,129741.7,Mid-level
employee_2375,41,QA,101438,11,Pune,1217256,10143.800000000001,111581.8,Senior
employee_2376,35,IT,61392,11,Hyderabad,736704,6139.200000000001,67531.2,Senior
employee_2377,34,QA,109267,5,Delhi,1311204,10926.7,120193.7,Junior
employee_2378,36,Finance,108324,12,Delhi,1299888,10832.400000000001,119156.4,Senior
employee_2379,35,IT,56126,14,Bangalore,673512,5612.6,61738.6,Senior
employee_2380,24,Data,67485,2,Pune,809820,6748.5,74233.5,Fresher
employee_2381,47,HR,70798,6,Chennai,849576,7079.8,77877.8,Mid-level
employee_2382,43,QA,93310,15,Hyderabad,1119720,9331.0,102641.0,Senior
employee_2383,49,IT,34017,3,Bangalore,408204,3401.7000000000003,37418.7,Junior
employee_2384,29,Finance,50700,4,Chennai,608400,5070.0,55770.0,Junior
employee_2385,27,IT,115680,6,Bangalore,1388160,11568.0,127248.0,Mid-level
employee_2386,24,Sales,61507,14,Chennai,738084,6150.700000000001,67657.7,Senior
employee_2387,25,Finance,72679,11,Mumbai,872148,7267.900000000001,79946.9,Senior
employee_2388,25,Data,117221,15,Mumbai,1406652,11722.1,128943.1,Senior
employee_2389,31,HR,114938,6,Mumbai,1379256,11493.800000000001,126431.8,Mid-level
employee_2390,48,Data,62232,14,Bangalore,746784,6223.200000000001,68455.2,Senior
employee_2391,36,QA,114661,9,Mumbai,1375932,11466.1,126127.1,Mid-level
employee_2392,50,IT,49020,7,Hyderabad,588240,4902.0,53922.0,Mid-level
employee_2393,24,Sales,82172,0,Hyderabad,986064,8217.2,90389.2,Fresher
employee_2394,22,Finance,38746,4,Mumbai,464952,3874.6000000000004,42620.6,Junior
employee_2395,23,Finance,88537,14,Chennai,1062444,8853.7,97390.7,Senior
employee_2396,41,IT,29094,11,Chennai,349128,2909.4,32003.4,Senior
employee_2397,26,Sales,93466,8,Bangalore,1121592,9346.6,102812.6,Mid-level
employee_2398,38,IT,55755,15,Chennai,669060,5575.5,61330.5,Senior
employee_2399,25,QA,36552,14,Pune,438624,3655.2000000000003,40207.2,Senior
employee_2400,29,Data,84491,6,Chennai,1013892,8449.1,92940.1,Mid-level
employee_2401,40,Finance,44779,10,Hyderabad,537348,4477.900000000001,49256.9,Mid-level
employee_2402,48,QA,54000,11,Delhi,648000,5400.0,59400.0,Senior
employee_2403,46,Data,110639,12,Chennai,1327668,11063.900000000001,121702.9,Senior
employee_2404,38,QA,78953,1,Bangalore,947436,7895.3,86848.3,Fresher
employee_2405,39,Sales,82564,0,Chennai,990768,8256.4,90820.4,Fresher
employee_2406,23,Finance,39102,7,Bangalore,469224,3910.2000000000003,43012.2,Mid-level
employee_2407,29,IT,26861,8,Pune,322332,2686.1000000000004,29547.1,Mid-level
employee_2408,56,IT,68574,9,Mumbai,822888,6857.400000000001,75431.4,Mid-level
employee_2409,51,Data,57682,4,Pune,692184,5768.200000000001,63450.2,Junior
employee_2410,37,HR,103819,13,Hyderabad,1245828,10381.900000000001,114200.9,Senior
employee_2411,43,Sales,116133,15,Delhi,1393596,11613.300000000001,127746.3,Senior
employee_2412,54,Data,102972,10,Pune,1235664,10297.2,113269.2,Mid-level
employee_2413,25,HR,118960,5,Pune,1427520,11896.0,130856.0,Junior
employee_2414,35,QA,90185,15,Hyderabad,1082220,9018.5,99203.5,Senior
employee_2415,23,Sales,99426,14,Hyderabad,1193112,9942.6,109368.6,Senior
employee_2416,39,QA,73120,1,Mumbai,877440,7312.0,80432.0,Fresher
employee_2417,48,Finance,63297,10,Mumbai,759564,6329.700000000001,69626.7,Mid-level
employee_2418,23,Sales,33299,4,Chennai,399588,3329.9,36628.9,Junior
employee_2419,58,HR,66348,11,Bangalore,796176,6634.8,72982.8,Senior
employee_2420,24,Finance,66384,3,Hyderabad,796608,6638.400000000001,73022.4,Junior
employee_2421,44,IT,101693,7,Pune,1220316,10169.300000000001,111862.3,Mid-level
employee_2422,51,HR,57687,7,Pune,692244,5768.700000000001,63455.7,Mid-level
employee_2423,31,Data,89577,13,Mumbai,1074924,8957.7,98534.7,Senior
employee_2424,57,IT,85047,4,Bangalore,1020564,8504.7,93551.7,Junior
employee_2425,21,IT,35191,10,Hyderabad,422292,3519.1000000000004,38710.1,Mid-level
employee_2426,29,Data,81884,7,Mumbai,982608,8188.400000000001,90072.4,Mid-level
employee_2427,37,Sales,79911,15,Bangalore,958932,7991.1,87902.1,Senior
employee_2428,21,IT,102303,5,Hyderabad,1227636,10230.300000000001,112533.3,Junior
employee_2429,23,HR,108447,9,Pune,1301364,10844.7,119291.7,Mid-level
employee_2430,46,Finance,119165,5,Pune,1429980,11916.5,131081.5,Junior
employee_2431,51,IT,117480,12,Mumbai,1409760,11748.0,129228.0,Senior
employee_2432,46,HR,68726,14,Bangalore,824712,6872.6,75598.6,Senior
employee_2433,43,QA,59623,12,Pune,715476,5962.3,65585.3,Senior
employee_2434,50,HR,108517,3,Bangalore,1302204,10851.7,119368.7,Junior
employee_2435,30,Finance,75000,9,Mumbai,900000,7500.0,82500.0,Mid-level
employee_2436,28,HR,96494,11,Chennai,1157928,9649.4,106143.4,Senior
employee_2437,45,Data,105241,10,Bangalore,1262892,10524.1,115765.1,Mid-level
employee_2438,42,Finance,88027,2,Delhi,1056324,8802.7,96829.7,Fresher
employee_2439,35,Sales,83995,8,Bangalore,1007940,8399.5,92394.5,Mid-level
employee_2440,30,QA,67876,4,Mumbai,814512,6787.6,74663.6,Junior
employee_2441,40,Data,76070,9,Delhi,912840,7607.0,83677.0,Mid-level
employee_2442,43,Sales,115688,9,Chennai,1388256,11568.800000000001,127256.8,Mid-level
employee_2443,21,HR,91224,3,Pune,1094688,9122.4,100346.4,Junior
employee_2444,22,Finance,50365,5,Hyderabad,604380,5036.5,55401.5,Junior
employee_2445,39,QA,54663,13,Mumbai,655956,5466.3,60129.3,Senior
employee_2446,34,Data,90436,3,Hyderabad,1085232,9043.6,99479.6,Junior
employee_2447,28,Sales,108275,14,Chennai,1299300,10827.5,119102.5,Senior
employee_2448,58,Sales,88211,5,Delhi,1058532,8821.1,97032.1,Junior
employee_2449,32,QA,35909,9,Chennai,430908,3590.9,39499.9,Mid-level
employee_2450,46,HR,85883,7,Bangalore,1030596,8588.300000000001,94471.3,Mid-level
employee_2451,47,QA,37713,15,Hyderabad,452556,3771.3,41484.3,Senior
employee_2452,49,Sales,37614,7,Hyderabad,451368,3761.4,41375.4,Mid-level
employee_2453,35,IT,45734,11,Chennai,548808,4573.400000000001,50307.4,Senior
employee_2454,21,Data,55709,15,Delhi,668508,5570.900000000001,61279.9,Senior
employee_2455,48,QA,47885,5,Hyderabad,574620,4788.5,52673.5,Junior
employee_2456,23,Sales,96622,0,Pune,1159464,9662.2,106284.2,Fresher
employee_2457,38,HR,103267,12,Chennai,1239204,10326.7,113593.7,Senior
employee_2458,54,Sales,111128,0,Bangalore,1333536,11112.800000000001,122240.8,Fresher
employee_2459,52,HR,38341,13,Bangalore,460092,3834.1000000000004,42175.1,Senior
employee_2460,49,QA,64435,2,Bangalore,773220,6443.5,70878.5,Fresher
employee_2461,45,HR,37976,1,Hyderabad,455712,3797.6000000000004,41773.6,Fresher
employee_2462,46,Finance,107910,0,Chennai,1294920,10791.0,118701.0,Fresher
employee_2463,59,Finance,102869,0,Bangalore,1234428,10286.900000000001,113155.9,Fresher
employee_2464,28,Finance,30290,11,Chennai,363480,3029.0,33319.0,Senior
employee_2465,39,IT,70812,11,Hyderabad,849744,7081.200000000001,77893.2,Senior
employee_2466,42,QA,75528,11,Pune,906336,7552.8,83080.8,Senior
employee_2467,49,Sales,83570,5,Pune,1002840,8357.0,91927.0,Junior
employee_2468,53,Sales,81399,6,Pune,976788,8139.900000000001,89538.9,Mid-level
employee_2469,58,IT,73437,14,Hyderabad,881244,7343.700000000001,80780.7,Senior
employee_2470,55,HR,114122,7,Bangalore,1369464,11412.2,125534.2,Mid-level
employee_2471,23,IT,82907,2,Hyderabad,994884,8290.7,91197.7,Fresher
employee_2472,39,HR,106876,0,Chennai,1282512,10687.6,117563.6,Fresher
employee_2473,30,HR,73723,4,Pune,884676,7372.3,81095.3,Junior
employee_2474,47,Data,60655,7,Chennai,727860,6065.5,66720.5,Mid-level
employee_2475,35,Sales,80833,15,Hyderabad,969996,8083.3,88916.3,Senior
employee_2476,31,Finance,105096,11,Mumbai,1261152,10509.6,115605.6,Senior
employee_2477,46,HR,48997,10,Mumbai,587964,4899.7,53896.7,Mid-level
employee_2478,44,Data,91876,13,Hyderabad,1102512,9187.6,101063.6,Senior
employee_2479,33,Sales,51013,15,Bangalore,612156,5101.3,56114.3,Senior
employee_2480,52,Finance,57862,10,Delhi,694344,5786.200000000001,63648.2,Mid-level
employee_2481,57,HR,77448,3,Chennai,929376,7744.8,85192.8,Junior
employee_2482,24,HR,112818,1,Hyderabad,1353816,11281.800000000001,124099.8,Fresher
employee_2483,33,IT,70608,15,Hyderabad,847296,7060.8,77668.8,Senior
employee_2484,29,IT,109612,8,Mumbai,1315344,10961.2,120573.2,Mid-level
employee_2485,54,Sales,65894,11,Pune,790728,6589.400000000001,72483.4,Senior
employee_2486,57,Finance,110201,12,Pune,1322412,11020.1,121221.1,Senior
employee_2487,27,HR,75649,8,Delhi,907788,7564.900000000001,83213.9,Mid-level
employee_2488,21,Sales,87104,2,Bangalore,1045248,8710.4,95814.4,Fresher
employee_2489,32,Sales,101459,6,Bangalore,1217508,10145.900000000001,111604.9,Mid-level
employee_2490,41,QA,64821,12,Delhi,777852,6482.1,71303.1,Senior
employee_2491,31,IT,72940,0,Bangalore,875280,7294.0,80234.0,Fresher
employee_2492,34,Finance,35935,7,Mumbai,431220,3593.5,39528.5,Mid-level
employee_2493,54,HR,114577,7,Hyderabad,1374924,11457.7,126034.7,Mid-level
employee_2494,54,Sales,37467,12,Bangalore,449604,3746.7000000000003,41213.7,Senior
employee_2495,45,HR,36073,2,Mumbai,432876,3607.3,39680.3,Fresher
employee_2496,24,QA,32691,15,Chennai,392292,3269.1000000000004,35960.1,Senior
employee_2497,46,Finance,71538,15,Hyderabad,858456,7153.8,78691.8,Senior
employee_2498,36,Sales,49490,11,Delhi,593880,4949.0,54439.0,Senior
employee_2499,30,HR,40688,14,Chennai,488256,4068.8,44756.8,Senior
employee_2500,22,IT,75650,4,Pune,907800,7565.0,83215.0,Junior
employee_2501,55,QA,38829,3,Pune,465948,3882.9,42711.9,Junior
employee_2502,39,Finance,28086,6,Hyderabad,337032,2808.6000000000004,30894.6,Mid-level
employee_2503,26,QA,27590,10,Bangalore,331080,2759.0,30349.0,Mid-level
employee_2504,39,IT,64893,6,Hyderabad,778716,6489.3,71382.3,Mid-level
employee_2505,28,Finance,98396,10,Bangalore,1180752,9839.6,108235.6,Mid-level
employee_2506,34,QA,63176,7,Delhi,758112,6317.6,69493.6,Mid-level
employee_2507,30,Data,92484,4,Pune,1109808,9248.4,101732.4,Junior
employee_2508,23,IT,51295,12,Hyderabad,615540,5129.5,56424.5,Senior
employee_2509,58,IT,63131,10,Hyderabad,757572,6313.1,69444.1,Mid-level
employee_2510,49,IT,69893,4,Delhi,838716,6989.3,76882.3,Junior
employee_2511,35,Data,36924,7,Bangalore,443088,3692.4,40616.4,Mid-level
employee_2512,43,Data,35851,4,Pune,430212,3585.1000000000004,39436.1,Junior
employee_2513,43,HR,32734,12,Pune,392808,3273.4,36007.4,Senior
employee_2514,38,Sales,67681,13,Bangalore,812172,6768.1,74449.1,Senior
employee_2515,39,QA,30293,12,Delhi,363516,3029.3,33322.3,Senior
employee_2516,48,HR,78203,0,Bangalore,938436,7820.3,86023.3,Fresher
employee_2517,46,QA,38820,10,Delhi,465840,3882.0,42702.0,Mid-level
employee_2518,30,Sales,92827,2,Bangalore,1113924,9282.7,102109.7,Fresher
employee_2519,24,Data,72163,1,Pune,865956,7216.3,79379.3,Fresher
employee_2520,22,Sales,37391,11,Pune,448692,3739.1000000000004,41130.1,Senior
employee_2521,23,Data,66970,9,Hyderabad,803640,6697.0,73667.0,Mid-level
employee_2522,27,Sales,71823,4,Delhi,861876,7182.3,79005.3,Junior
employee_2523,36,HR,55796,12,Pune,669552,5579.6,61375.6,Senior
employee_2524,51,Finance,108127,7,Delhi,1297524,10812.7,118939.7,Mid-level
employee_2525,30,HR,61389,15,Delhi,736668,6138.900000000001,67527.9,Senior
employee_2526,39,QA,28352,14,Chennai,340224,2835.2000000000003,31187.2,Senior
employee_2527,48,HR,108598,8,Chennai,1303176,10859.800000000001,119457.8,Mid-level
employee_2528,37,IT,53172,8,Bangalore,638064,5317.200000000001,58489.2,Mid-level
employee_2529,48,QA,35937,0,Delhi,431244,3593.7000000000003,39530.7,Fresher
employee_2530,39,Sales,118657,0,Bangalore,1423884,11865.7,130522.7,Fresher
employee_2531,57,QA,105138,0,Bangalore,1261656,10513.800000000001,115651.8,Fresher
employee_2532,43,Finance,113672,0,Hyderabad,1364064,11367.2,125039.2,Fresher
employee_2533,40,Data,91481,8,Chennai,1097772,9148.1,100629.1,Mid-level
employee_2534,33,Sales,110348,0,Chennai,1324176,11034.800000000001,121382.8,Fresher
employee_2535,33,QA,98509,6,Pune,1182108,9850.900000000001,108359.9,Mid-level
employee_2536,31,Sales,48552,5,Chennai,582624,4855.2,53407.2,Junior
employee_2537,35,Sales,39118,8,Pune,469416,3911.8,43029.8,Mid-level
employee_2538,37,Sales,36290,10,Delhi,435480,3629.0,39919.0,Mid-level
employee_2539,48,Data,50123,8,Hyderabad,601476,5012.3,55135.3,Mid-level
employee_2540,39,HR,106919,3,Bangalore,1283028,10691.900000000001,117610.9,Junior
employee_2541,24,Sales,84551,8,Bangalore,1014612,8455.1,93006.1,Mid-level
employee_2542,42,IT,77136,13,Delhi,925632,7713.6,84849.6,Senior
employee_2543,42,Finance,88886,14,Pune,1066632,8888.6,97774.6,Senior
employee_2544,57,Data,100902,15,Mumbai,1210824,10090.2,110992.2,Senior
employee_2545,59,QA,92333,15,Delhi,1107996,9233.300000000001,101566.3,Senior
employee_2546,54,Data,116992,12,Pune,1403904,11699.2,128691.2,Senior
employee_2547,53,QA,69016,13,Delhi,828192,6901.6,75917.6,Senior
employee_2548,60,Data,46427,5,Hyderabad,557124,4642.7,51069.7,Junior
employee_2549,53,QA,27257,4,Delhi,327084,2725.7000000000003,29982.7,Junior
employee_2550,32,Sales,92733,8,Delhi,1112796,9273.300000000001,102006.3,Mid-level
employee_2551,22,HR,33222,14,Chennai,398664,3322.2000000000003,36544.2,Senior
employee_2552,48,QA,50187,6,Pune,602244,5018.700000000001,55205.7,Mid-level
employee_2553,30,QA,104688,8,Hyderabad,1256256,10468.800000000001,115156.8,Mid-level
employee_2554,42,IT,45781,4,Bangalore,549372,4578.1,50359.1,Junior
employee_2555,37,QA,36004,3,Mumbai,432048,3600.4,39604.4,Junior
employee_2556,46,IT,82600,9,Mumbai,991200,8260.0,90860.0,Mid-level
employee_2557,23,Finance,50515,2,Pune,606180,5051.5,55566.5,Fresher
employee_2558,27,Sales,105952,4,Delhi,1271424,10595.2,116547.2,Junior
employee_2559,28,IT,96688,8,Chennai,1160256,9668.800000000001,106356.8,Mid-level
employee_2560,40,HR,97708,2,Delhi,1172496,9770.800000000001,107478.8,Fresher
employee_2561,32,Sales,28185,15,Pune,338220,2818.5,31003.5,Senior
employee_2562,55,IT,115888,15,Mumbai,1390656,11588.800000000001,127476.8,Senior
employee_2563,37,Sales,79476,0,Mumbai,953712,7947.6,87423.6,Fresher
employee_2564,48,Sales,56212,1,Delhi,674544,5621.200000000001,61833.2,Fresher
employee_2565,30,Sales,117154,9,Delhi,1405848,11715.400000000001,128869.4,Mid-level
employee_2566,42,Finance,99697,4,Delhi,1196364,9969.7,109666.7,Junior
employee_2567,58,HR,73533,2,Bangalore,882396,7353.3,80886.3,Fresher
employee_2568,53,Data,108003,5,Chennai,1296036,10800.300000000001,118803.3,Junior
employee_2569,42,Data,112125,14,Chennai,1345500,11212.5,123337.5,Senior
employee_2570,57,IT,62630,14,Mumbai,751560,6263.0,68893.0,Senior
employee_2571,33,Sales,93606,10,Mumbai,1123272,9360.6,102966.6,Mid-level
employee_2572,47,IT,99099,7,Pune,1189188,9909.900000000001,109008.9,Mid-level
employee_2573,35,Finance,115790,5,Pune,1389480,11579.0,127369.0,Junior
employee_2574,42,Finance,41585,15,Bangalore,499020,4158.5,45743.5,Senior
employee_2575,50,QA,74240,9,Mumbai,890880,7424.0,81664.0,Mid-level
employee_2576,60,Finance,39772,8,Pune,477264,3977.2000000000003,43749.2,Mid-level
employee_2577,57,QA,104991,14,Bangalore,1259892,10499.1,115490.1,Senior
employee_2578,54,HR,96835,5,Chennai,1162020,9683.5,106518.5,Junior
employee_2579,54,IT,100724,13,Mumbai,1208688,10072.400000000001,110796.4,Senior
employee_2580,55,HR,115299,4,Hyderabad,1383588,11529.900000000001,126828.9,Junior
employee_2581,39,Finance,112091,3,Mumbai,1345092,11209.1,123300.1,Junior
employee_2582,28,HR,119859,1,Pune,1438308,11985.900000000001,131844.9,Fresher
employee_2583,59,HR,42938,5,Mumbai,515256,4293.8,47231.8,Junior
employee_2584,53,HR,46983,15,Hyderabad,563796,4698.3,51681.3,Senior
employee_2585,48,Finance,37874,15,Mumbai,454488,3787.4,41661.4,Senior
employee_2586,57,Sales,115341,1,Pune,1384092,11534.1,126875.1,Fresher
employee_2587,45,HR,85896,15,Chennai,1030752,8589.6,94485.6,Senior
employee_2588,56,QA,71209,4,Pune,854508,7120.900000000001,78329.9,Junior
employee_2589,37,Finance,57822,0,Bangalore,693864,5782.200000000001,63604.2,Fresher
employee_2590,44,HR,45750,2,Pune,549000,4575.0,50325.0,Fresher
employee_2591,41,Sales,67083,9,Bangalore,804996,6708.3,73791.3,Mid-level
employee_2592,22,Finance,52946,4,Mumbai,635352,5294.6,58240.6,Junior
employee_2593,51,Data,26552,12,Bangalore,318624,2655.2000000000003,29207.2,Senior
employee_2594,53,Sales,98331,12,Delhi,1179972,9833.1,108164.1,Senior
employee_2595,50,QA,30271,6,Mumbai,363252,3027.1000000000004,33298.1,Mid-level
employee_2596,32,HR,105201,7,Bangalore,1262412,10520.1,115721.1,Mid-level
employee_2597,32,Data,90651,6,Pune,1087812,9065.1,99716.1,Mid-level
employee_2598,44,Data,53994,6,Hyderabad,647928,5399.400000000001,59393.4,Mid-level
employee_2599,44,Finance,52186,10,Mumbai,626232,5218.6,57404.6,Mid-level
employee_2600,31,Data,55267,14,Bangalore,663204,5526.700000000001,60793.7,Senior
employee_2601,33,QA,64140,1,Hyderabad,769680,6414.0,70554.0,Fresher
employee_2602,47,QA,49935,5,Bangalore,599220,4993.5,54928.5,Junior
employee_2603,28,IT,56748,4,Bangalore,680976,5674.8,62422.8,Junior
employee_2604,30,QA,115139,10,Bangalore,1381668,11513.900000000001,126652.9,Mid-level
employee_2605,28,Sales,28837,14,Pune,346044,2883.7000000000003,31720.7,Senior
employee_2606,40,Data,89875,8,Bangalore,1078500,8987.5,98862.5,Mid-level
employee_2607,28,QA,87694,11,Hyderabad,1052328,8769.4,96463.4,Senior
employee_2608,29,Finance,34610,9,Delhi,415320,3461.0,38071.0,Mid-level
employee_2609,27,IT,53615,10,Bangalore,643380,5361.5,58976.5,Mid-level
employee_2610,34,Data,101644,3,Delhi,1219728,10164.400000000001,111808.4,Junior
employee_2611,48,IT,47347,11,Chennai,568164,4734.7,52081.7,Senior
employee_2612,22,Data,59062,6,Mumbai,708744,5906.200000000001,64968.2,Mid-level
employee_2613,28,Finance,80122,10,Pune,961464,8012.200000000001,88134.2,Mid-level
employee_2614,33,IT,73431,7,Chennai,881172,7343.1,80774.1,Mid-level
employee_2615,41,HR,98086,13,Chennai,1177032,9808.6,107894.6,Senior
employee_2616,48,Sales,53205,5,Hyderabad,638460,5320.5,58525.5,Junior
employee_2617,55,Sales,43459,2,Hyderabad,521508,4345.900000000001,47804.9,Fresher
employee_2618,43,Data,48750,10,Delhi,585000,4875.0,53625.0,Mid-level
employee_2619,35,HR,52729,4,Delhi,632748,5272.900000000001,58001.9,Junior
employee_2620,22,IT,63585,0,Pune,763020,6358.5,69943.5,Fresher
employee_2621,32,HR,108698,13,Pune,1304376,10869.800000000001,119567.8,Senior
employee_2622,56,HR,70635,12,Mumbai,847620,7063.5,77698.5,Senior
employee_2623,23,IT,69854,7,Bangalore,838248,6985.400000000001,76839.4,Mid-level
employee_2624,25,Finance,101226,11,Pune,1214712,10122.6,111348.6,Senior
employee_2625,23,HR,54104,11,Pune,649248,5410.400000000001,59514.4,Senior
employee_2626,39,HR,107293,11,Delhi,1287516,10729.300000000001,118022.3,Senior
employee_2627,22,Finance,39770,10,Bangalore,477240,3977.0,43747.0,Mid-level
employee_2628,57,HR,100993,15,Mumbai,1211916,10099.300000000001,111092.3,Senior
employee_2629,37,HR,42957,1,Hyderabad,515484,4295.7,47252.7,Fresher
employee_2630,34,HR,80178,12,Mumbai,962136,8017.8,88195.8,Senior
employee_2631,48,Sales,45828,9,Bangalore,549936,4582.8,50410.8,Mid-level
employee_2632,47,QA,42171,6,Hyderabad,506052,4217.1,46388.1,Mid-level
employee_2633,30,Finance,86465,8,Hyderabad,1037580,8646.5,95111.5,Mid-level
employee_2634,23,HR,38146,0,Hyderabad,457752,3814.6000000000004,41960.6,Fresher
employee_2635,56,Sales,71266,12,Mumbai,855192,7126.6,78392.6,Senior
employee_2636,58,Finance,70939,3,Delhi,851268,7093.900000000001,78032.9,Junior
employee_2637,45,Data,39202,6,Bangalore,470424,3920.2000000000003,43122.2,Mid-level
employee_2638,42,Data,62142,13,Mumbai,745704,6214.200000000001,68356.2,Senior
employee_2639,59,HR,88828,15,Mumbai,1065936,8882.800000000001,97710.8,Senior
employee_2640,50,Sales,112367,8,Chennai,1348404,11236.7,123603.7,Mid-level
employee_2641,41,Sales,84046,1,Pune,1008552,8404.6,92450.6,Fresher
employee_2642,50,Finance,34849,1,Mumbai,418188,3484.9,38333.9,Fresher
employee_2643,48,Finance,84272,5,Chennai,1011264,8427.2,92699.2,Junior
employee_2644,51,Sales,45439,2,Delhi,545268,4543.900000000001,49982.9,Fresher
employee_2645,46,Finance,107526,3,Delhi,1290312,10752.6,118278.6,Junior
employee_2646,42,Sales,103872,2,Bangalore,1246464,10387.2,114259.2,Fresher
employee_2647,41,QA,60344,12,Chennai,724128,6034.400000000001,66378.4,Senior
employee_2648,21,Sales,113489,0,Mumbai,1361868,11348.900000000001,124837.9,Fresher
employee_2649,57,Data,78276,13,Bangalore,939312,7827.6,86103.6,Senior
employee_2650,33,Finance,30051,13,Chennai,360612,3005.1000000000004,33056.1,Senior
employee_2651,41,Sales,74474,5,Mumbai,893688,7447.400000000001,81921.4,Junior
employee_2652,29,Sales,100604,10,Bangalore,1207248,10060.400000000001,110664.4,Mid-level
employee_2653,37,Finance,41967,15,Bangalore,503604,4196.7,46163.7,Senior
employee_2654,41,QA,46773,10,Pune,561276,4677.3,51450.3,Mid-level
employee_2655,51,QA,99383,12,Delhi,1192596,9938.300000000001,109321.3,Senior
employee_2656,59,Finance,95417,1,Mumbai,1145004,9541.7,104958.7,Fresher
employee_2657,42,IT,66182,1,Pune,794184,6618.200000000001,72800.2,Fresher
employee_2658,32,Finance,88589,6,Bangalore,1063068,8858.9,97447.9,Mid-level
employee_2659,26,Finance,98235,4,Bangalore,1178820,9823.5,108058.5,Junior
employee_2660,36,QA,49180,7,Chennai,590160,4918.0,54098.0,Mid-level
employee_2661,46,QA,89372,13,Pune,1072464,8937.2,98309.2,Senior
employee_2662,25,Finance,76372,1,Hyderabad,916464,7637.200000000001,84009.2,Fresher
employee_2663,29,Finance,94086,12,Mumbai,1129032,9408.6,103494.6,Senior
employee_2664,60,Finance,47163,9,Delhi,565956,4716.3,51879.3,Mid-level
employee_2665,34,QA,88089,7,Pune,1057068,8808.9,96897.9,Mid-level
employee_2666,50,Finance,57934,6,Bangalore,695208,5793.400000000001,63727.4,Mid-level
employee_2667,46,Finance,80595,12,Chennai,967140,8059.5,88654.5,Senior
employee_2668,49,HR,51592,9,Mumbai,619104,5159.200000000001,56751.2,Mid-level
employee_2669,39,IT,48039,13,Delhi,576468,4803.900000000001,52842.9,Senior
employee_2670,28,Data,89099,7,Mumbai,1069188,8909.9,98008.9,Mid-level
employee_2671,43,IT,114262,10,Chennai,1371144,11426.2,125688.2,Mid-level
employee_2672,55,HR,59018,15,Bangalore,708216,5901.8,64919.8,Senior
employee_2673,51,Data,78158,2,Delhi,937896,7815.8,85973.8,Fresher
employee_2674,55,Finance,29558,7,Hyderabad,354696,2955.8,32513.8,Mid-level
employee_2675,52,HR,57174,14,Chennai,686088,5717.400000000001,62891.4,Senior
employee_2676,25,Finance,67631,5,Hyderabad,811572,6763.1,74394.1,Junior
employee_2677,36,QA,92687,1,Pune,1112244,9268.7,101955.7,Fresher
employee_2678,37,Sales,40552,5,Mumbai,486624,4055.2000000000003,44607.2,Junior
employee_2679,52,HR,60065,4,Delhi,720780,6006.5,66071.5,Junior
employee_2680,58,QA,27614,2,Bangalore,331368,2761.4,30375.4,Fresher
employee_2681,52,HR,59647,0,Hyderabad,715764,5964.700000000001,65611.7,Fresher
employee_2682,40,HR,82940,6,Bangalore,995280,8294.0,91234.0,Mid-level
employee_2683,22,QA,25620,1,Pune,307440,2562.0,28182.0,Fresher
employee_2684,40,Data,48082,0,Hyderabad,576984,4808.2,52890.2,Fresher
employee_2685,38,IT,46891,0,Bangalore,562692,4689.1,51580.1,Fresher
employee_2686,21,Finance,87395,15,Bangalore,1048740,8739.5,96134.5,Senior
employee_2687,49,HR,75955,6,Pune,911460,7595.5,83550.5,Mid-level
employee_2688,49,Finance,57314,11,Chennai,687768,5731.400000000001,63045.4,Senior
employee_2689,39,Sales,48500,0,Delhi,582000,4850.0,53350.0,Fresher
employee_2690,60,QA,78685,8,Pune,944220,7868.5,86553.5,Mid-level
employee_2691,26,Finance,89783,5,Hyderabad,1077396,8978.300000000001,98761.3,Junior
employee_2692,59,QA,75189,3,Hyderabad,902268,7518.900000000001,82707.9,Junior
employee_2693,28,Finance,118554,11,Mumbai,1422648,11855.400000000001,130409.4,Senior
employee_2694,44,IT,44567,3,Bangalore,534804,4456.7,49023.7,Junior
employee_2695,40,IT,50978,14,Delhi,611736,5097.8,56075.8,Senior
employee_2696,34,IT,101089,12,Hyderabad,1213068,10108.900000000001,111197.9,Senior
employee_2697,25,IT,34630,11,Chennai,415560,3463.0,38093.0,Senior
employee_2698,60,IT,37003,13,Chennai,444036,3700.3,40703.3,Senior
employee_2699,54,IT,66444,4,Pune,797328,6644.400000000001,73088.4,Junior
employee_2700,36,QA,111184,1,Hyderabad,1334208,11118.400000000001,122302.4,Fresher
employee_2701,27,HR,56607,4,Delhi,679284,5660.700000000001,62267.7,Junior
employee_2702,36,Finance,49821,1,Delhi,597852,4982.1,54803.1,Fresher
employee_2703,27,IT,39601,11,Hyderabad,475212,3960.1000000000004,43561.1,Senior
employee_2704,47,QA,70904,3,Mumbai,850848,7090.400000000001,77994.4,Junior
employee_2705,34,QA,96657,9,Mumbai,1159884,9665.7,106322.7,Mid-level
employee_2706,34,QA,63557,10,Mumbai,762684,6355.700000000001,69912.7,Mid-level
employee_2707,53,HR,77523,13,Hyderabad,930276,7752.3,85275.3,Senior
employee_2708,53,Finance,106846,4,Pune,1282152,10684.6,117530.6,Junior
employee_2709,40,HR,75502,5,Delhi,906024,7550.200000000001,83052.2,Junior
employee_2710,56,Data,47098,5,Pune,565176,4709.8,51807.8,Junior
employee_2711,27,QA,70902,8,Pune,850824,7090.200000000001,77992.2,Mid-level
employee_2712,52,Data,114067,3,Pune,1368804,11406.7,125473.7,Junior
employee_2713,23,Sales,64253,12,Chennai,771036,6425.3,70678.3,Senior
employee_2714,59,IT,100516,13,Hyderabad,1206192,10051.6,110567.6,Senior
employee_2715,49,IT,69280,4,Bangalore,831360,6928.0,76208.0,Junior
employee_2716,44,HR,33951,5,Hyderabad,407412,3395.1000000000004,37346.1,Junior
employee_2717,42,Finance,33117,3,Pune,397404,3311.7000000000003,36428.7,Junior
employee_2718,26,Data,50979,5,Chennai,611748,5097.900000000001,56076.9,Junior
employee_2719,44,Finance,99525,1,Chennai,1194300,9952.5,109477.5,Fresher
employee_2720,60,HR,41915,11,Hyderabad,502980,4191.5,46106.5,Senior
employee_2721,43,IT,84261,12,Bangalore,1011132,8426.1,92687.1,Senior
employee_2722,58,Finance,97964,6,Pune,1175568,9796.4,107760.4,Mid-level
employee_2723,30,Finance,115417,2,Chennai,1385004,11541.7,126958.7,Fresher
employee_2724,36,IT,95440,13,Pune,1145280,9544.0,104984.0,Senior
employee_2725,31,Data,60677,9,Pune,728124,6067.700000000001,66744.7,Mid-level
employee_2726,52,IT,74830,3,Delhi,897960,7483.0,82313.0,Junior
employee_2727,26,Finance,77536,8,Pune,930432,7753.6,85289.6,Mid-level
employee_2728,44,Data,33922,14,Mumbai,407064,3392.2000000000003,37314.2,Senior
employee_2729,53,Data,92561,14,Delhi,1110732,9256.1,101817.1,Senior
employee_2730,32,IT,38220,11,Pune,458640,3822.0,42042.0,Senior
employee_2731,47,Finance,70958,15,Pune,851496,7095.8,78053.8,Senior
employee_2732,58,HR,78380,14,Bangalore,940560,7838.0,86218.0,Senior
employee_2733,38,Finance,27766,12,Delhi,333192,2776.6000000000004,30542.6,Senior
employee_2734,59,QA,109018,4,Delhi,1308216,10901.800000000001,119919.8,Junior
employee_2735,33,Sales,58159,8,Bangalore,697908,5815.900000000001,63974.9,Mid-level
employee_2736,60,HR,35935,9,Mumbai,431220,3593.5,39528.5,Mid-level
employee_2737,50,Data,28784,12,Delhi,345408,2878.4,31662.4,Senior
employee_2738,33,HR,113586,9,Mumbai,1363032,11358.6,124944.6,Mid-level
employee_2739,54,Data,45221,9,Pune,542652,4522.1,49743.1,Mid-level
employee_2740,56,Data,54179,11,Chennai,650148,5417.900000000001,59596.9,Senior
employee_2741,50,HR,43069,9,Chennai,516828,4306.900000000001,47375.9,Mid-level
employee_2742,45,Data,60682,5,Hyderabad,728184,6068.200000000001,66750.2,Junior
employee_2743,22,Data,81268,7,Chennai,975216,8126.8,89394.8,Mid-level
employee_2744,56,QA,116530,4,Chennai,1398360,11653.0,128183.0,Junior
employee_2745,38,Finance,119303,4,Bangalore,1431636,11930.300000000001,131233.3,Junior
employee_2746,25,Finance,102818,2,Hyderabad,1233816,10281.800000000001,113099.8,Fresher
employee_2747,39,Sales,45110,6,Hyderabad,541320,4511.0,49621.0,Mid-level
employee_2748,38,Sales,56232,1,Bangalore,674784,5623.200000000001,61855.2,Fresher
employee_2749,52,QA,69273,10,Chennai,831276,6927.3,76200.3,Mid-level
employee_2750,41,Sales,95487,11,Chennai,1145844,9548.7,105035.7,Senior
employee_2751,30,HR,80210,2,Hyderabad,962520,8021.0,88231.0,Fresher
employee_2752,57,IT,98191,14,Chennai,1178292,9819.1,108010.1,Senior
employee_2753,42,IT,54461,1,Hyderabad,653532,5446.1,59907.1,Fresher
employee_2754,33,IT,29610,15,Chennai,355320,2961.0,32571.0,Senior
employee_2755,37,QA,81973,14,Pune,983676,8197.300000000001,90170.3,Senior
employee_2756,29,QA,108004,12,Bangalore,1296048,10800.400000000001,118804.4,Senior
employee_2757,44,Data,32583,7,Delhi,390996,3258.3,35841.3,Mid-level
employee_2758,34,IT,50583,3,Mumbai,606996,5058.3,55641.3,Junior
employee_2759,28,HR,42701,9,Pune,512412,4270.1,46971.1,Mid-level
employee_2760,57,Sales,31880,7,Chennai,382560,3188.0,35068.0,Mid-level
employee_2761,39,HR,114257,7,Mumbai,1371084,11425.7,125682.7,Mid-level
employee_2762,48,Sales,76845,7,Delhi,922140,7684.5,84529.5,Mid-level
employee_2763,50,IT,117390,7,Pune,1408680,11739.0,129129.0,Mid-level
employee_2764,27,IT,97417,7,Delhi,1169004,9741.7,107158.7,Mid-level
employee_2765,46,IT,28722,15,Bangalore,344664,2872.2000000000003,31594.2,Senior
employee_2766,60,QA,45077,11,Mumbai,540924,4507.7,49584.7,Senior
employee_2767,31,Sales,105868,8,Delhi,1270416,10586.800000000001,116454.8,Mid-level
employee_2768,34,QA,38229,15,Mumbai,458748,3822.9,42051.9,Senior
employee_2769,41,QA,98338,1,Bangalore,1180056,9833.800000000001,108171.8,Fresher
employee_2770,28,Finance,86679,8,Delhi,1040148,8667.9,95346.9,Mid-level
employee_2771,23,HR,112637,7,Pune,1351644,11263.7,123900.7,Mid-level
employee_2772,48,HR,36439,10,Mumbai,437268,3643.9,40082.9,Mid-level
employee_2773,49,Data,60902,9,Delhi,730824,6090.200000000001,66992.2,Mid-level
employee_2774,43,QA,27598,0,Bangalore,331176,2759.8,30357.8,Fresher
employee_2775,38,Sales,117297,13,Delhi,1407564,11729.7,129026.7,Senior
employee_2776,55,Finance,29052,4,Delhi,348624,2905.2000000000003,31957.2,Junior
employee_2777,33,Finance,37741,10,Pune,452892,3774.1000000000004,41515.1,Mid-level
employee_2778,32,HR,94360,1,Chennai,1132320,9436.0,103796.0,Fresher
employee_2779,25,QA,61288,9,Hyderabad,735456,6128.8,67416.8,Mid-level
employee_2780,59,Data,26249,4,Chennai,314988,2624.9,28873.9,Junior
employee_2781,31,QA,47970,12,Chennai,575640,4797.0,52767.0,Senior
employee_2782,31,IT,40565,14,Hyderabad,486780,4056.5,44621.5,Senior
employee_2783,51,QA,81995,7,Delhi,983940,8199.5,90194.5,Mid-level
employee_2784,51,IT,108994,8,Chennai,1307928,10899.400000000001,119893.4,Mid-level
employee_2785,33,IT,76656,8,Chennai,919872,7665.6,84321.6,Mid-level
employee_2786,34,Data,87134,0,Bangalore,1045608,8713.4,95847.4,Fresher
employee_2787,45,Sales,70765,6,Bangalore,849180,7076.5,77841.5,Mid-level
employee_2788,53,HR,27014,15,Pune,324168,2701.4,29715.4,Senior
employee_2789,53,QA,95480,11,Mumbai,1145760,9548.0,105028.0,Senior
employee_2790,35,IT,39012,10,Delhi,468144,3901.2000000000003,42913.2,Mid-level
employee_2791,36,QA,82498,7,Pune,989976,8249.800000000001,90747.8,Mid-level
employee_2792,58,Sales,93776,9,Bangalore,1125312,9377.6,103153.6,Mid-level
employee_2793,26,HR,86711,2,Bangalore,1040532,8671.1,95382.1,Fresher
employee_2794,45,Sales,67530,12,Hyderabad,810360,6753.0,74283.0,Senior
employee_2795,35,HR,104267,15,Hyderabad,1251204,10426.7,114693.7,Senior
employee_2796,24,Finance,43018,5,Bangalore,516216,4301.8,47319.8,Junior
employee_2797,24,HR,42916,10,Chennai,514992,4291.6,47207.6,Mid-level
employee_2798,50,Data,65376,2,Pune,784512,6537.6,71913.6,Fresher
employee_2799,54,Sales,118140,8,Bangalore,1417680,11814.0,129954.0,Mid-level
employee_2800,47,IT,90046,12,Delhi,1080552,9004.6,99050.6,Senior
employee_2801,51,Finance,83742,2,Bangalore,1004904,8374.2,92116.2,Fresher
employee_2802,52,Data,110566,1,Hyderabad,1326792,11056.6,121622.6,Fresher
employee_2803,59,QA,102125,8,Pune,1225500,10212.5,112337.5,Mid-level
employee_2804,29,Sales,112519,14,Pune,1350228,11251.900000000001,123770.9,Senior
employee_2805,28,IT,37437,10,Mumbai,449244,3743.7000000000003,41180.7,Mid-level
employee_2806,34,HR,87146,12,Bangalore,1045752,8714.6,95860.6,Senior
employee_2807,53,IT,52618,15,Mumbai,631416,5261.8,57879.8,Senior
employee_2808,43,QA,75767,13,Hyderabad,909204,7576.700000000001,83343.7,Senior
employee_2809,41,Finance,34705,7,Mumbai,416460,3470.5,38175.5,Mid-level
employee_2810,32,Finance,82146,7,Chennai,985752,8214.6,90360.6,Mid-level
employee_2811,22,Sales,113216,1,Bangalore,1358592,11321.6,124537.6,Fresher
employee_2812,33,Finance,105912,5,Bangalore,1270944,10591.2,116503.2,Junior
employee_2813,24,Sales,76750,12,Pune,921000,7675.0,84425.0,Senior
employee_2814,40,Sales,115956,12,Mumbai,1391472,11595.6,127551.6,Senior
employee_2815,34,Sales,69379,4,Pune,832548,6937.900000000001,76316.9,Junior
employee_2816,50,HR,77682,13,Delhi,932184,7768.200000000001,85450.2,Senior
employee_2817,49,Data,89713,11,Mumbai,1076556,8971.300000000001,98684.3,Senior
employee_2818,28,Sales,81919,1,Mumbai,983028,8191.900000000001,90110.9,Fresher
employee_2819,32,Sales,85384,4,Hyderabad,1024608,8538.4,93922.4,Junior
employee_2820,58,Data,76128,3,Mumbai,913536,7612.8,83740.8,Junior
employee_2821,46,IT,26835,8,Pune,322020,2683.5,29518.5,Mid-level
employee_2822,22,Sales,46283,11,Delhi,555396,4628.3,50911.3,Senior
employee_2823,60,HR,74506,0,Mumbai,894072,7450.6,81956.6,Fresher
employee_2824,34,Finance,78625,5,Mumbai,943500,7862.5,86487.5,Junior
employee_2825,26,Finance,60963,6,Bangalore,731556,6096.3,67059.3,Mid-level
employee_2826,60,QA,34179,14,Bangalore,410148,3417.9,37596.9,Senior
employee_2827,51,QA,119440,11,Delhi,1433280,11944.0,131384.0,Senior
employee_2828,37,Finance,36955,5,Bangalore,443460,3695.5,40650.5,Junior
employee_2829,45,Finance,32198,4,Chennai,386376,3219.8,35417.8,Junior
employee_2830,52,HR,92156,11,Bangalore,1105872,9215.6,101371.6,Senior
employee_2831,32,Data,69588,3,Chennai,835056,6958.8,76546.8,Junior
employee_2832,33,QA,36766,4,Delhi,441192,3676.6000000000004,40442.6,Junior
employee_2833,39,Data,78570,8,Chennai,942840,7857.0,86427.0,Mid-level
employee_2834,45,HR,94874,4,Delhi,1138488,9487.4,104361.4,Junior
employee_2835,51,Finance,73679,9,Pune,884148,7367.900000000001,81046.9,Mid-level
employee_2836,57,Sales,30301,14,Bangalore,363612,3030.1000000000004,33331.1,Senior
employee_2837,45,Data,40144,7,Mumbai,481728,4014.4,44158.4,Mid-level
employee_2838,36,Finance,38784,15,Hyderabad,465408,3878.4,42662.4,Senior
employee_2839,58,Finance,92959,6,Mumbai,1115508,9295.9,102254.9,Mid-level
employee_2840,43,IT,33272,3,Bangalore,399264,3327.2000000000003,36599.2,Junior
employee_2841,34,Data,26573,9,Mumbai,318876,2657.3,29230.3,Mid-level
employee_2842,26,Sales,49419,4,Bangalore,593028,4941.900000000001,54360.9,Junior
employee_2843,45,Data,107339,6,Bangalore,1288068,10733.900000000001,118072.9,Mid-level
employee_2844,43,Finance,73555,5,Mumbai,882660,7355.5,80910.5,Junior
employee_2845,32,Sales,30176,12,Chennai,362112,3017.6000000000004,33193.6,Senior
employee_2846,33,HR,61161,2,Pune,733932,6116.1,67277.1,Fresher
employee_2847,56,IT,88440,9,Pune,1061280,8844.0,97284.0,Mid-level
employee_2848,59,Finance,83862,14,Pune,1006344,8386.2,92248.2,Senior
employee_2849,54,QA,40164,2,Pune,481968,4016.4,44180.4,Fresher
employee_2850,26,QA,102758,1,Hyderabad,1233096,10275.800000000001,113033.8,Fresher
employee_2851,58,IT,50379,15,Delhi,604548,5037.900000000001,55416.9,Senior
employee_2852,60,HR,116189,13,Bangalore,1394268,11618.900000000001,127807.9,Senior
employee_2853,28,Finance,108552,2,Hyderabad,1302624,10855.2,119407.2,Fresher
employee_2854,28,Data,43368,10,Pune,520416,4336.8,47704.8,Mid-level
employee_2855,60,IT,114041,9,Pune,1368492,11404.1,125445.1,Mid-level
employee_2856,53,HR,57771,12,Mumbai,693252,5777.1,63548.1,Senior
employee_2857,54,Data,89950,0,Pune,1079400,8995.0,98945.0,Fresher
employee_2858,35,QA,65245,12,Bangalore,782940,6524.5,71769.5,Senior
employee_2859,56,QA,97792,8,Pune,1173504,9779.2,107571.2,Mid-level
employee_2860,55,Data,68327,1,Pune,819924,6832.700000000001,75159.7,Fresher
employee_2861,42,IT,71454,11,Hyderabad,857448,7145.400000000001,78599.4,Senior
employee_2862,43,QA,118787,12,Bangalore,1425444,11878.7,130665.7,Senior
employee_2863,60,Finance,71741,2,Chennai,860892,7174.1,78915.1,Fresher
employee_2864,42,Sales,56977,4,Mumbai,683724,5697.700000000001,62674.7,Junior
employee_2865,25,Data,31714,15,Chennai,380568,3171.4,34885.4,Senior
employee_2866,51,Data,102237,9,Delhi,1226844,10223.7,112460.7,Mid-level
employee_2867,33,QA,39891,15,Hyderabad,478692,3989.1000000000004,43880.1,Senior
employee_2868,48,IT,77299,11,Pune,927588,7729.900000000001,85028.9,Senior
employee_2869,40,Finance,90167,3,Mumbai,1082004,9016.7,99183.7,Junior
employee_2870,53,IT,90124,12,Delhi,1081488,9012.4,99136.4,Senior
employee_2871,36,HR,118052,4,Delhi,1416624,11805.2,129857.2,Junior
employee_2872,49,HR,83639,15,Bangalore,1003668,8363.9,92002.9,Senior
employee_2873,43,Sales,65912,5,Mumbai,790944,6591.200000000001,72503.2,Junior
employee_2874,44,QA,100452,4,Delhi,1205424,10045.2,110497.2,Junior
employee_2875,54,QA,93446,9,Hyderabad,1121352,9344.6,102790.6,Mid-level
employee_2876,27,QA,108790,0,Pune,1305480,10879.0,119669.0,Fresher
employee_2877,58,Sales,86516,5,Hyderabad,1038192,8651.6,95167.6,Junior
employee_2878,57,HR,69250,8,Delhi,831000,6925.0,76175.0,Mid-level
employee_2879,24,IT,61116,15,Bangalore,733392,6111.6,67227.6,Senior
employee_2880,54,Sales,108521,2,Chennai,1302252,10852.1,119373.1,Fresher
employee_2881,42,Sales,47151,14,Pune,565812,4715.1,51866.1,Senior
employee_2882,25,IT,96366,1,Pune,1156392,9636.6,106002.6,Fresher
employee_2883,43,QA,69297,5,Hyderabad,831564,6929.700000000001,76226.7,Junior
employee_2884,35,Finance,65888,15,Hyderabad,790656,6588.8,72476.8,Senior
employee_2885,51,IT,81195,11,Hyderabad,974340,8119.5,89314.5,Senior
employee_2886,29,HR,109010,13,Delhi,1308120,10901.0,119911.0,Senior
employee_2887,45,Data,96016,2,Pune,1152192,9601.6,105617.6,Fresher
employee_2888,45,Data,99979,3,Hyderabad,1199748,9997.900000000001,109976.9,Junior
employee_2889,41,Sales,79334,5,Mumbai,952008,7933.400000000001,87267.4,Junior
employee_2890,29,Data,93345,15,Delhi,1120140,9334.5,102679.5,Senior
employee_2891,58,Finance,64761,11,Delhi,777132,6476.1,71237.1,Senior
employee_2892,42,QA,51930,12,Mumbai,623160,5193.0,57123.0,Senior
employee_2893,43,HR,84117,11,Mumbai,1009404,8411.7,92528.7,Senior
employee_2894,24,Finance,48095,5,Delhi,577140,4809.5,52904.5,Junior
employee_2895,49,HR,102482,11,Pune,1229784,10248.2,112730.2,Senior
employee_2896,35,HR,28991,1,Hyderabad,347892,2899.1000000000004,31890.1,Fresher
employee_2897,21,QA,48519,12,Bangalore,582228,4851.900000000001,53370.9,Senior
employee_2898,50,Sales,51657,12,Hyderabad,619884,5165.700000000001,56822.7,Senior
employee_2899,49,Data,25826,2,Pune,309912,2582.6000000000004,28408.6,Fresher
employee_2900,40,QA,67625,12,Mumbai,811500,6762.5,74387.5,Senior
employee_2901,53,Finance,107049,8,Pune,1284588,10704.900000000001,117753.9,Mid-level
employee_2902,56,Sales,42801,1,Hyderabad,513612,4280.1,47081.1,Fresher
employee_2903,42,Finance,54846,2,Pune,658152,5484.6,60330.6,Fresher
employee_2904,33,Sales,64566,8,Bangalore,774792,6456.6,71022.6,Mid-level
employee_2905,27,Finance,48157,3,Pune,577884,4815.7,52972.7,Junior
employee_2906,28,QA,53363,14,Chennai,640356,5336.3,58699.3,Senior
employee_2907,48,Sales,75559,0,Pune,906708,7555.900000000001,83114.9,Fresher
employee_2908,29,Sales,30136,10,Hyderabad,361632,3013.6000000000004,33149.6,Mid-level
employee_2909,45,HR,82937,12,Chennai,995244,8293.7,91230.7,Senior
employee_2910,36,HR,42421,1,Mumbai,509052,4242.1,46663.1,Fresher
employee_2911,30,IT,103027,14,Hyderabad,1236324,10302.7,113329.7,Senior
employee_2912,31,Finance,32546,2,Delhi,390552,3254.6000000000004,35800.6,Fresher
employee_2913,51,HR,96439,8,Bangalore,1157268,9643.9,106082.9,Mid-level
employee_2914,32,IT,71623,14,Pune,859476,7162.3,78785.3,Senior
employee_2915,51,HR,41406,8,Pune,496872,4140.6,45546.6,Mid-level
employee_2916,34,Finance,105485,15,Hyderabad,1265820,10548.5,116033.5,Senior
employee_2917,52,Sales,34825,10,Pune,417900,3482.5,38307.5,Mid-level
employee_2918,37,Data,96823,14,Pune,1161876,9682.300000000001,106505.3,Senior
employee_2919,55,Finance,59173,5,Mumbai,710076,5917.3,65090.3,Junior
employee_2920,21,QA,80619,13,Pune,967428,8061.900000000001,88680.9,Senior
employee_2921,49,HR,108114,10,Pune,1297368,10811.400000000001,118925.4,Mid-level
employee_2922,24,HR,32923,5,Mumbai,395076,3292.3,36215.3,Junior
employee_2923,43,Sales,59374,2,Delhi,712488,5937.400000000001,65311.4,Fresher
employee_2924,48,QA,86713,4,Pune,1040556,8671.300000000001,95384.3,Junior
employee_2925,36,Sales,66411,14,Delhi,796932,6641.1,73052.1,Senior
employee_2926,32,QA,89368,10,Mumbai,1072416,8936.800000000001,98304.8,Mid-level
employee_2927,41,Data,33316,3,Bangalore,399792,3331.6000000000004,36647.6,Junior
employee_2928,37,HR,35556,9,Pune,426672,3555.6000000000004,39111.6,Mid-level
employee_2929,60,HR,35058,9,Hyderabad,420696,3505.8,38563.8,Mid-level
employee_2930,33,Data,50482,11,Chennai,605784,5048.200000000001,55530.2,Senior
employee_2931,52,IT,69494,8,Bangalore,833928,6949.400000000001,76443.4,Mid-level
employee_2932,57,Sales,50005,8,Pune,600060,5000.5,55005.5,Mid-level
employee_2933,35,Data,109671,0,Hyderabad,1316052,10967.1,120638.1,Fresher
employee_2934,32,Sales,114424,7,Chennai,1373088,11442.400000000001,125866.4,Mid-level
employee_2935,35,Finance,57481,14,Mumbai,689772,5748.1,63229.1,Senior
employee_2936,54,HR,53401,8,Pune,640812,5340.1,58741.1,Mid-level
employee_2937,26,Sales,65431,4,Delhi,785172,6543.1,71974.1,Junior
employee_2938,37,QA,89459,3,Delhi,1073508,8945.9,98404.9,Junior
employee_2939,40,Sales,115473,9,Mumbai,1385676,11547.300000000001,127020.3,Mid-level
employee_2940,29,Finance,103682,3,Bangalore,1244184,10368.2,114050.2,Junior
employee_2941,25,HR,101789,1,Delhi,1221468,10178.900000000001,111967.9,Fresher
employee_2942,43,Data,73504,8,Chennai,882048,7350.400000000001,80854.4,Mid-level
employee_2943,53,Finance,28223,4,Delhi,338676,2822.3,31045.3,Junior
employee_2944,58,HR,95977,10,Chennai,1151724,9597.7,105574.7,Mid-level
employee_2945,34,Sales,65149,2,Delhi,781788,6514.900000000001,71663.9,Fresher
employee_2946,37,IT,37863,5,Mumbai,454356,3786.3,41649.3,Junior
employee_2947,39,IT,54564,8,Mumbai,654768,5456.400000000001,60020.4,Mid-level
employee_2948,53,QA,107189,8,Delhi,1286268,10718.900000000001,117907.9,Mid-level
employee_2949,21,HR,114624,11,Bangalore,1375488,11462.400000000001,126086.4,Senior
employee_2950,33,IT,47499,12,Hyderabad,569988,4749.900000000001,52248.9,Senior
employee_2951,47,Data,114218,4,Delhi,1370616,11421.800000000001,125639.8,Junior
employee_2952,26,HR,57132,7,Pune,685584,5713.200000000001,62845.2,Mid-level
employee_2953,26,Data,29533,3,Hyderabad,354396,2953.3,32486.3,Junior
employee_2954,53,Data,107962,4,Delhi,1295544,10796.2,118758.2,Junior
employee_2955,50,IT,105096,6,Chennai,1261152,10509.6,115605.6,Mid-level
employee_2956,55,HR,59409,6,Pune,712908,5940.900000000001,65349.9,Mid-level
employee_2957,43,Sales,106461,12,Bangalore,1277532,10646.1,117107.1,Senior
employee_2958,30,Finance,47987,6,Hyderabad,575844,4798.7,52785.7,Mid-level
employee_2959,39,IT,35633,7,Hyderabad,427596,3563.3,39196.3,Mid-level
employee_2960,48,IT,81207,10,Pune,974484,8120.700000000001,89327.7,Mid-level
employee_2961,43,Sales,75535,4,Bangalore,906420,7553.5,83088.5,Junior
employee_2962,24,HR,28996,14,Delhi,347952,2899.6000000000004,31895.6,Senior
employee_2963,40,HR,25014,0,Bangalore,300168,2501.4,27515.4,Fresher
employee_2964,39,Data,105431,10,Delhi,1265172,10543.1,115974.1,Mid-level
employee_2965,47,Sales,26674,8,Hyderabad,320088,2667.4,29341.4,Mid-level
employee_2966,54,Sales,62867,8,Delhi,754404,6286.700000000001,69153.7,Mid-level
employee_2967,24,HR,110537,14,Hyderabad,1326444,11053.7,121590.7,Senior
employee_2968,58,Data,82251,6,Mumbai,987012,8225.1,90476.1,Mid-level
employee_2969,27,IT,80709,11,Pune,968508,8070.900000000001,88779.9,Senior
employee_2970,27,QA,42864,5,Bangalore,514368,4286.400000000001,47150.4,Junior
employee_2971,46,Finance,51321,12,Chennai,615852,5132.1,56453.1,Senior
employee_2972,46,IT,49082,12,Pune,588984,4908.2,53990.2,Senior
employee_2973,39,HR,65131,4,Delhi,781572,6513.1,71644.1,Junior
employee_2974,29,Finance,96493,4,Mumbai,1157916,9649.300000000001,106142.3,Junior
employee_2975,40,QA,29210,14,Pune,350520,2921.0,32131.0,Senior
employee_2976,36,QA,89586,2,Hyderabad,1075032,8958.6,98544.6,Fresher
employee_2977,37,Data,108605,9,Pune,1303260,10860.5,119465.5,Mid-level
employee_2978,42,Finance,59851,0,Delhi,718212,5985.1,65836.1,Fresher
employee_2979,33,Data,51865,5,Pune,622380,5186.5,57051.5,Junior
employee_2980,32,IT,108606,7,Pune,1303272,10860.6,119466.6,Mid-level
employee_2981,30,Sales,29158,13,Delhi,349896,2915.8,32073.8,Senior
employee_2982,21,Sales,82852,1,Chennai,994224,8285.2,91137.2,Fresher
employee_2983,52,Sales,74339,7,Mumbai,892068,7433.900000000001,81772.9,Mid-level
employee_2984,50,Finance,45572,7,Pune,546864,4557.2,50129.2,Mid-level
employee_2985,28,Sales,29100,9,Pune,349200,2910.0,32010.0,Mid-level
employee_2986,41,IT,69469,7,Chennai,833628,6946.900000000001,76415.9,Mid-level
employee_2987,42,Data,106061,9,Bangalore,1272732,10606.1,116667.1,Mid-level
employee_2988,38,Finance,85861,14,Pune,1030332,8586.1,94447.1,Senior
employee_2989,22,Data,43456,2,Delhi,521472,4345.6,47801.6,Fresher
employee_2990,29,Finance,80803,9,Delhi,969636,8080.3,88883.3,Mid-level
employee_2991,23,Data,90633,7,Pune,1087596,9063.300000000001,99696.3,Mid-level
employee_2992,46,QA,100019,15,Bangalore,1200228,10001.900000000001,110020.9,Senior
employee_2993,41,Data,61232,10,Delhi,734784,6123.200000000001,67355.2,Mid-level
employee_2994,50,Sales,92323,14,Pune,1107876,9232.300000000001,101555.3,Senior
employee_2995,48,QA,46788,11,Pune,561456,4678.8,51466.8,Senior
employee_2996,56,Data,41092,15,Pune,493104,4109.2,45201.2,Senior
employee_2997,46,Finance,26132,15,Mumbai,313584,2613.2000000000003,28745.2,Senior
employee_2998,54,Finance,102850,11,Delhi,1234200,10285.0,113135.0,Senior
employee_2999,28,Finance,113118,13,Hyderabad,1357416,11311.800000000001,124429.8,Senior
employee_3000,30,HR,118316,3,Mumbai,1419792,11831.6,130147.6,Junior
employee_3001,34,IT,38068,2,Bangalore,456816,3806.8,41874.8,Fresher
employee_3002,60,Finance,72401,10,Mumbai,868812,7240.1,79641.1,Mid-level
employee_3003,35,QA,73526,8,Mumbai,882312,7352.6,80878.6,Mid-level
employee_3004,37,Finance,83958,7,Chennai,1007496,8395.800000000001,92353.8,Mid-level
employee_3005,38,HR,101593,9,Bangalore,1219116,10159.300000000001,111752.3,Mid-level
employee_3006,52,Sales,80041,12,Bangalore,960492,8004.1,88045.1,Senior
employee_3007,58,QA,88372,12,Bangalore,1060464,8837.2,97209.2,Senior
employee_3008,43,HR,92562,1,Mumbai,1110744,9256.2,101818.2,Fresher
employee_3009,43,Sales,117099,12,Bangalore,1405188,11709.900000000001,128808.9,Senior
employee_3010,55,QA,89046,12,Delhi,1068552,8904.6,97950.6,Senior
employee_3011,59,Data,93086,14,Chennai,1117032,9308.6,102394.6,Senior
employee_3012,35,IT,32089,12,Pune,385068,3208.9,35297.9,Senior
employee_3013,44,IT,41623,13,Mumbai,499476,4162.3,45785.3,Senior
employee_3014,48,HR,74641,15,Pune,895692,7464.1,82105.1,Senior
employee_3015,36,Sales,37043,15,Pune,444516,3704.3,40747.3,Senior
employee_3016,36,IT,91572,7,Mumbai,1098864,9157.2,100729.2,Mid-level
employee_3017,60,Sales,89136,10,Delhi,1069632,8913.6,98049.6,Mid-level
employee_3018,59,Sales,113052,10,Mumbai,1356624,11305.2,124357.2,Mid-level
employee_3019,26,HR,111700,2,Bangalore,1340400,11170.0,122870.0,Fresher
employee_3020,22,HR,82061,9,Chennai,984732,8206.1,90267.1,Mid-level
employee_3021,33,HR,31122,11,Mumbai,373464,3112.2000000000003,34234.2,Senior
employee_3022,29,IT,72346,13,Pune,868152,7234.6,79580.6,Senior
employee_3023,54,HR,41150,5,Mumbai,493800,4115.0,45265.0,Junior
employee_3024,37,IT,112630,4,Chennai,1351560,11263.0,123893.0,Junior
employee_3025,47,HR,102228,7,Hyderabad,1226736,10222.800000000001,112450.8,Mid-level
employee_3026,49,Finance,37054,8,Delhi,444648,3705.4,40759.4,Mid-level
employee_3027,57,Sales,26767,10,Pune,321204,2676.7000000000003,29443.7,Mid-level
employee_3028,42,HR,29708,6,Hyderabad,356496,2970.8,32678.8,Mid-level
employee_3029,44,QA,82999,5,Hyderabad,995988,8299.9,91298.9,Junior
employee_3030,27,Sales,77158,5,Chennai,925896,7715.8,84873.8,Junior
employee_3031,54,Sales,54292,0,Delhi,651504,5429.200000000001,59721.2,Fresher
employee_3032,32,HR,53082,4,Mumbai,636984,5308.200000000001,58390.2,Junior
employee_3033,43,Data,59024,13,Hyderabad,708288,5902.400000000001,64926.4,Senior
employee_3034,35,HR,117270,7,Bangalore,1407240,11727.0,128997.0,Mid-level
employee_3035,53,Sales,48461,5,Mumbai,581532,4846.1,53307.1,Junior
employee_3036,33,QA,30351,11,Delhi,364212,3035.1000000000004,33386.1,Senior
employee_3037,43,Sales,72031,0,Pune,864372,7203.1,79234.1,Fresher
employee_3038,58,QA,107628,14,Mumbai,1291536,10762.800000000001,118390.8,Senior
employee_3039,52,IT,64718,14,Chennai,776616,6471.8,71189.8,Senior
employee_3040,55,Finance,115577,4,Chennai,1386924,11557.7,127134.7,Junior
employee_3041,21,Sales,116212,12,Pune,1394544,11621.2,127833.2,Senior
employee_3042,25,HR,37777,10,Pune,453324,3777.7000000000003,41554.7,Mid-level
employee_3043,33,IT,114856,11,Pune,1378272,11485.6,126341.6,Senior
employee_3044,25,Finance,33308,4,Chennai,399696,3330.8,36638.8,Junior
employee_3045,52,HR,68441,15,Delhi,821292,6844.1,75285.1,Senior
employee_3046,41,Data,105865,11,Delhi,1270380,10586.5,116451.5,Senior
employee_3047,44,HR,38882,2,Mumbai,466584,3888.2000000000003,42770.2,Fresher
employee_3048,38,QA,29714,7,Hyderabad,356568,2971.4,32685.4,Mid-level
employee_3049,41,QA,116586,14,Hyderabad,1399032,11658.6,128244.6,Senior
employee_3050,30,Data,68432,8,Bangalore,821184,6843.200000000001,75275.2,Mid-level
employee_3051,44,IT,106289,5,Chennai,1275468,10628.900000000001,116917.9,Junior
employee_3052,60,Finance,105166,5,Pune,1261992,10516.6,115682.6,Junior
employee_3053,41,HR,42658,1,Delhi,511896,4265.8,46923.8,Fresher
employee_3054,45,QA,94245,9,Mumbai,1130940,9424.5,103669.5,Mid-level
employee_3055,43,IT,102027,1,Delhi,1224324,10202.7,112229.7,Fresher
employee_3056,42,Data,75808,5,Chennai,909696,7580.8,83388.8,Junior
employee_3057,24,Sales,64530,11,Bangalore,774360,6453.0,70983.0,Senior
employee_3058,54,QA,33834,7,Delhi,406008,3383.4,37217.4,Mid-level
employee_3059,26,Data,39358,1,Hyderabad,472296,3935.8,43293.8,Fresher
employee_3060,48,HR,34872,8,Mumbai,418464,3487.2000000000003,38359.2,Mid-level
employee_3061,51,Finance,83694,12,Hyderabad,1004328,8369.4,92063.4,Senior
employee_3062,55,QA,112193,15,Mumbai,1346316,11219.300000000001,123412.3,Senior
employee_3063,59,QA,75321,11,Pune,903852,7532.1,82853.1,Senior
employee_3064,43,HR,115363,13,Mumbai,1384356,11536.300000000001,126899.3,Senior
employee_3065,26,Sales,98709,8,Pune,1184508,9870.900000000001,108579.9,Mid-level
employee_3066,36,IT,41685,14,Chennai,500220,4168.5,45853.5,Senior
employee_3067,22,Finance,36333,13,Hyderabad,435996,3633.3,39966.3,Senior
employee_3068,44,QA,36356,3,Mumbai,436272,3635.6000000000004,39991.6,Junior
employee_3069,37,Finance,65584,3,Mumbai,787008,6558.400000000001,72142.4,Junior
employee_3070,21,QA,76362,3,Bangalore,916344,7636.200000000001,83998.2,Junior
employee_3071,26,Finance,36344,10,Hyderabad,436128,3634.4,39978.4,Mid-level
employee_3072,25,Data,69619,4,Chennai,835428,6961.900000000001,76580.9,Junior
employee_3073,49,QA,106331,7,Pune,1275972,10633.1,116964.1,Mid-level
employee_3074,32,Finance,26943,1,Chennai,323316,2694.3,29637.3,Fresher
employee_3075,59,IT,115185,10,Bangalore,1382220,11518.5,126703.5,Mid-level
employee_3076,23,Data,85217,4,Chennai,1022604,8521.7,93738.7,Junior
employee_3077,21,Data,46021,13,Pune,552252,4602.1,50623.1,Senior
employee_3078,47,IT,33348,1,Hyderabad,400176,3334.8,36682.8,Fresher
employee_3079,44,Finance,102286,14,Delhi,1227432,10228.6,112514.6,Senior
employee_3080,39,HR,95921,10,Bangalore,1151052,9592.1,105513.1,Mid-level
employee_3081,28,IT,41639,10,Mumbai,499668,4163.900000000001,45802.9,Mid-level
employee_3082,22,Finance,110030,7,Mumbai,1320360,11003.0,121033.0,Mid-level
employee_3083,50,IT,89566,0,Hyderabad,1074792,8956.6,98522.6,Fresher
employee_3084,50,IT,67011,15,Delhi,804132,6701.1,73712.1,Senior
employee_3085,59,QA,43640,14,Chennai,523680,4364.0,48004.0,Senior
employee_3086,52,Finance,60402,6,Mumbai,724824,6040.200000000001,66442.2,Mid-level
employee_3087,21,HR,90088,2,Bangalore,1081056,9008.800000000001,99096.8,Fresher
employee_3088,58,QA,85240,3,Delhi,1022880,8524.0,93764.0,Junior
employee_3089,33,IT,26891,13,Pune,322692,2689.1000000000004,29580.1,Senior
employee_3090,31,Sales,53259,14,Chennai,639108,5325.900000000001,58584.9,Senior
employee_3091,30,IT,88021,7,Delhi,1056252,8802.1,96823.1,Mid-level
employee_3092,46,IT,53987,2,Pune,647844,5398.700000000001,59385.7,Fresher
employee_3093,40,Finance,77616,11,Delhi,931392,7761.6,85377.6,Senior
employee_3094,37,Finance,35683,12,Delhi,428196,3568.3,39251.3,Senior
employee_3095,37,QA,86083,12,Chennai,1032996,8608.300000000001,94691.3,Senior
employee_3096,24,HR,34967,15,Bangalore,419604,3496.7000000000003,38463.7,Senior
employee_3097,25,QA,102664,6,Pune,1231968,10266.400000000001,112930.4,Mid-level
employee_3098,43,Data,65194,11,Bangalore,782328,6519.400000000001,71713.4,Senior
employee_3099,30,IT,118831,0,Pune,1425972,11883.1,130714.1,Fresher
employee_3100,48,Sales,110873,15,Chennai,1330476,11087.300000000001,121960.3,Senior
employee_3101,53,IT,87661,8,Bangalore,1051932,8766.1,96427.1,Mid-level
employee_3102,46,IT,112738,12,Chennai,1352856,11273.800000000001,124011.8,Senior
employee_3103,49,QA,97307,5,Delhi,1167684,9730.7,107037.7,Junior
employee_3104,47,Sales,68452,2,Delhi,821424,6845.200000000001,75297.2,Fresher
employee_3105,38,Sales,37857,15,Chennai,454284,3785.7000000000003,41642.7,Senior
employee_3106,60,Sales,56301,6,Pune,675612,5630.1,61931.1,Mid-level
employee_3107,30,QA,80900,14,Delhi,970800,8090.0,88990.0,Senior
employee_3108,25,IT,56460,12,Pune,677520,5646.0,62106.0,Senior
employee_3109,30,QA,111923,4,Bangalore,1343076,11192.300000000001,123115.3,Junior
employee_3110,41,Finance,74800,7,Mumbai,897600,7480.0,82280.0,Mid-level
employee_3111,44,Finance,34832,7,Delhi,417984,3483.2000000000003,38315.2,Mid-level
employee_3112,58,QA,72408,11,Delhi,868896,7240.8,79648.8,Senior
employee_3113,23,Sales,37626,8,Hyderabad,451512,3762.6000000000004,41388.6,Mid-level
employee_3114,60,IT,82872,5,Pune,994464,8287.2,91159.2,Junior
employee_3115,51,QA,109021,3,Chennai,1308252,10902.1,119923.1,Junior
employee_3116,57,QA,103959,12,Hyderabad,1247508,10395.900000000001,114354.9,Senior
employee_3117,22,QA,41802,1,Bangalore,501624,4180.2,45982.2,Fresher
employee_3118,22,Data,41333,2,Hyderabad,495996,4133.3,45466.3,Fresher
employee_3119,59,Finance,60120,4,Hyderabad,721440,6012.0,66132.0,Junior
employee_3120,54,Sales,118621,7,Mumbai,1423452,11862.1,130483.1,Mid-level
employee_3121,40,HR,47159,11,Mumbai,565908,4715.900000000001,51874.9,Senior
employee_3122,53,Sales,49660,9,Hyderabad,595920,4966.0,54626.0,Mid-level
employee_3123,24,HR,81843,1,Mumbai,982116,8184.3,90027.3,Fresher
employee_3124,31,Data,59519,4,Mumbai,714228,5951.900000000001,65470.9,Junior
employee_3125,25,QA,119333,13,Hyderabad,1431996,11933.300000000001,131266.3,Senior
employee_3126,45,Data,109577,8,Pune,1314924,10957.7,120534.7,Mid-level
employee_3127,57,Data,69935,1,Mumbai,839220,6993.5,76928.5,Fresher
employee_3128,54,IT,47507,14,Hyderabad,570084,4750.7,52257.7,Senior
employee_3129,29,Finance,96060,7,Pune,1152720,9606.0,105666.0,Mid-level
employee_3130,26,HR,109271,15,Delhi,1311252,10927.1,120198.1,Senior
employee_3131,38,QA,82223,2,Mumbai,986676,8222.300000000001,90445.3,Fresher
employee_3132,34,HR,52675,7,Hyderabad,632100,5267.5,57942.5,Mid-level
employee_3133,39,Sales,42673,3,Mumbai,512076,4267.3,46940.3,Junior
employee_3134,34,HR,60470,3,Pune,725640,6047.0,66517.0,Junior
employee_3135,60,Sales,66603,11,Hyderabad,799236,6660.3,73263.3,Senior
employee_3136,37,Finance,109825,6,Pune,1317900,10982.5,120807.5,Mid-level
employee_3137,55,Sales,56230,4,Delhi,674760,5623.0,61853.0,Junior
employee_3138,49,HR,39542,3,Chennai,474504,3954.2000000000003,43496.2,Junior
employee_3139,37,HR,86407,6,Bangalore,1036884,8640.7,95047.7,Mid-level
employee_3140,28,Sales,78821,11,Chennai,945852,7882.1,86703.1,Senior
employee_3141,21,Data,60690,2,Mumbai,728280,6069.0,66759.0,Fresher
employee_3142,56,Finance,31654,14,Pune,379848,3165.4,34819.4,Senior
employee_3143,27,IT,92557,8,Hyderabad,1110684,9255.7,101812.7,Mid-level
employee_3144,25,QA,110544,13,Pune,1326528,11054.400000000001,121598.4,Senior
employee_3145,44,HR,113264,12,Mumbai,1359168,11326.400000000001,124590.4,Senior
employee_3146,48,QA,114698,4,Hyderabad,1376376,11469.800000000001,126167.8,Junior
employee_3147,37,IT,52446,11,Chennai,629352,5244.6,57690.6,Senior
employee_3148,57,QA,73484,2,Pune,881808,7348.400000000001,80832.4,Fresher
employee_3149,40,IT,69078,1,Bangalore,828936,6907.8,75985.8,Fresher
employee_3150,23,Sales,29225,6,Delhi,350700,2922.5,32147.5,Mid-level
employee_3151,57,Data,99745,11,Delhi,1196940,9974.5,109719.5,Senior
employee_3152,46,HR,106259,6,Mumbai,1275108,10625.900000000001,116884.9,Mid-level
employee_3153,35,IT,70487,11,Mumbai,845844,7048.700000000001,77535.7,Senior
employee_3154,28,QA,93676,12,Pune,1124112,9367.6,103043.6,Senior
employee_3155,33,HR,36721,4,Chennai,440652,3672.1000000000004,40393.1,Junior
employee_3156,23,Data,27587,3,Chennai,331044,2758.7000000000003,30345.7,Junior
employee_3157,21,Sales,64437,12,Bangalore,773244,6443.700000000001,70880.7,Senior
employee_3158,29,HR,43989,10,Bangalore,527868,4398.900000000001,48387.9,Mid-level
employee_3159,51,IT,57726,1,Pune,692712,5772.6,63498.6,Fresher
employee_3160,46,Data,95540,1,Hyderabad,1146480,9554.0,105094.0,Fresher
employee_3161,37,QA,104837,6,Chennai,1258044,10483.7,115320.7,Mid-level
employee_3162,54,Data,118639,9,Hyderabad,1423668,11863.900000000001,130502.9,Mid-level
employee_3163,29,Data,66168,6,Hyderabad,794016,6616.8,72784.8,Mid-level
employee_3164,33,Finance,89669,3,Pune,1076028,8966.9,98635.9,Junior
employee_3165,25,Data,98040,13,Bangalore,1176480,9804.0,107844.0,Senior
employee_3166,33,Data,96616,3,Hyderabad,1159392,9661.6,106277.6,Junior
employee_3167,21,HR,32408,3,Pune,388896,3240.8,35648.8,Junior
employee_3168,45,QA,29153,10,Bangalore,349836,2915.3,32068.3,Mid-level
employee_3169,24,HR,36055,1,Hyderabad,432660,3605.5,39660.5,Fresher
employee_3170,56,HR,44760,12,Hyderabad,537120,4476.0,49236.0,Senior
employee_3171,30,IT,42752,12,Bangalore,513024,4275.2,47027.2,Senior
employee_3172,48,HR,114729,8,Delhi,1376748,11472.900000000001,126201.9,Mid-level
employee_3173,26,Finance,28800,0,Bangalore,345600,2880.0,31680.0,Fresher
employee_3174,47,Finance,91573,14,Mumbai,1098876,9157.300000000001,100730.3,Senior
employee_3175,32,IT,55054,7,Mumbai,660648,5505.400000000001,60559.4,Mid-level
employee_3176,23,Sales,86816,5,Pune,1041792,8681.6,95497.6,Junior
employee_3177,53,QA,51866,14,Pune,622392,5186.6,57052.6,Senior
employee_3178,30,QA,25992,12,Chennai,311904,2599.2000000000003,28591.2,Senior
employee_3179,51,HR,48696,9,Mumbai,584352,4869.6,53565.6,Mid-level
employee_3180,35,HR,85282,6,Bangalore,1023384,8528.2,93810.2,Mid-level
employee_3181,27,Sales,98541,11,Mumbai,1182492,9854.1,108395.1,Senior
employee_3182,56,HR,77838,4,Delhi,934056,7783.8,85621.8,Junior
employee_3183,34,QA,54400,5,Pune,652800,5440.0,59840.0,Junior
employee_3184,34,Data,107277,5,Delhi,1287324,10727.7,118004.7,Junior
employee_3185,23,Finance,42565,12,Pune,510780,4256.5,46821.5,Senior
employee_3186,23,Data,64585,15,Delhi,775020,6458.5,71043.5,Senior
employee_3187,42,Data,59833,8,Pune,717996,5983.3,65816.3,Mid-level
employee_3188,39,QA,37094,15,Bangalore,445128,3709.4,40803.4,Senior
employee_3189,55,Data,56280,9,Delhi,675360,5628.0,61908.0,Mid-level
employee_3190,32,Sales,71647,12,Hyderabad,859764,7164.700000000001,78811.7,Senior
employee_3191,25,IT,69378,3,Pune,832536,6937.8,76315.8,Junior
employee_3192,30,HR,44513,11,Mumbai,534156,4451.3,48964.3,Senior
employee_3193,53,IT,25154,10,Hyderabad,301848,2515.4,27669.4,Mid-level
employee_3194,33,Finance,53134,11,Mumbai,637608,5313.400000000001,58447.4,Senior
employee_3195,55,HR,33678,12,Pune,404136,3367.8,37045.8,Senior
employee_3196,52,Data,31294,4,Bangalore,375528,3129.4,34423.4,Junior
employee_3197,31,Finance,34574,3,Hyderabad,414888,3457.4,38031.4,Junior
employee_3198,58,HR,60183,0,Hyderabad,722196,6018.3,66201.3,Fresher
employee_3199,44,Sales,73747,9,Pune,884964,7374.700000000001,81121.7,Mid-level
employee_3200,55,Sales,91606,5,Delhi,1099272,9160.6,100766.6,Junior
employee_3201,39,Sales,43638,4,Pune,523656,4363.8,48001.8,Junior
employee_3202,26,Sales,82194,3,Pune,986328,8219.4,90413.4,Junior
employee_3203,60,Data,72553,5,Chennai,870636,7255.3,79808.3,Junior
employee_3204,55,IT,51082,11,Bangalore,612984,5108.200000000001,56190.2,Senior
employee_3205,24,HR,41306,4,Delhi,495672,4130.6,45436.6,Junior
employee_3206,53,Data,32807,2,Bangalore,393684,3280.7000000000003,36087.7,Fresher
employee_3207,33,Sales,113760,1,Pune,1365120,11376.0,125136.0,Fresher
employee_3208,56,IT,76342,12,Chennai,916104,7634.200000000001,83976.2,Senior
employee_3209,39,Finance,57143,5,Pune,685716,5714.3,62857.3,Junior
employee_3210,32,Finance,83414,3,Pune,1000968,8341.4,91755.4,Junior
employee_3211,31,Finance,115302,10,Bangalore,1383624,11530.2,126832.2,Mid-level
employee_3212,26,Sales,49715,14,Chennai,596580,4971.5,54686.5,Senior
employee_3213,32,Finance,87054,12,Bangalore,1044648,8705.4,95759.4,Senior
employee_3214,47,QA,97934,9,Pune,1175208,9793.4,107727.4,Mid-level
employee_3215,45,HR,37202,2,Mumbai,446424,3720.2000000000003,40922.2,Fresher
employee_3216,23,HR,52987,13,Hyderabad,635844,5298.700000000001,58285.7,Senior
employee_3217,23,Sales,60740,7,Delhi,728880,6074.0,66814.0,Mid-level
employee_3218,40,QA,101848,11,Pune,1222176,10184.800000000001,112032.8,Senior
employee_3219,48,Data,110890,8,Delhi,1330680,11089.0,121979.0,Mid-level
employee_3220,43,Data,78871,14,Chennai,946452,7887.1,86758.1,Senior
employee_3221,23,Finance,38627,6,Mumbai,463524,3862.7000000000003,42489.7,Mid-level
employee_3222,44,IT,119294,1,Delhi,1431528,11929.400000000001,131223.4,Fresher
employee_3223,60,Data,76069,7,Delhi,912828,7606.900000000001,83675.9,Mid-level
employee_3224,26,IT,65409,10,Chennai,784908,6540.900000000001,71949.9,Mid-level
employee_3225,40,HR,119022,12,Pune,1428264,11902.2,130924.2,Senior
employee_3226,31,IT,105635,12,Pune,1267620,10563.5,116198.5,Senior
employee_3227,52,HR,86486,10,Hyderabad,1037832,8648.6,95134.6,Mid-level
employee_3228,47,QA,26611,4,Chennai,319332,2661.1000000000004,29272.1,Junior
employee_3229,41,QA,56657,14,Mumbai,679884,5665.700000000001,62322.7,Senior
employee_3230,33,Sales,43462,14,Hyderabad,521544,4346.2,47808.2,Senior
employee_3231,42,Sales,101309,14,Chennai,1215708,10130.900000000001,111439.9,Senior
employee_3232,55,Finance,114299,10,Pune,1371588,11429.900000000001,125728.9,Mid-level
employee_3233,42,Data,63547,9,Hyderabad,762564,6354.700000000001,69901.7,Mid-level
employee_3234,48,Finance,54063,6,Pune,648756,5406.3,59469.3,Mid-level
employee_3235,41,HR,107273,4,Bangalore,1287276,10727.300000000001,118000.3,Junior
employee_3236,38,Finance,104397,15,Bangalore,1252764,10439.7,114836.7,Senior
employee_3237,51,IT,77788,1,Hyderabad,933456,7778.8,85566.8,Fresher
employee_3238,57,HR,67523,15,Hyderabad,810276,6752.3,74275.3,Senior
employee_3239,41,Sales,55284,11,Chennai,663408,5528.400000000001,60812.4,Senior
employee_3240,34,QA,112964,11,Mumbai,1355568,11296.400000000001,124260.4,Senior
employee_3241,45,Sales,88996,11,Mumbai,1067952,8899.6,97895.6,Senior
employee_3242,47,Data,91247,3,Bangalore,1094964,9124.7,100371.7,Junior
employee_3243,60,HR,38706,12,Bangalore,464472,3870.6000000000004,42576.6,Senior
employee_3244,43,HR,118614,10,Bangalore,1423368,11861.400000000001,130475.4,Mid-level
employee_3245,51,IT,35924,4,Pune,431088,3592.4,39516.4,Junior
employee_3246,49,Data,40921,5,Mumbai,491052,4092.1000000000004,45013.1,Junior
employee_3247,50,QA,50432,4,Hyderabad,605184,5043.200000000001,55475.2,Junior
employee_3248,46,HR,42813,9,Bangalore,513756,4281.3,47094.3,Mid-level
employee_3249,40,HR,90250,10,Delhi,1083000,9025.0,99275.0,Mid-level
employee_3250,58,IT,93956,15,Chennai,1127472,9395.6,103351.6,Senior
employee_3251,39,Finance,27068,14,Hyderabad,324816,2706.8,29774.8,Senior
employee_3252,47,QA,64927,0,Hyderabad,779124,6492.700000000001,71419.7,Fresher
employee_3253,45,Sales,95342,0,Hyderabad,1144104,9534.2,104876.2,Fresher
employee_3254,60,Data,55539,14,Mumbai,666468,5553.900000000001,61092.9,Senior
employee_3255,58,HR,36683,2,Bangalore,440196,3668.3,40351.3,Fresher
employee_3256,43,HR,110151,8,Chennai,1321812,11015.1,121166.1,Mid-level
employee_3257,49,Sales,60674,10,Pune,728088,6067.400000000001,66741.4,Mid-level
employee_3258,35,QA,77703,1,Chennai,932436,7770.3,85473.3,Fresher
employee_3259,23,Finance,83810,9,Chennai,1005720,8381.0,92191.0,Mid-level
employee_3260,30,HR,111111,4,Delhi,1333332,11111.1,122222.1,Junior
employee_3261,35,QA,110343,8,Chennai,1324116,11034.300000000001,121377.3,Mid-level
employee_3262,36,Sales,110977,6,Pune,1331724,11097.7,122074.7,Mid-level
employee_3263,37,IT,112114,10,Chennai,1345368,11211.400000000001,123325.4,Mid-level
employee_3264,39,Finance,36117,7,Delhi,433404,3611.7000000000003,39728.7,Mid-level
employee_3265,31,Data,28665,1,Chennai,343980,2866.5,31531.5,Fresher
employee_3266,25,HR,69390,4,Bangalore,832680,6939.0,76329.0,Junior
employee_3267,25,QA,99884,8,Delhi,1198608,9988.400000000001,109872.4,Mid-level
employee_3268,34,IT,88887,0,Bangalore,1066644,8888.7,97775.7,Fresher
employee_3269,46,Data,73266,0,Bangalore,879192,7326.6,80592.6,Fresher
employee_3270,28,QA,80541,15,Hyderabad,966492,8054.1,88595.1,Senior
employee_3271,25,QA,89802,9,Delhi,1077624,8980.2,98782.2,Mid-level
employee_3272,27,Data,119319,7,Chennai,1431828,11931.900000000001,131250.9,Mid-level
employee_3273,36,IT,32882,1,Mumbai,394584,3288.2000000000003,36170.2,Fresher
employee_3274,34,Sales,95825,8,Mumbai,1149900,9582.5,105407.5,Mid-level
employee_3275,57,IT,38910,9,Mumbai,466920,3891.0,42801.0,Mid-level
employee_3276,24,Finance,65566,8,Pune,786792,6556.6,72122.6,Mid-level
employee_3277,56,HR,88073,3,Bangalore,1056876,8807.300000000001,96880.3,Junior
employee_3278,37,Data,61176,1,Bangalore,734112,6117.6,67293.6,Fresher
employee_3279,56,Sales,108081,2,Bangalore,1296972,10808.1,118889.1,Fresher
employee_3280,26,Data,55289,9,Delhi,663468,5528.900000000001,60817.9,Mid-level
employee_3281,36,Data,75411,0,Pune,904932,7541.1,82952.1,Fresher
employee_3282,49,IT,94626,2,Chennai,1135512,9462.6,104088.6,Fresher
employee_3283,56,HR,40362,4,Hyderabad,484344,4036.2000000000003,44398.2,Junior
employee_3284,58,Finance,112610,2,Delhi,1351320,11261.0,123871.0,Fresher
employee_3285,57,QA,38783,2,Bangalore,465396,3878.3,42661.3,Fresher
employee_3286,30,QA,69162,9,Chennai,829944,6916.200000000001,76078.2,Mid-level
employee_3287,56,Data,60749,5,Mumbai,728988,6074.900000000001,66823.9,Junior
employee_3288,49,HR,28554,2,Hyderabad,342648,2855.4,31409.4,Fresher
employee_3289,34,Sales,83568,2,Mumbai,1002816,8356.800000000001,91924.8,Fresher
employee_3290,24,IT,43773,14,Chennai,525276,4377.3,48150.3,Senior
employee_3291,56,HR,98694,8,Chennai,1184328,9869.400000000001,108563.4,Mid-level
employee_3292,33,HR,91550,1,Mumbai,1098600,9155.0,100705.0,Fresher
employee_3293,38,IT,71295,0,Delhi,855540,7129.5,78424.5,Fresher
employee_3294,53,Data,55331,9,Hyderabad,663972,5533.1,60864.1,Mid-level
employee_3295,41,HR,70640,7,Mumbai,847680,7064.0,77704.0,Mid-level
employee_3296,36,QA,89877,12,Mumbai,1078524,8987.7,98864.7,Senior
employee_3297,35,IT,71969,13,Delhi,863628,7196.900000000001,79165.9,Senior
employee_3298,25,Sales,67986,2,Mumbai,815832,6798.6,74784.6,Fresher
employee_3299,26,Finance,32585,6,Hyderabad,391020,3258.5,35843.5,Mid-level
employee_3300,58,Data,29122,1,Pune,349464,2912.2000000000003,32034.2,Fresher
employee_3301,23,IT,41838,10,Hyderabad,502056,4183.8,46021.8,Mid-level
employee_3302,32,Finance,42301,10,Delhi,507612,4230.1,46531.1,Mid-level
employee_3303,56,Finance,48107,11,Mumbai,577284,4810.7,52917.7,Senior
employee_3304,53,Sales,82357,7,Bangalore,988284,8235.7,90592.7,Mid-level
employee_3305,56,HR,113161,15,Bangalore,1357932,11316.1,124477.1,Senior
employee_3306,53,Sales,80211,8,Chennai,962532,8021.1,88232.1,Mid-level
employee_3307,51,HR,91025,7,Pune,1092300,9102.5,100127.5,Mid-level
employee_3308,41,HR,91520,7,Delhi,1098240,9152.0,100672.0,Mid-level
employee_3309,47,IT,42344,7,Chennai,508128,4234.400000000001,46578.4,Mid-level
employee_3310,47,IT,82202,13,Chennai,986424,8220.2,90422.2,Senior
employee_3311,28,Data,39959,6,Bangalore,479508,3995.9,43954.9,Mid-level
employee_3312,57,HR,63751,1,Hyderabad,765012,6375.1,70126.1,Fresher
employee_3313,52,Finance,26869,7,Chennai,322428,2686.9,29555.9,Mid-level
employee_3314,46,QA,69264,4,Chennai,831168,6926.400000000001,76190.4,Junior
employee_3315,22,Data,55268,5,Pune,663216,5526.8,60794.8,Junior
employee_3316,32,IT,109564,3,Bangalore,1314768,10956.400000000001,120520.4,Junior
employee_3317,42,Sales,64606,0,Hyderabad,775272,6460.6,71066.6,Fresher
employee_3318,37,Data,38550,12,Pune,462600,3855.0,42405.0,Senior
employee_3319,27,Data,30702,4,Hyderabad,368424,3070.2000000000003,33772.2,Junior
employee_3320,24,Data,103563,2,Hyderabad,1242756,10356.300000000001,113919.3,Fresher
employee_3321,57,Data,86745,8,Chennai,1040940,8674.5,95419.5,Mid-level
employee_3322,58,QA,49459,3,Pune,593508,4945.900000000001,54404.9,Junior
employee_3323,52,Sales,81782,9,Chennai,981384,8178.200000000001,89960.2,Mid-level
employee_3324,31,Sales,112822,1,Mumbai,1353864,11282.2,124104.2,Fresher
employee_3325,21,Sales,31032,3,Hyderabad,372384,3103.2000000000003,34135.2,Junior
employee_3326,45,HR,26825,2,Pune,321900,2682.5,29507.5,Fresher
employee_3327,44,Finance,102090,2,Bangalore,1225080,10209.0,112299.0,Fresher
employee_3328,37,Sales,73101,4,Chennai,877212,7310.1,80411.1,Junior
employee_3329,28,Data,85109,15,Mumbai,1021308,8510.9,93619.9,Senior
employee_3330,47,Data,37470,0,Delhi,449640,3747.0,41217.0,Fresher
employee_3331,38,Sales,28770,4,Mumbai,345240,2877.0,31647.0,Junior
employee_3332,47,Sales,52268,7,Mumbai,627216,5226.8,57494.8,Mid-level
employee_3333,42,Data,25029,14,Chennai,300348,2502.9,27531.9,Senior
employee_3334,36,HR,55083,14,Bangalore,660996,5508.3,60591.3,Senior
employee_3335,22,IT,33958,9,Pune,407496,3395.8,37353.8,Mid-level
employee_3336,25,IT,33806,11,Hyderabad,405672,3380.6000000000004,37186.6,Senior
employee_3337,38,Sales,57162,8,Bangalore,685944,5716.200000000001,62878.2,Mid-level
employee_3338,23,QA,99732,11,Chennai,1196784,9973.2,109705.2,Senior
employee_3339,47,Sales,59889,0,Delhi,718668,5988.900000000001,65877.9,Fresher
employee_3340,37,Sales,52702,13,Pune,632424,5270.200000000001,57972.2,Senior
employee_3341,36,IT,60777,1,Hyderabad,729324,6077.700000000001,66854.7,Fresher
employee_3342,26,Data,77971,1,Delhi,935652,7797.1,85768.1,Fresher
employee_3343,27,Sales,32739,5,Pune,392868,3273.9,36012.9,Junior
employee_3344,34,Data,49599,0,Hyderabad,595188,4959.900000000001,54558.9,Fresher
employee_3345,58,Data,61827,10,Hyderabad,741924,6182.700000000001,68009.7,Mid-level
employee_3346,60,QA,101821,0,Mumbai,1221852,10182.1,112003.1,Fresher
employee_3347,35,Data,93446,1,Delhi,1121352,9344.6,102790.6,Fresher
employee_3348,53,IT,105210,14,Delhi,1262520,10521.0,115731.0,Senior
employee_3349,47,HR,108890,11,Chennai,1306680,10889.0,119779.0,Senior
employee_3350,49,HR,116650,12,Bangalore,1399800,11665.0,128315.0,Senior
employee_3351,57,Finance,48039,3,Mumbai,576468,4803.900000000001,52842.9,Junior
employee_3352,25,Sales,69929,1,Mumbai,839148,6992.900000000001,76921.9,Fresher
employee_3353,49,IT,68884,3,Pune,826608,6888.400000000001,75772.4,Junior
employee_3354,52,Data,50146,2,Delhi,601752,5014.6,55160.6,Fresher
employee_3355,26,HR,70819,2,Hyderabad,849828,7081.900000000001,77900.9,Fresher
employee_3356,22,IT,108162,14,Hyderabad,1297944,10816.2,118978.2,Senior
employee_3357,26,HR,107632,8,Pune,1291584,10763.2,118395.2,Mid-level
employee_3358,24,Data,56308,7,Delhi,675696,5630.8,61938.8,Mid-level
employee_3359,49,HR,38054,11,Chennai,456648,3805.4,41859.4,Senior
employee_3360,45,Sales,104606,11,Hyderabad,1255272,10460.6,115066.6,Senior
employee_3361,29,Sales,77018,9,Mumbai,924216,7701.8,84719.8,Mid-level
employee_3362,23,Finance,51250,8,Mumbai,615000,5125.0,56375.0,Mid-level
employee_3363,46,Finance,39413,0,Delhi,472956,3941.3,43354.3,Fresher
employee_3364,47,HR,102391,11,Hyderabad,1228692,10239.1,112630.1,Senior
employee_3365,56,IT,63921,4,Hyderabad,767052,6392.1,70313.1,Junior
employee_3366,52,Sales,96123,11,Chennai,1153476,9612.300000000001,105735.3,Senior
employee_3367,21,IT,99363,11,Delhi,1192356,9936.300000000001,109299.3,Senior
employee_3368,36,IT,50785,3,Hyderabad,609420,5078.5,55863.5,Junior
employee_3369,31,HR,81865,10,Chennai,982380,8186.5,90051.5,Mid-level
employee_3370,46,IT,31861,13,Mumbai,382332,3186.1000000000004,35047.1,Senior
employee_3371,60,Sales,101340,8,Chennai,1216080,10134.0,111474.0,Mid-level
employee_3372,21,Data,38979,13,Hyderabad,467748,3897.9,42876.9,Senior
employee_3373,46,Finance,91833,2,Bangalore,1101996,9183.300000000001,101016.3,Fresher
employee_3374,48,Data,25357,4,Delhi,304284,2535.7000000000003,27892.7,Junior
employee_3375,29,IT,72201,7,Hyderabad,866412,7220.1,79421.1,Mid-level
employee_3376,42,Data,79254,9,Bangalore,951048,7925.400000000001,87179.4,Mid-level
employee_3377,28,Sales,107160,14,Mumbai,1285920,10716.0,117876.0,Senior
employee_3378,47,Sales,35796,4,Delhi,429552,3579.6000000000004,39375.6,Junior
employee_3379,59,IT,48238,8,Pune,578856,4823.8,53061.8,Mid-level
employee_3380,39,HR,119176,1,Delhi,1430112,11917.6,131093.6,Fresher
employee_3381,45,Data,75978,5,Mumbai,911736,7597.8,83575.8,Junior
employee_3382,58,HR,65883,4,Mumbai,790596,6588.3,72471.3,Junior
employee_3383,41,HR,110478,8,Mumbai,1325736,11047.800000000001,121525.8,Mid-level
employee_3384,44,QA,94396,6,Chennai,1132752,9439.6,103835.6,Mid-level
employee_3385,44,IT,29447,15,Mumbai,353364,2944.7000000000003,32391.7,Senior
employee_3386,39,Finance,45523,7,Pune,546276,4552.3,50075.3,Mid-level
employee_3387,22,Sales,89079,6,Hyderabad,1068948,8907.9,97986.9,Mid-level
employee_3388,34,Sales,89823,12,Bangalore,1077876,8982.300000000001,98805.3,Senior
employee_3389,52,IT,74289,9,Delhi,891468,7428.900000000001,81717.9,Mid-level
employee_3390,52,Finance,29849,9,Delhi,358188,2984.9,32833.9,Mid-level
employee_3391,48,Sales,49718,4,Mumbai,596616,4971.8,54689.8,Junior
employee_3392,59,IT,112862,10,Bangalore,1354344,11286.2,124148.2,Mid-level
employee_3393,60,Sales,98002,12,Mumbai,1176024,9800.2,107802.2,Senior
employee_3394,60,HR,85977,13,Chennai,1031724,8597.7,94574.7,Senior
employee_3395,33,Data,113325,4,Bangalore,1359900,11332.5,124657.5,Junior
employee_3396,32,Data,52135,12,Mumbai,625620,5213.5,57348.5,Senior
employee_3397,28,Sales,55262,10,Mumbai,663144,5526.200000000001,60788.2,Mid-level
employee_3398,35,QA,114971,3,Pune,1379652,11497.1,126468.1,Junior
employee_3399,46,Finance,59787,1,Pune,717444,5978.700000000001,65765.7,Fresher
employee_3400,32,Finance,40689,13,Pune,488268,4068.9,44757.9,Senior
employee_3401,47,Finance,64860,8,Chennai,778320,6486.0,71346.0,Mid-level
employee_3402,38,HR,75344,9,Bangalore,904128,7534.400000000001,82878.4,Mid-level
employee_3403,56,Finance,92891,9,Chennai,1114692,9289.1,102180.1,Mid-level
employee_3404,47,Data,76658,11,Hyderabad,919896,7665.8,84323.8,Senior
employee_3405,29,HR,90869,9,Mumbai,1090428,9086.9,99955.9,Mid-level
employee_3406,59,IT,60330,9,Mumbai,723960,6033.0,66363.0,Mid-level
employee_3407,21,Finance,105312,2,Mumbai,1263744,10531.2,115843.2,Fresher
employee_3408,27,Finance,85064,10,Pune,1020768,8506.4,93570.4,Mid-level
employee_3409,46,IT,52014,10,Mumbai,624168,5201.400000000001,57215.4,Mid-level
employee_3410,27,Finance,59563,2,Pune,714756,5956.3,65519.3,Fresher
employee_3411,27,IT,40270,2,Hyderabad,483240,4027.0,44297.0,Fresher
employee_3412,28,HR,56279,7,Chennai,675348,5627.900000000001,61906.9,Mid-level
employee_3413,36,Data,28657,5,Chennai,343884,2865.7000000000003,31522.7,Junior
employee_3414,23,IT,114422,0,Chennai,1373064,11442.2,125864.2,Fresher
employee_3415,30,QA,93773,11,Pune,1125276,9377.300000000001,103150.3,Senior
employee_3416,27,IT,26027,12,Delhi,312324,2602.7000000000003,28629.7,Senior
employee_3417,41,Finance,39199,14,Delhi,470388,3919.9,43118.9,Senior
employee_3418,57,HR,69954,13,Bangalore,839448,6995.400000000001,76949.4,Senior
employee_3419,51,Sales,104317,2,Delhi,1251804,10431.7,114748.7,Fresher
employee_3420,43,HR,40120,3,Bangalore,481440,4012.0,44132.0,Junior
employee_3421,47,Sales,81812,12,Hyderabad,981744,8181.200000000001,89993.2,Senior
employee_3422,42,IT,114825,1,Bangalore,1377900,11482.5,126307.5,Fresher
employee_3423,59,Data,30983,15,Hyderabad,371796,3098.3,34081.3,Senior
employee_3424,47,QA,91629,15,Mumbai,1099548,9162.9,100791.9,Senior
employee_3425,24,HR,95325,5,Chennai,1143900,9532.5,104857.5,Junior
employee_3426,44,Finance,27912,9,Delhi,334944,2791.2000000000003,30703.2,Mid-level
employee_3427,43,Sales,72879,11,Pune,874548,7287.900000000001,80166.9,Senior
employee_3428,39,Finance,46873,0,Hyderabad,562476,4687.3,51560.3,Fresher
employee_3429,23,Data,39332,0,Delhi,471984,3933.2000000000003,43265.2,Fresher
employee_3430,47,Sales,41564,7,Pune,498768,4156.400000000001,45720.4,Mid-level
employee_3431,23,HR,102795,3,Pune,1233540,10279.5,113074.5,Junior
employee_3432,48,IT,45526,14,Chennai,546312,4552.6,50078.6,Senior
employee_3433,37,Finance,90481,14,Mumbai,1085772,9048.1,99529.1,Senior
employee_3434,51,Data,77775,0,Mumbai,933300,7777.5,85552.5,Fresher
employee_3435,30,HR,111649,6,Bangalore,1339788,11164.900000000001,122813.9,Mid-level
employee_3436,42,HR,41006,8,Delhi,492072,4100.6,45106.6,Mid-level
employee_3437,50,HR,46643,9,Mumbai,559716,4664.3,51307.3,Mid-level
employee_3438,41,HR,114949,6,Chennai,1379388,11494.900000000001,126443.9,Mid-level
employee_3439,56,Sales,88128,0,Delhi,1057536,8812.800000000001,96940.8,Fresher
employee_3440,43,HR,67523,0,Pune,810276,6752.3,74275.3,Fresher
employee_3441,58,Finance,95220,11,Hyderabad,1142640,9522.0,104742.0,Senior
employee_3442,32,Data,98390,0,Hyderabad,1180680,9839.0,108229.0,Fresher
employee_3443,45,Sales,77784,14,Mumbai,933408,7778.400000000001,85562.4,Senior
employee_3444,40,HR,112893,7,Bangalore,1354716,11289.300000000001,124182.3,Mid-level
employee_3445,27,QA,84701,15,Hyderabad,1016412,8470.1,93171.1,Senior
employee_3446,49,QA,42946,6,Bangalore,515352,4294.6,47240.6,Mid-level
employee_3447,49,Data,38127,13,Hyderabad,457524,3812.7000000000003,41939.7,Senior
employee_3448,33,IT,54404,2,Bangalore,652848,5440.400000000001,59844.4,Fresher
employee_3449,23,IT,113424,2,Bangalore,1361088,11342.400000000001,124766.4,Fresher
employee_3450,22,Sales,42401,11,Pune,508812,4240.1,46641.1,Senior
employee_3451,36,Sales,40428,2,Chennai,485136,4042.8,44470.8,Fresher
employee_3452,50,Sales,89372,1,Hyderabad,1072464,8937.2,98309.2,Fresher
employee_3453,58,IT,36971,13,Delhi,443652,3697.1000000000004,40668.1,Senior
employee_3454,26,QA,113018,13,Mumbai,1356216,11301.800000000001,124319.8,Senior
employee_3455,27,IT,110504,3,Chennai,1326048,11050.400000000001,121554.4,Junior
employee_3456,25,Finance,41565,6,Pune,498780,4156.5,45721.5,Mid-level
employee_3457,27,HR,31829,8,Pune,381948,3182.9,35011.9,Mid-level
employee_3458,54,Sales,101023,2,Pune,1212276,10102.300000000001,111125.3,Fresher
employee_3459,52,QA,60435,9,Mumbai,725220,6043.5,66478.5,Mid-level
employee_3460,33,Data,106823,6,Hyderabad,1281876,10682.300000000001,117505.3,Mid-level
employee_3461,50,Data,63941,11,Hyderabad,767292,6394.1,70335.1,Senior
employee_3462,45,HR,67459,14,Bangalore,809508,6745.900000000001,74204.9,Senior
employee_3463,41,QA,72976,3,Bangalore,875712,7297.6,80273.6,Junior
employee_3464,41,IT,104199,0,Delhi,1250388,10419.900000000001,114618.9,Fresher
employee_3465,48,IT,34176,4,Bangalore,410112,3417.6000000000004,37593.6,Junior
employee_3466,40,Finance,76516,7,Mumbai,918192,7651.6,84167.6,Mid-level
employee_3467,54,Finance,40072,2,Chennai,480864,4007.2000000000003,44079.2,Fresher
employee_3468,25,IT,96052,9,Hyderabad,1152624,9605.2,105657.2,Mid-level
employee_3469,38,Data,44689,3,Bangalore,536268,4468.900000000001,49157.9,Junior
employee_3470,59,Sales,43599,14,Mumbai,523188,4359.900000000001,47958.9,Senior
employee_3471,31,Data,107045,2,Mumbai,1284540,10704.5,117749.5,Fresher
employee_3472,37,Finance,60388,14,Delhi,724656,6038.8,66426.8,Senior
employee_3473,42,HR,75603,9,Bangalore,907236,7560.3,83163.3,Mid-level
employee_3474,57,IT,99736,13,Delhi,1196832,9973.6,109709.6,Senior
employee_3475,40,Finance,50789,13,Pune,609468,5078.900000000001,55867.9,Senior
employee_3476,26,Finance,102432,15,Pune,1229184,10243.2,112675.2,Senior
employee_3477,54,Sales,112467,7,Pune,1349604,11246.7,123713.7,Mid-level
employee_3478,34,IT,113623,9,Bangalore,1363476,11362.300000000001,124985.3,Mid-level
employee_3479,43,Sales,114289,7,Mumbai,1371468,11428.900000000001,125717.9,Mid-level
employee_3480,40,IT,77282,13,Mumbai,927384,7728.200000000001,85010.2,Senior
employee_3481,33,Sales,58464,3,Hyderabad,701568,5846.400000000001,64310.4,Junior
employee_3482,52,Data,92806,10,Pune,1113672,9280.6,102086.6,Mid-level
employee_3483,46,HR,116627,1,Bangalore,1399524,11662.7,128289.7,Fresher
employee_3484,34,HR,66994,11,Hyderabad,803928,6699.400000000001,73693.4,Senior
employee_3485,56,IT,106596,2,Mumbai,1279152,10659.6,117255.6,Fresher
employee_3486,28,QA,116123,2,Hyderabad,1393476,11612.300000000001,127735.3,Fresher
employee_3487,60,Finance,50594,3,Pune,607128,5059.400000000001,55653.4,Junior
employee_3488,42,Finance,77563,10,Chennai,930756,7756.3,85319.3,Mid-level
employee_3489,42,IT,105352,12,Pune,1264224,10535.2,115887.2,Senior
employee_3490,36,Sales,111840,1,Pune,1342080,11184.0,123024.0,Fresher
employee_3491,47,QA,53386,1,Bangalore,640632,5338.6,58724.6,Fresher
employee_3492,30,Data,91652,2,Chennai,1099824,9165.2,100817.2,Fresher
employee_3493,45,Sales,119835,11,Delhi,1438020,11983.5,131818.5,Senior
employee_3494,51,Sales,42540,0,Chennai,510480,4254.0,46794.0,Fresher
employee_3495,41,IT,58756,7,Chennai,705072,5875.6,64631.6,Mid-level
employee_3496,47,IT,68426,5,Mumbai,821112,6842.6,75268.6,Junior
employee_3497,37,Finance,30587,2,Hyderabad,367044,3058.7000000000003,33645.7,Fresher
employee_3498,53,IT,108748,0,Mumbai,1304976,10874.800000000001,119622.8,Fresher
employee_3499,51,IT,106339,2,Delhi,1276068,10633.900000000001,116972.9,Fresher
employee_3500,46,IT,114792,0,Chennai,1377504,11479.2,126271.2,Fresher
employee_3501,41,Finance,74039,2,Bangalore,888468,7403.900000000001,81442.9,Fresher
employee_3502,56,Data,35269,3,Delhi,423228,3526.9,38795.9,Junior
employee_3503,21,Data,31088,5,Pune,373056,3108.8,34196.8,Junior
employee_3504,24,IT,67044,6,Pune,804528,6704.400000000001,73748.4,Mid-level
employee_3505,24,Finance,52081,6,Mumbai,624972,5208.1,57289.1,Mid-level
employee_3506,46,Data,86388,8,Delhi,1036656,8638.800000000001,95026.8,Mid-level
employee_3507,24,Sales,35543,15,Mumbai,426516,3554.3,39097.3,Senior
employee_3508,29,Data,28005,7,Bangalore,336060,2800.5,30805.5,Mid-level
employee_3509,50,Data,62203,12,Pune,746436,6220.3,68423.3,Senior
employee_3510,24,Finance,41220,3,Mumbai,494640,4122.0,45342.0,Junior
employee_3511,25,Sales,57696,5,Hyderabad,692352,5769.6,63465.6,Junior
employee_3512,43,Finance,104683,10,Mumbai,1256196,10468.300000000001,115151.3,Mid-level
employee_3513,36,IT,71381,0,Mumbai,856572,7138.1,78519.1,Fresher
employee_3514,42,HR,72984,7,Chennai,875808,7298.400000000001,80282.4,Mid-level
employee_3515,57,Data,25076,5,Hyderabad,300912,2507.6000000000004,27583.6,Junior
employee_3516,28,HR,43946,1,Hyderabad,527352,4394.6,48340.6,Fresher
employee_3517,53,Finance,108492,7,Bangalore,1301904,10849.2,119341.2,Mid-level
employee_3518,58,Finance,48471,3,Chennai,581652,4847.1,53318.1,Junior
employee_3519,36,Finance,86531,8,Hyderabad,1038372,8653.1,95184.1,Mid-level
employee_3520,25,HR,63738,3,Chennai,764856,6373.8,70111.8,Junior
employee_3521,36,Finance,65720,0,Chennai,788640,6572.0,72292.0,Fresher
employee_3522,27,IT,119673,6,Pune,1436076,11967.300000000001,131640.3,Mid-level
employee_3523,21,Finance,49440,9,Hyderabad,593280,4944.0,54384.0,Mid-level
employee_3524,29,QA,36862,4,Pune,442344,3686.2000000000003,40548.2,Junior
employee_3525,38,HR,93273,9,Mumbai,1119276,9327.300000000001,102600.3,Mid-level
employee_3526,23,QA,46788,10,Mumbai,561456,4678.8,51466.8,Mid-level
employee_3527,44,Finance,50522,11,Pune,606264,5052.200000000001,55574.2,Senior
employee_3528,48,IT,95185,4,Mumbai,1142220,9518.5,104703.5,Junior
employee_3529,30,Data,94404,3,Pune,1132848,9440.4,103844.4,Junior
employee_3530,29,Sales,77289,5,Bangalore,927468,7728.900000000001,85017.9,Junior
employee_3531,33,Sales,32824,0,Chennai,393888,3282.4,36106.4,Fresher
employee_3532,55,Finance,32799,2,Bangalore,393588,3279.9,36078.9,Fresher
employee_3533,43,IT,110406,10,Hyderabad,1324872,11040.6,121446.6,Mid-level
employee_3534,37,HR,70147,11,Bangalore,841764,7014.700000000001,77161.7,Senior
employee_3535,27,QA,107922,6,Bangalore,1295064,10792.2,118714.2,Mid-level
employee_3536,36,QA,33614,10,Mumbai,403368,3361.4,36975.4,Mid-level
employee_3537,60,QA,50147,7,Delhi,601764,5014.700000000001,55161.7,Mid-level
employee_3538,56,HR,101637,11,Delhi,1219644,10163.7,111800.7,Senior
employee_3539,40,Sales,45914,8,Pune,550968,4591.400000000001,50505.4,Mid-level
employee_3540,44,IT,88699,0,Hyderabad,1064388,8869.9,97568.9,Fresher
employee_3541,25,HR,34615,3,Delhi,415380,3461.5,38076.5,Junior
employee_3542,26,QA,75785,1,Mumbai,909420,7578.5,83363.5,Fresher
employee_3543,48,Finance,113589,1,Hyderabad,1363068,11358.900000000001,124947.9,Fresher
employee_3544,25,Data,82811,0,Chennai,993732,8281.1,91092.1,Fresher
employee_3545,59,HR,104017,4,Pune,1248204,10401.7,114418.7,Junior
employee_3546,58,HR,71898,15,Mumbai,862776,7189.8,79087.8,Senior
employee_3547,22,IT,80505,1,Bangalore,966060,8050.5,88555.5,Fresher
employee_3548,59,IT,101031,3,Chennai,1212372,10103.1,111134.1,Junior
employee_3549,41,HR,116818,8,Bangalore,1401816,11681.800000000001,128499.8,Mid-level
employee_3550,60,QA,25146,10,Delhi,301752,2514.6000000000004,27660.6,Mid-level
employee_3551,57,Data,65275,2,Hyderabad,783300,6527.5,71802.5,Fresher
employee_3552,38,IT,40977,14,Chennai,491724,4097.7,45074.7,Senior
employee_3553,32,QA,66565,7,Mumbai,798780,6656.5,73221.5,Mid-level
employee_3554,37,Finance,58945,9,Bangalore,707340,5894.5,64839.5,Mid-level
employee_3555,57,IT,27594,12,Delhi,331128,2759.4,30353.4,Senior
employee_3556,58,QA,101610,5,Bangalore,1219320,10161.0,111771.0,Junior
employee_3557,35,QA,82655,9,Hyderabad,991860,8265.5,90920.5,Mid-level
employee_3558,27,Data,52431,4,Hyderabad,629172,5243.1,57674.1,Junior
employee_3559,34,Data,107684,1,Delhi,1292208,10768.400000000001,118452.4,Fresher
employee_3560,21,Finance,113197,10,Pune,1358364,11319.7,124516.7,Mid-level
employee_3561,58,QA,52571,12,Delhi,630852,5257.1,57828.1,Senior
employee_3562,23,Sales,90971,2,Pune,1091652,9097.1,100068.1,Fresher
employee_3563,57,QA,86797,7,Delhi,1041564,8679.7,95476.7,Mid-level
employee_3564,51,Data,68937,14,Delhi,827244,6893.700000000001,75830.7,Senior
employee_3565,33,Sales,84643,11,Hyderabad,1015716,8464.300000000001,93107.3,Senior
employee_3566,38,IT,107054,11,Pune,1284648,10705.400000000001,117759.4,Senior
employee_3567,37,IT,119026,8,Delhi,1428312,11902.6,130928.6,Mid-level
employee_3568,37,HR,111538,10,Bangalore,1338456,11153.800000000001,122691.8,Mid-level
employee_3569,31,Data,85051,10,Hyderabad,1020612,8505.1,93556.1,Mid-level
employee_3570,40,HR,92902,6,Chennai,1114824,9290.2,102192.2,Mid-level
employee_3571,30,Sales,102903,0,Hyderabad,1234836,10290.300000000001,113193.3,Fresher
employee_3572,49,Data,101990,15,Delhi,1223880,10199.0,112189.0,Senior
employee_3573,54,Finance,100204,11,Mumbai,1202448,10020.400000000001,110224.4,Senior
employee_3574,37,QA,93951,11,Mumbai,1127412,9395.1,103346.1,Senior
employee_3575,33,Finance,100768,12,Hyderabad,1209216,10076.800000000001,110844.8,Senior
employee_3576,59,Sales,54039,12,Chennai,648468,5403.900000000001,59442.9,Senior
employee_3577,47,Data,50568,5,Hyderabad,606816,5056.8,55624.8,Junior
employee_3578,46,Sales,62459,6,Chennai,749508,6245.900000000001,68704.9,Mid-level
employee_3579,48,QA,32669,11,Delhi,392028,3266.9,35935.9,Senior
employee_3580,33,IT,114749,5,Bangalore,1376988,11474.900000000001,126223.9,Junior
employee_3581,32,IT,108816,9,Bangalore,1305792,10881.6,119697.6,Mid-level
employee_3582,48,Sales,109985,10,Chennai,1319820,10998.5,120983.5,Mid-level
employee_3583,22,HR,60516,12,Pune,726192,6051.6,66567.6,Senior
employee_3584,57,Data,87484,1,Bangalore,1049808,8748.4,96232.4,Fresher
employee_3585,54,Data,113612,12,Mumbai,1363344,11361.2,124973.2,Senior
employee_3586,43,IT,93197,8,Hyderabad,1118364,9319.7,102516.7,Mid-level
employee_3587,49,Finance,48333,2,Delhi,579996,4833.3,53166.3,Fresher
employee_3588,55,QA,113295,5,Pune,1359540,11329.5,124624.5,Junior
employee_3589,31,Finance,80611,15,Mumbai,967332,8061.1,88672.1,Senior
employee_3590,53,Finance,72941,5,Hyderabad,875292,7294.1,80235.1,Junior
employee_3591,31,Sales,63875,15,Mumbai,766500,6387.5,70262.5,Senior
employee_3592,29,IT,37698,7,Pune,452376,3769.8,41467.8,Mid-level
employee_3593,34,IT,86826,12,Chennai,1041912,8682.6,95508.6,Senior
employee_3594,29,IT,56408,3,Hyderabad,676896,5640.8,62048.8,Junior
employee_3595,59,Sales,113421,14,Mumbai,1361052,11342.1,124763.1,Senior
employee_3596,23,HR,103845,5,Delhi,1246140,10384.5,114229.5,Junior
employee_3597,49,Finance,40133,0,Delhi,481596,4013.3,44146.3,Fresher
employee_3598,39,Sales,98746,8,Mumbai,1184952,9874.6,108620.6,Mid-level
employee_3599,56,Data,61126,11,Pune,733512,6112.6,67238.6,Senior
employee_3600,52,QA,58043,8,Pune,696516,5804.3,63847.3,Mid-level
employee_3601,27,HR,29078,6,Delhi,348936,2907.8,31985.8,Mid-level
employee_3602,48,Data,78906,10,Delhi,946872,7890.6,86796.6,Mid-level
employee_3603,38,Finance,36137,12,Pune,433644,3613.7000000000003,39750.7,Senior
employee_3604,25,IT,54350,0,Chennai,652200,5435.0,59785.0,Fresher
employee_3605,43,Finance,29698,2,Bangalore,356376,2969.8,32667.8,Fresher
employee_3606,42,Sales,58132,11,Mumbai,697584,5813.200000000001,63945.2,Senior
employee_3607,46,QA,35165,4,Chennai,421980,3516.5,38681.5,Junior
employee_3608,32,Sales,25794,3,Mumbai,309528,2579.4,28373.4,Junior
employee_3609,60,HR,38646,4,Delhi,463752,3864.6000000000004,42510.6,Junior
employee_3610,39,HR,113715,6,Chennai,1364580,11371.5,125086.5,Mid-level
employee_3611,21,QA,30870,8,Delhi,370440,3087.0,33957.0,Mid-level
employee_3612,23,Data,55736,0,Delhi,668832,5573.6,61309.6,Fresher
employee_3613,47,Data,83084,4,Delhi,997008,8308.4,91392.4,Junior
employee_3614,38,HR,41211,2,Hyderabad,494532,4121.1,45332.1,Fresher
employee_3615,50,HR,111665,2,Bangalore,1339980,11166.5,122831.5,Fresher
employee_3616,22,IT,84538,10,Delhi,1014456,8453.800000000001,92991.8,Mid-level
employee_3617,25,Data,32377,1,Mumbai,388524,3237.7000000000003,35614.7,Fresher
employee_3618,49,QA,33861,5,Pune,406332,3386.1000000000004,37247.1,Junior
employee_3619,53,Data,42821,13,Bangalore,513852,4282.1,47103.1,Senior
employee_3620,40,IT,103488,5,Mumbai,1241856,10348.800000000001,113836.8,Junior
employee_3621,50,Sales,99583,2,Hyderabad,1194996,9958.300000000001,109541.3,Fresher
employee_3622,25,HR,51953,0,Delhi,623436,5195.3,57148.3,Fresher
employee_3623,41,HR,61801,6,Mumbai,741612,6180.1,67981.1,Mid-level
employee_3624,35,IT,43277,1,Mumbai,519324,4327.7,47604.7,Fresher
employee_3625,40,QA,114439,7,Mumbai,1373268,11443.900000000001,125882.9,Mid-level
employee_3626,28,HR,108762,15,Bangalore,1305144,10876.2,119638.2,Senior
employee_3627,51,Finance,47628,2,Delhi,571536,4762.8,52390.8,Fresher
employee_3628,32,HR,107246,0,Mumbai,1286952,10724.6,117970.6,Fresher
employee_3629,41,Finance,52802,9,Pune,633624,5280.200000000001,58082.2,Mid-level
employee_3630,50,IT,88497,8,Delhi,1061964,8849.7,97346.7,Mid-level
employee_3631,47,IT,109320,4,Chennai,1311840,10932.0,120252.0,Junior
employee_3632,46,HR,94814,0,Pune,1137768,9481.4,104295.4,Fresher
employee_3633,53,Data,78702,9,Hyderabad,944424,7870.200000000001,86572.2,Mid-level
employee_3634,46,Finance,53677,10,Bangalore,644124,5367.700000000001,59044.7,Mid-level
employee_3635,46,QA,32500,5,Chennai,390000,3250.0,35750.0,Junior
employee_3636,56,HR,29015,9,Bangalore,348180,2901.5,31916.5,Mid-level
employee_3637,60,QA,112372,2,Bangalore,1348464,11237.2,123609.2,Fresher
employee_3638,21,HR,83812,10,Mumbai,1005744,8381.2,92193.2,Mid-level
employee_3639,35,Data,32826,14,Pune,393912,3282.6000000000004,36108.6,Senior
employee_3640,21,Data,34201,3,Chennai,410412,3420.1000000000004,37621.1,Junior
employee_3641,31,Data,54048,7,Mumbai,648576,5404.8,59452.8,Mid-level
employee_3642,22,Sales,44941,14,Chennai,539292,4494.1,49435.1,Senior
employee_3643,21,Data,105641,4,Delhi,1267692,10564.1,116205.1,Junior
employee_3644,51,IT,83418,11,Delhi,1001016,8341.800000000001,91759.8,Senior
employee_3645,36,IT,90689,5,Pune,1088268,9068.9,99757.9,Junior
employee_3646,42,Sales,66541,9,Mumbai,798492,6654.1,73195.1,Mid-level
employee_3647,38,Finance,74939,3,Chennai,899268,7493.900000000001,82432.9,Junior
employee_3648,37,QA,95422,5,Delhi,1145064,9542.2,104964.2,Junior
employee_3649,50,HR,48950,2,Mumbai,587400,4895.0,53845.0,Fresher
employee_3650,30,HR,92803,9,Bangalore,1113636,9280.300000000001,102083.3,Mid-level
employee_3651,55,Sales,45642,11,Delhi,547704,4564.2,50206.2,Senior
employee_3652,41,IT,91506,0,Hyderabad,1098072,9150.6,100656.6,Fresher
employee_3653,36,HR,66607,5,Chennai,799284,6660.700000000001,73267.7,Junior
employee_3654,26,IT,56288,13,Delhi,675456,5628.8,61916.8,Senior
employee_3655,23,Finance,107865,12,Pune,1294380,10786.5,118651.5,Senior
employee_3656,41,QA,39450,15,Chennai,473400,3945.0,43395.0,Senior
employee_3657,33,Finance,30618,0,Hyderabad,367416,3061.8,33679.8,Fresher
employee_3658,38,Sales,59263,9,Chennai,711156,5926.3,65189.3,Mid-level
employee_3659,44,Data,92583,11,Chennai,1110996,9258.300000000001,101841.3,Senior
employee_3660,47,Data,99900,2,Delhi,1198800,9990.0,109890.0,Fresher
employee_3661,24,Data,53794,11,Chennai,645528,5379.400000000001,59173.4,Senior
employee_3662,42,Finance,38091,7,Pune,457092,3809.1000000000004,41900.1,Mid-level
employee_3663,44,HR,93422,6,Hyderabad,1121064,9342.2,102764.2,Mid-level
employee_3664,60,QA,112108,7,Delhi,1345296,11210.800000000001,123318.8,Mid-level
employee_3665,30,Data,40161,9,Hyderabad,481932,4016.1000000000004,44177.1,Mid-level
employee_3666,22,Sales,29158,9,Pune,349896,2915.8,32073.8,Mid-level
employee_3667,60,Sales,52663,1,Chennai,631956,5266.3,57929.3,Fresher
employee_3668,26,Data,110381,9,Chennai,1324572,11038.1,121419.1,Mid-level
employee_3669,38,Data,31733,6,Delhi,380796,3173.3,34906.3,Mid-level
employee_3670,37,QA,57001,13,Hyderabad,684012,5700.1,62701.1,Senior
employee_3671,58,Data,64128,3,Chennai,769536,6412.8,70540.8,Junior
employee_3672,43,QA,74630,0,Bangalore,895560,7463.0,82093.0,Fresher
employee_3673,50,Sales,34329,10,Chennai,411948,3432.9,37761.9,Mid-level
employee_3674,41,Data,78105,2,Chennai,937260,7810.5,85915.5,Fresher
employee_3675,30,Finance,88436,4,Mumbai,1061232,8843.6,97279.6,Junior
employee_3676,33,Finance,115348,13,Hyderabad,1384176,11534.800000000001,126882.8,Senior
employee_3677,32,Sales,117635,9,Hyderabad,1411620,11763.5,129398.5,Mid-level
employee_3678,29,QA,94579,7,Bangalore,1134948,9457.9,104036.9,Mid-level
employee_3679,24,Finance,39242,1,Bangalore,470904,3924.2000000000003,43166.2,Fresher
employee_3680,59,QA,116814,1,Bangalore,1401768,11681.400000000001,128495.4,Fresher
employee_3681,44,Finance,52133,7,Hyderabad,625596,5213.3,57346.3,Mid-level
employee_3682,54,Finance,49740,13,Mumbai,596880,4974.0,54714.0,Senior
employee_3683,59,QA,55976,8,Mumbai,671712,5597.6,61573.6,Mid-level
employee_3684,25,HR,65067,9,Pune,780804,6506.700000000001,71573.7,Mid-level
employee_3685,35,Finance,36231,12,Hyderabad,434772,3623.1000000000004,39854.1,Senior
employee_3686,24,Data,91105,12,Pune,1093260,9110.5,100215.5,Senior
employee_3687,59,Sales,28328,0,Chennai,339936,2832.8,31160.8,Fresher
employee_3688,28,HR,50261,13,Bangalore,603132,5026.1,55287.1,Senior
employee_3689,44,QA,50262,1,Pune,603144,5026.200000000001,55288.2,Fresher
employee_3690,48,HR,28280,14,Delhi,339360,2828.0,31108.0,Senior
employee_3691,47,IT,109683,3,Pune,1316196,10968.300000000001,120651.3,Junior
employee_3692,21,IT,56742,11,Hyderabad,680904,5674.200000000001,62416.2,Senior
employee_3693,54,Finance,28590,2,Bangalore,343080,2859.0,31449.0,Fresher
employee_3694,37,Finance,75226,0,Bangalore,902712,7522.6,82748.6,Fresher
employee_3695,57,Data,112542,3,Mumbai,1350504,11254.2,123796.2,Junior
employee_3696,58,Sales,38570,10,Pune,462840,3857.0,42427.0,Mid-level
employee_3697,46,HR,114443,12,Mumbai,1373316,11444.300000000001,125887.3,Senior
employee_3698,44,IT,34533,10,Pune,414396,3453.3,37986.3,Mid-level
employee_3699,59,Finance,107283,1,Hyderabad,1287396,10728.300000000001,118011.3,Fresher
employee_3700,41,Sales,38366,9,Hyderabad,460392,3836.6000000000004,42202.6,Mid-level
employee_3701,50,HR,101368,4,Chennai,1216416,10136.800000000001,111504.8,Junior
employee_3702,33,Finance,53325,0,Pune,639900,5332.5,58657.5,Fresher
employee_3703,57,Finance,59798,13,Pune,717576,5979.8,65777.8,Senior
employee_3704,23,IT,64453,15,Bangalore,773436,6445.3,70898.3,Senior
employee_3705,52,IT,47849,7,Bangalore,574188,4784.900000000001,52633.9,Mid-level
employee_3706,55,Finance,80943,9,Mumbai,971316,8094.3,89037.3,Mid-level
employee_3707,39,QA,31157,15,Chennai,373884,3115.7000000000003,34272.7,Senior
employee_3708,34,Finance,55178,1,Hyderabad,662136,5517.8,60695.8,Fresher
employee_3709,42,Sales,107537,10,Pune,1290444,10753.7,118290.7,Mid-level
employee_3710,37,Finance,54030,2,Mumbai,648360,5403.0,59433.0,Fresher
employee_3711,24,Data,76134,2,Chennai,913608,7613.400000000001,83747.4,Fresher
employee_3712,60,Data,90729,3,Bangalore,1088748,9072.9,99801.9,Junior
employee_3713,39,Data,33164,6,Chennai,397968,3316.4,36480.4,Mid-level
employee_3714,57,QA,111378,12,Mumbai,1336536,11137.800000000001,122515.8,Senior
employee_3715,22,QA,26119,8,Hyderabad,313428,2611.9,28730.9,Mid-level
employee_3716,35,Finance,38351,2,Bangalore,460212,3835.1000000000004,42186.1,Fresher
employee_3717,22,Data,81063,0,Delhi,972756,8106.3,89169.3,Fresher
employee_3718,31,QA,97076,14,Bangalore,1164912,9707.6,106783.6,Senior
employee_3719,43,IT,70162,10,Hyderabad,841944,7016.200000000001,77178.2,Mid-level
employee_3720,30,Finance,56760,9,Bangalore,681120,5676.0,62436.0,Mid-level
employee_3721,23,Sales,74678,14,Mumbai,896136,7467.8,82145.8,Senior
employee_3722,25,HR,117064,0,Bangalore,1404768,11706.400000000001,128770.4,Fresher
employee_3723,23,Finance,114074,11,Pune,1368888,11407.400000000001,125481.4,Senior
employee_3724,58,HR,72628,10,Chennai,871536,7262.8,79890.8,Mid-level
employee_3725,33,Data,116894,5,Mumbai,1402728,11689.400000000001,128583.4,Junior
employee_3726,39,HR,65739,4,Hyderabad,788868,6573.900000000001,72312.9,Junior
employee_3727,60,Data,54738,9,Mumbai,656856,5473.8,60211.8,Mid-level
employee_3728,55,IT,71921,6,Pune,863052,7192.1,79113.1,Mid-level
employee_3729,44,HR,86068,6,Bangalore,1032816,8606.800000000001,94674.8,Mid-level
employee_3730,44,Finance,48581,2,Bangalore,582972,4858.1,53439.1,Fresher
employee_3731,37,Data,46485,6,Delhi,557820,4648.5,51133.5,Mid-level
employee_3732,60,Finance,117701,8,Mumbai,1412412,11770.1,129471.1,Mid-level
employee_3733,30,QA,61294,7,Bangalore,735528,6129.400000000001,67423.4,Mid-level
employee_3734,22,Data,78001,2,Bangalore,936012,7800.1,85801.1,Fresher
employee_3735,43,HR,26634,9,Pune,319608,2663.4,29297.4,Mid-level
employee_3736,26,Data,68969,4,Hyderabad,827628,6896.900000000001,75865.9,Junior
employee_3737,22,Finance,25093,12,Delhi,301116,2509.3,27602.3,Senior
employee_3738,41,IT,53370,12,Delhi,640440,5337.0,58707.0,Senior
employee_3739,55,Data,44750,13,Delhi,537000,4475.0,49225.0,Senior
employee_3740,49,HR,41472,7,Chennai,497664,4147.2,45619.2,Mid-level
employee_3741,27,QA,43934,1,Mumbai,527208,4393.400000000001,48327.4,Fresher
employee_3742,49,Sales,68774,13,Hyderabad,825288,6877.400000000001,75651.4,Senior
employee_3743,57,IT,113057,13,Chennai,1356684,11305.7,124362.7,Senior
employee_3744,43,QA,64125,6,Hyderabad,769500,6412.5,70537.5,Mid-level
employee_3745,53,Data,91981,10,Mumbai,1103772,9198.1,101179.1,Mid-level
employee_3746,28,Finance,111541,9,Delhi,1338492,11154.1,122695.1,Mid-level
employee_3747,32,Finance,64103,9,Pune,769236,6410.3,70513.3,Mid-level
employee_3748,30,HR,108750,6,Pune,1305000,10875.0,119625.0,Mid-level
employee_3749,35,Finance,85085,10,Pune,1021020,8508.5,93593.5,Mid-level
employee_3750,44,IT,113705,11,Hyderabad,1364460,11370.5,125075.5,Senior
employee_3751,46,Finance,81543,13,Mumbai,978516,8154.3,89697.3,Senior
employee_3752,59,HR,41938,12,Bangalore,503256,4193.8,46131.8,Senior
employee_3753,23,Sales,102492,7,Bangalore,1229904,10249.2,112741.2,Mid-level
employee_3754,22,Data,76586,0,Pune,919032,7658.6,84244.6,Fresher
employee_3755,26,Data,83024,7,Hyderabad,996288,8302.4,91326.4,Mid-level
employee_3756,41,Finance,64687,13,Bangalore,776244,6468.700000000001,71155.7,Senior
employee_3757,29,QA,96129,0,Hyderabad,1153548,9612.9,105741.9,Fresher
employee_3758,30,Data,51207,2,Mumbai,614484,5120.700000000001,56327.7,Fresher
employee_3759,56,Sales,74354,15,Pune,892248,7435.400000000001,81789.4,Senior
employee_3760,23,Finance,62310,8,Chennai,747720,6231.0,68541.0,Mid-level
employee_3761,44,HR,73960,3,Pune,887520,7396.0,81356.0,Junior
employee_3762,42,Sales,86262,9,Chennai,1035144,8626.2,94888.2,Mid-level
employee_3763,34,Finance,38403,12,Bangalore,460836,3840.3,42243.3,Senior
employee_3764,47,Sales,38065,8,Delhi,456780,3806.5,41871.5,Mid-level
employee_3765,53,Data,114930,0,Chennai,1379160,11493.0,126423.0,Fresher
employee_3766,42,HR,51801,7,Delhi,621612,5180.1,56981.1,Mid-level
employee_3767,49,Finance,54230,2,Hyderabad,650760,5423.0,59653.0,Fresher
employee_3768,39,IT,97706,10,Delhi,1172472,9770.6,107476.6,Mid-level
employee_3769,39,HR,108942,6,Chennai,1307304,10894.2,119836.2,Mid-level
employee_3770,26,IT,115214,1,Bangalore,1382568,11521.400000000001,126735.4,Fresher
employee_3771,39,Sales,54968,12,Bangalore,659616,5496.8,60464.8,Senior
employee_3772,33,QA,67517,6,Pune,810204,6751.700000000001,74268.7,Mid-level
employee_3773,46,HR,78239,6,Bangalore,938868,7823.900000000001,86062.9,Mid-level
employee_3774,42,Sales,57655,8,Hyderabad,691860,5765.5,63420.5,Mid-level
employee_3775,41,IT,117623,1,Chennai,1411476,11762.300000000001,129385.3,Fresher
employee_3776,56,Data,87771,15,Mumbai,1053252,8777.1,96548.1,Senior
employee_3777,22,Data,70984,7,Bangalore,851808,7098.400000000001,78082.4,Mid-level
employee_3778,50,QA,36049,15,Delhi,432588,3604.9,39653.9,Senior
employee_3779,47,HR,97321,4,Chennai,1167852,9732.1,107053.1,Junior
employee_3780,27,HR,89813,9,Pune,1077756,8981.300000000001,98794.3,Mid-level
employee_3781,40,HR,29655,8,Mumbai,355860,2965.5,32620.5,Mid-level
employee_3782,51,Sales,108994,7,Pune,1307928,10899.400000000001,119893.4,Mid-level
employee_3783,43,QA,115638,2,Hyderabad,1387656,11563.800000000001,127201.8,Fresher
employee_3784,33,HR,97454,2,Pune,1169448,9745.4,107199.4,Fresher
employee_3785,37,Sales,93972,10,Chennai,1127664,9397.2,103369.2,Mid-level
employee_3786,24,Data,46432,11,Mumbai,557184,4643.2,51075.2,Senior
employee_3787,34,IT,115409,9,Pune,1384908,11540.900000000001,126949.9,Mid-level
employee_3788,40,Sales,90896,7,Pune,1090752,9089.6,99985.6,Mid-level
employee_3789,33,Data,95135,8,Delhi,1141620,9513.5,104648.5,Mid-level
employee_3790,23,Data,67936,1,Delhi,815232,6793.6,74729.6,Fresher
employee_3791,46,IT,38750,2,Hyderabad,465000,3875.0,42625.0,Fresher
employee_3792,46,Data,52987,13,Chennai,635844,5298.700000000001,58285.7,Senior
employee_3793,38,QA,51165,13,Pune,613980,5116.5,56281.5,Senior
employee_3794,52,IT,75541,7,Chennai,906492,7554.1,83095.1,Mid-level
employee_3795,34,Data,49346,1,Bangalore,592152,4934.6,54280.6,Fresher
employee_3796,23,Finance,28514,7,Hyderabad,342168,2851.4,31365.4,Mid-level
employee_3797,21,Sales,49838,4,Delhi,598056,4983.8,54821.8,Junior
employee_3798,46,Data,52559,5,Hyderabad,630708,5255.900000000001,57814.9,Junior
employee_3799,44,QA,84207,13,Hyderabad,1010484,8420.7,92627.7,Senior
employee_3800,55,HR,41385,9,Chennai,496620,4138.5,45523.5,Mid-level
employee_3801,34,Data,43317,14,Delhi,519804,4331.7,47648.7,Senior
employee_3802,23,HR,25393,11,Delhi,304716,2539.3,27932.3,Senior
employee_3803,33,Finance,49881,3,Pune,598572,4988.1,54869.1,Junior
employee_3804,34,Data,52955,2,Pune,635460,5295.5,58250.5,Fresher
employee_3805,41,IT,83308,7,Chennai,999696,8330.800000000001,91638.8,Mid-level
employee_3806,46,HR,83014,8,Chennai,996168,8301.4,91315.4,Mid-level
employee_3807,23,Finance,90430,14,Bangalore,1085160,9043.0,99473.0,Senior
employee_3808,60,IT,97031,15,Mumbai,1164372,9703.1,106734.1,Senior
employee_3809,24,IT,111973,12,Mumbai,1343676,11197.300000000001,123170.3,Senior
employee_3810,56,IT,84596,15,Hyderabad,1015152,8459.6,93055.6,Senior
employee_3811,21,IT,26713,14,Pune,320556,2671.3,29384.3,Senior
employee_3812,60,Data,45428,7,Delhi,545136,4542.8,49970.8,Mid-level
employee_3813,53,Sales,87160,8,Hyderabad,1045920,8716.0,95876.0,Mid-level
employee_3814,27,Data,91171,0,Delhi,1094052,9117.1,100288.1,Fresher
employee_3815,31,Data,105729,4,Pune,1268748,10572.900000000001,116301.9,Junior
employee_3816,47,Finance,85843,11,Pune,1030116,8584.300000000001,94427.3,Senior
employee_3817,34,Finance,48003,6,Bangalore,576036,4800.3,52803.3,Mid-level
employee_3818,42,Sales,105169,7,Chennai,1262028,10516.900000000001,115685.9,Mid-level
employee_3819,36,Finance,119764,13,Chennai,1437168,11976.400000000001,131740.4,Senior
employee_3820,32,QA,67077,10,Chennai,804924,6707.700000000001,73784.7,Mid-level
employee_3821,30,Sales,51730,1,Mumbai,620760,5173.0,56903.0,Fresher
employee_3822,44,Finance,97981,11,Chennai,1175772,9798.1,107779.1,Senior
employee_3823,38,Sales,104817,10,Mumbai,1257804,10481.7,115298.7,Mid-level
employee_3824,42,Data,97138,13,Delhi,1165656,9713.800000000001,106851.8,Senior
employee_3825,29,Data,90573,3,Hyderabad,1086876,9057.300000000001,99630.3,Junior
employee_3826,37,Sales,53869,6,Mumbai,646428,5386.900000000001,59255.9,Mid-level
employee_3827,58,QA,56076,4,Pune,672912,5607.6,61683.6,Junior
employee_3828,60,QA,117166,0,Bangalore,1405992,11716.6,128882.6,Fresher
employee_3829,33,Sales,111005,12,Bangalore,1332060,11100.5,122105.5,Senior
employee_3830,57,Finance,50094,13,Pune,601128,5009.400000000001,55103.4,Senior
employee_3831,26,HR,51817,1,Delhi,621804,5181.700000000001,56998.7,Fresher
employee_3832,41,QA,35555,15,Hyderabad,426660,3555.5,39110.5,Senior
employee_3833,56,IT,95656,4,Bangalore,1147872,9565.6,105221.6,Junior
employee_3834,27,Data,105214,5,Pune,1262568,10521.400000000001,115735.4,Junior
employee_3835,56,Sales,75193,0,Bangalore,902316,7519.3,82712.3,Fresher
employee_3836,45,IT,29715,11,Mumbai,356580,2971.5,32686.5,Senior
employee_3837,31,Sales,59162,2,Delhi,709944,5916.200000000001,65078.2,Fresher
employee_3838,34,Data,63458,5,Bangalore,761496,6345.8,69803.8,Junior
employee_3839,49,Data,28140,5,Delhi,337680,2814.0,30954.0,Junior
employee_3840,30,QA,99174,6,Delhi,1190088,9917.400000000001,109091.4,Mid-level
employee_3841,25,QA,42383,9,Mumbai,508596,4238.3,46621.3,Mid-level
employee_3842,28,IT,42718,11,Delhi,512616,4271.8,46989.8,Senior
employee_3843,25,Sales,101160,13,Mumbai,1213920,10116.0,111276.0,Senior
employee_3844,44,Data,82399,13,Bangalore,988788,8239.9,90638.9,Senior
employee_3845,60,IT,112008,2,Bangalore,1344096,11200.800000000001,123208.8,Fresher
employee_3846,46,HR,46863,15,Delhi,562356,4686.3,51549.3,Senior
employee_3847,26,IT,96626,0,Mumbai,1159512,9662.6,106288.6,Fresher
employee_3848,36,Finance,36377,12,Bangalore,436524,3637.7000000000003,40014.7,Senior
employee_3849,56,IT,108031,6,Delhi,1296372,10803.1,118834.1,Mid-level
employee_3850,32,Finance,85523,11,Hyderabad,1026276,8552.300000000001,94075.3,Senior
employee_3851,31,Finance,39870,10,Chennai,478440,3987.0,43857.0,Mid-level
employee_3852,23,Finance,82487,2,Chennai,989844,8248.7,90735.7,Fresher
employee_3853,57,HR,44300,4,Pune,531600,4430.0,48730.0,Junior
employee_3854,26,IT,80951,3,Delhi,971412,8095.1,89046.1,Junior
employee_3855,39,IT,92639,11,Chennai,1111668,9263.9,101902.9,Senior
employee_3856,38,HR,115731,14,Hyderabad,1388772,11573.1,127304.1,Senior
employee_3857,36,Data,97126,0,Delhi,1165512,9712.6,106838.6,Fresher
employee_3858,43,QA,67980,11,Chennai,815760,6798.0,74778.0,Senior
employee_3859,57,IT,57050,6,Chennai,684600,5705.0,62755.0,Mid-level
employee_3860,29,QA,27921,13,Hyderabad,335052,2792.1000000000004,30713.1,Senior
employee_3861,23,Sales,95270,12,Mumbai,1143240,9527.0,104797.0,Senior
employee_3862,28,Sales,110293,3,Chennai,1323516,11029.300000000001,121322.3,Junior
employee_3863,58,HR,55328,15,Pune,663936,5532.8,60860.8,Senior
employee_3864,24,Sales,85820,15,Chennai,1029840,8582.0,94402.0,Senior
employee_3865,32,Sales,48138,0,Chennai,577656,4813.8,52951.8,Fresher
employee_3866,51,Data,106573,10,Hyderabad,1278876,10657.300000000001,117230.3,Mid-level
employee_3867,45,Data,37094,5,Hyderabad,445128,3709.4,40803.4,Junior
employee_3868,36,Data,90264,3,Delhi,1083168,9026.4,99290.4,Junior
employee_3869,34,Sales,34028,12,Pune,408336,3402.8,37430.8,Senior
employee_3870,33,HR,40432,3,Bangalore,485184,4043.2000000000003,44475.2,Junior
employee_3871,27,Finance,68819,14,Hyderabad,825828,6881.900000000001,75700.9,Senior
employee_3872,32,Finance,113627,1,Bangalore,1363524,11362.7,124989.7,Fresher
employee_3873,57,QA,106122,15,Pune,1273464,10612.2,116734.2,Senior
employee_3874,24,Finance,30312,0,Chennai,363744,3031.2000000000003,33343.2,Fresher
employee_3875,22,Finance,50973,2,Delhi,611676,5097.3,56070.3,Fresher
employee_3876,55,Data,80305,9,Chennai,963660,8030.5,88335.5,Mid-level
employee_3877,23,Data,53973,4,Delhi,647676,5397.3,59370.3,Junior
employee_3878,24,Sales,69390,11,Bangalore,832680,6939.0,76329.0,Senior
employee_3879,58,QA,41099,8,Pune,493188,4109.900000000001,45208.9,Mid-level
employee_3880,32,IT,74956,13,Pune,899472,7495.6,82451.6,Senior
employee_3881,39,QA,39063,14,Hyderabad,468756,3906.3,42969.3,Senior
employee_3882,30,QA,119306,6,Bangalore,1431672,11930.6,131236.6,Mid-level
employee_3883,21,HR,117752,3,Delhi,1413024,11775.2,129527.2,Junior
employee_3884,37,Sales,118196,7,Hyderabad,1418352,11819.6,130015.6,Mid-level
employee_3885,36,HR,106919,11,Bangalore,1283028,10691.900000000001,117610.9,Senior
employee_3886,29,QA,34605,3,Hyderabad,415260,3460.5,38065.5,Junior
employee_3887,29,QA,102904,5,Hyderabad,1234848,10290.400000000001,113194.4,Junior
employee_3888,29,QA,97964,11,Pune,1175568,9796.4,107760.4,Senior
employee_3889,32,Finance,76205,0,Pune,914460,7620.5,83825.5,Fresher
employee_3890,35,HR,40817,13,Chennai,489804,4081.7000000000003,44898.7,Senior
employee_3891,22,QA,27420,5,Chennai,329040,2742.0,30162.0,Junior
employee_3892,31,Data,109448,15,Pune,1313376,10944.800000000001,120392.8,Senior
employee_3893,31,Sales,94853,9,Pune,1138236,9485.300000000001,104338.3,Mid-level
employee_3894,28,Sales,114897,4,Hyderabad,1378764,11489.7,126386.7,Junior
employee_3895,52,Data,52728,13,Chennai,632736,5272.8,58000.8,Senior
employee_3896,26,Sales,82858,1,Pune,994296,8285.800000000001,91143.8,Fresher
employee_3897,40,Finance,74089,0,Bangalore,889068,7408.900000000001,81497.9,Fresher
employee_3898,59,Finance,109257,12,Bangalore,1311084,10925.7,120182.7,Senior
employee_3899,55,IT,53964,5,Chennai,647568,5396.400000000001,59360.4,Junior
employee_3900,28,IT,101992,10,Bangalore,1223904,10199.2,112191.2,Mid-level
employee_3901,54,IT,67240,1,Delhi,806880,6724.0,73964.0,Fresher
employee_3902,39,Sales,108449,8,Hyderabad,1301388,10844.900000000001,119293.9,Mid-level
employee_3903,27,Finance,37675,8,Chennai,452100,3767.5,41442.5,Mid-level
employee_3904,51,Finance,117525,0,Delhi,1410300,11752.5,129277.5,Fresher
employee_3905,38,Finance,85049,14,Pune,1020588,8504.9,93553.9,Senior
employee_3906,60,Data,106664,4,Delhi,1279968,10666.400000000001,117330.4,Junior
employee_3907,34,Finance,73436,7,Bangalore,881232,7343.6,80779.6,Mid-level
employee_3908,59,Data,65213,3,Hyderabad,782556,6521.3,71734.3,Junior
employee_3909,56,IT,53111,2,Pune,637332,5311.1,58422.1,Fresher
employee_3910,37,IT,29284,4,Mumbai,351408,2928.4,32212.4,Junior
employee_3911,57,Sales,116029,4,Hyderabad,1392348,11602.900000000001,127631.9,Junior
employee_3912,29,IT,42585,7,Bangalore,511020,4258.5,46843.5,Mid-level
employee_3913,40,Sales,90039,15,Hyderabad,1080468,9003.9,99042.9,Senior
employee_3914,48,QA,32131,5,Mumbai,385572,3213.1000000000004,35344.1,Junior
employee_3915,40,QA,68382,14,Mumbai,820584,6838.200000000001,75220.2,Senior
employee_3916,56,HR,116733,1,Hyderabad,1400796,11673.300000000001,128406.3,Fresher
employee_3917,47,Sales,58527,10,Pune,702324,5852.700000000001,64379.7,Mid-level
employee_3918,28,HR,112493,0,Delhi,1349916,11249.300000000001,123742.3,Fresher
employee_3919,52,HR,55936,12,Pune,671232,5593.6,61529.6,Senior
employee_3920,21,QA,112081,2,Mumbai,1344972,11208.1,123289.1,Fresher
employee_3921,37,Sales,78441,1,Chennai,941292,7844.1,86285.1,Fresher
employee_3922,29,QA,79598,3,Chennai,955176,7959.8,87557.8,Junior
employee_3923,40,HR,104220,2,Pune,1250640,10422.0,114642.0,Fresher
employee_3924,52,Sales,45642,14,Chennai,547704,4564.2,50206.2,Senior
employee_3925,22,HR,94907,14,Pune,1138884,9490.7,104397.7,Senior
employee_3926,52,Finance,37651,8,Bangalore,451812,3765.1000000000004,41416.1,Mid-level
employee_3927,29,Sales,26665,14,Pune,319980,2666.5,29331.5,Senior
employee_3928,50,Sales,31918,4,Bangalore,383016,3191.8,35109.8,Junior
employee_3929,40,HR,48007,3,Delhi,576084,4800.7,52807.7,Junior
employee_3930,58,Finance,100730,15,Mumbai,1208760,10073.0,110803.0,Senior
employee_3931,21,Data,50035,9,Chennai,600420,5003.5,55038.5,Mid-level
employee_3932,25,QA,114352,8,Delhi,1372224,11435.2,125787.2,Mid-level
employee_3933,55,HR,113602,15,Delhi,1363224,11360.2,124962.2,Senior
employee_3934,56,Sales,101749,3,Mumbai,1220988,10174.900000000001,111923.9,Junior
employee_3935,21,QA,113148,5,Hyderabad,1357776,11314.800000000001,124462.8,Junior
employee_3936,34,QA,47211,13,Hyderabad,566532,4721.1,51932.1,Senior
employee_3937,29,QA,79587,9,Delhi,955044,7958.700000000001,87545.7,Mid-level
employee_3938,50,Data,51866,0,Delhi,622392,5186.6,57052.6,Fresher
employee_3939,44,IT,32344,14,Mumbai,388128,3234.4,35578.4,Senior
employee_3940,24,HR,93737,12,Pune,1124844,9373.7,103110.7,Senior
employee_3941,34,IT,95288,1,Pune,1143456,9528.800000000001,104816.8,Fresher
employee_3942,45,IT,87546,14,Chennai,1050552,8754.6,96300.6,Senior
employee_3943,24,IT,35327,3,Mumbai,423924,3532.7000000000003,38859.7,Junior
employee_3944,45,QA,73659,8,Hyderabad,883908,7365.900000000001,81024.9,Mid-level
employee_3945,30,Finance,70797,5,Mumbai,849564,7079.700000000001,77876.7,Junior
employee_3946,55,QA,96627,5,Mumbai,1159524,9662.7,106289.7,Junior
employee_3947,27,QA,52608,10,Chennai,631296,5260.8,57868.8,Mid-level
employee_3948,33,Sales,53285,8,Pune,639420,5328.5,58613.5,Mid-level
employee_3949,24,Sales,113534,11,Delhi,1362408,11353.400000000001,124887.4,Senior
employee_3950,56,IT,73634,3,Hyderabad,883608,7363.400000000001,80997.4,Junior
employee_3951,34,QA,65289,2,Chennai,783468,6528.900000000001,71817.9,Fresher
employee_3952,38,IT,113479,6,Hyderabad,1361748,11347.900000000001,124826.9,Mid-level
employee_3953,28,Sales,43007,11,Hyderabad,516084,4300.7,47307.7,Senior
employee_3954,52,Finance,50257,14,Pune,603084,5025.700000000001,55282.7,Senior
employee_3955,47,HR,110054,6,Delhi,1320648,11005.400000000001,121059.4,Mid-level
employee_3956,57,IT,54784,8,Delhi,657408,5478.400000000001,60262.4,Mid-level
employee_3957,43,Finance,63588,14,Pune,763056,6358.8,69946.8,Senior
employee_3958,27,HR,69221,5,Chennai,830652,6922.1,76143.1,Junior
employee_3959,32,Data,46378,1,Bangalore,556536,4637.8,51015.8,Fresher
employee_3960,45,IT,29696,5,Chennai,356352,2969.6000000000004,32665.6,Junior
employee_3961,23,IT,118531,14,Chennai,1422372,11853.1,130384.1,Senior
employee_3962,46,Data,59635,7,Bangalore,715620,5963.5,65598.5,Mid-level
employee_3963,24,Data,83543,5,Hyderabad,1002516,8354.300000000001,91897.3,Junior
employee_3964,56,IT,106259,8,Mumbai,1275108,10625.900000000001,116884.9,Mid-level
employee_3965,35,Data,44207,14,Bangalore,530484,4420.7,48627.7,Senior
employee_3966,52,QA,52524,15,Mumbai,630288,5252.400000000001,57776.4,Senior
employee_3967,49,HR,53554,3,Hyderabad,642648,5355.400000000001,58909.4,Junior
employee_3968,30,HR,36817,2,Bangalore,441804,3681.7000000000003,40498.7,Fresher
employee_3969,41,HR,80258,10,Pune,963096,8025.8,88283.8,Mid-level
employee_3970,36,QA,87582,4,Chennai,1050984,8758.2,96340.2,Junior
employee_3971,39,Data,25168,2,Bangalore,302016,2516.8,27684.8,Fresher
employee_3972,49,Finance,67981,10,Bangalore,815772,6798.1,74779.1,Mid-level
employee_3973,38,Data,117306,11,Hyderabad,1407672,11730.6,129036.6,Senior
employee_3974,36,IT,90199,1,Pune,1082388,9019.9,99218.9,Fresher
employee_3975,21,Sales,89948,1,Bangalore,1079376,8994.800000000001,98942.8,Fresher
employee_3976,22,HR,82782,3,Pune,993384,8278.2,91060.2,Junior
employee_3977,35,Data,105759,2,Mumbai,1269108,10575.900000000001,116334.9,Fresher
employee_3978,59,Finance,86599,8,Bangalore,1039188,8659.9,95258.9,Mid-level
employee_3979,48,IT,98563,13,Pune,1182756,9856.300000000001,108419.3,Senior
employee_3980,21,QA,41291,6,Chennai,495492,4129.1,45420.1,Mid-level
employee_3981,25,QA,78833,5,Hyderabad,945996,7883.3,86716.3,Junior
employee_3982,42,Finance,115975,15,Delhi,1391700,11597.5,127572.5,Senior
employee_3983,56,IT,112057,9,Pune,1344684,11205.7,123262.7,Mid-level
employee_3984,33,HR,115251,15,Hyderabad,1383012,11525.1,126776.1,Senior
employee_3985,21,Data,112154,11,Delhi,1345848,11215.400000000001,123369.4,Senior
employee_3986,36,IT,119535,7,Bangalore,1434420,11953.5,131488.5,Mid-level
employee_3987,42,QA,57992,8,Bangalore,695904,5799.200000000001,63791.2,Mid-level
employee_3988,52,Finance,64350,2,Mumbai,772200,6435.0,70785.0,Fresher
employee_3989,36,Finance,26573,11,Hyderabad,318876,2657.3,29230.3,Senior
employee_3990,35,Data,33577,15,Chennai,402924,3357.7000000000003,36934.7,Senior
employee_3991,32,Finance,33712,9,Chennai,404544,3371.2000000000003,37083.2,Mid-level
employee_3992,21,Finance,54948,6,Pune,659376,5494.8,60442.8,Mid-level
employee_3993,37,IT,102700,8,Chennai,1232400,10270.0,112970.0,Mid-level
employee_3994,48,HR,30217,0,Delhi,362604,3021.7000000000003,33238.7,Fresher
employee_3995,27,Data,85178,9,Hyderabad,1022136,8517.800000000001,93695.8,Mid-level
employee_3996,29,IT,110062,8,Bangalore,1320744,11006.2,121068.2,Mid-level
employee_3997,42,HR,51409,13,Hyderabad,616908,5140.900000000001,56549.9,Senior
employee_3998,46,IT,74040,6,Hyderabad,888480,7404.0,81444.0,Mid-level
employee_3999,32,Sales,103270,9,Bangalore,1239240,10327.0,113597.0,Mid-level
employee_4000,27,IT,104066,13,Delhi,1248792,10406.6,114472.6,Senior
employee_4001,35,Finance,102930,3,Hyderabad,1235160,10293.0,113223.0,Junior
employee_4002,58,HR,92035,12,Chennai,1104420,9203.5,101238.5,Senior
employee_4003,41,Data,118075,14,Pune,1416900,11807.5,129882.5,Senior
employee_4004,34,Data,34669,10,Pune,416028,3466.9,38135.9,Mid-level
employee_4005,22,HR,83247,11,Hyderabad,998964,8324.7,91571.7,Senior
employee_4006,28,Finance,83975,5,Delhi,1007700,8397.5,92372.5,Junior
employee_4007,26,QA,53562,10,Bangalore,642744,5356.200000000001,58918.2,Mid-level
employee_4008,57,IT,46629,10,Mumbai,559548,4662.900000000001,51291.9,Mid-level
employee_4009,57,Finance,116282,5,Delhi,1395384,11628.2,127910.2,Junior
employee_4010,53,Sales,86463,5,Hyderabad,1037556,8646.300000000001,95109.3,Junior
employee_4011,26,HR,71007,14,Hyderabad,852084,7100.700000000001,78107.7,Senior
employee_4012,46,IT,43128,1,Mumbai,517536,4312.8,47440.8,Fresher
employee_4013,59,Data,27039,4,Pune,324468,2703.9,29742.9,Junior
employee_4014,57,QA,28857,6,Delhi,346284,2885.7000000000003,31742.7,Mid-level
employee_4015,34,Sales,84019,5,Pune,1008228,8401.9,92420.9,Junior
employee_4016,57,Data,116432,2,Mumbai,1397184,11643.2,128075.2,Fresher
employee_4017,28,HR,95486,10,Bangalore,1145832,9548.6,105034.6,Mid-level
employee_4018,59,IT,114007,11,Hyderabad,1368084,11400.7,125407.7,Senior
employee_4019,33,HR,105977,4,Chennai,1271724,10597.7,116574.7,Junior
employee_4020,33,IT,37735,12,Pune,452820,3773.5,41508.5,Senior
employee_4021,60,Finance,112951,15,Pune,1355412,11295.1,124246.1,Senior
employee_4022,48,QA,59511,7,Delhi,714132,5951.1,65462.1,Mid-level
employee_4023,38,Finance,71051,10,Pune,852612,7105.1,78156.1,Mid-level
employee_4024,39,Finance,77693,4,Bangalore,932316,7769.3,85462.3,Junior
employee_4025,58,HR,94152,11,Mumbai,1129824,9415.2,103567.2,Senior
employee_4026,52,QA,105919,9,Bangalore,1271028,10591.900000000001,116510.9,Mid-level
employee_4027,42,IT,54756,2,Pune,657072,5475.6,60231.6,Fresher
employee_4028,22,IT,28894,8,Delhi,346728,2889.4,31783.4,Mid-level
employee_4029,33,Sales,68232,10,Hyderabad,818784,6823.200000000001,75055.2,Mid-level
employee_4030,43,Data,78214,2,Pune,938568,7821.400000000001,86035.4,Fresher
employee_4031,45,Sales,94817,1,Hyderabad,1137804,9481.7,104298.7,Fresher
employee_4032,48,Sales,88862,5,Delhi,1066344,8886.2,97748.2,Junior
employee_4033,31,IT,115183,7,Hyderabad,1382196,11518.300000000001,126701.3,Mid-level
employee_4034,53,HR,55036,5,Pune,660432,5503.6,60539.6,Junior
employee_4035,44,Finance,43584,0,Pune,523008,4358.400000000001,47942.4,Fresher
employee_4036,22,Finance,57308,7,Hyderabad,687696,5730.8,63038.8,Mid-level
employee_4037,50,Finance,53333,0,Bangalore,639996,5333.3,58666.3,Fresher
employee_4038,37,QA,60949,8,Bangalore,731388,6094.900000000001,67043.9,Mid-level
employee_4039,60,IT,109795,7,Delhi,1317540,10979.5,120774.5,Mid-level
employee_4040,54,HR,64288,5,Bangalore,771456,6428.8,70716.8,Junior
employee_4041,58,QA,103588,14,Chennai,1243056,10358.800000000001,113946.8,Senior
employee_4042,42,Data,102807,1,Hyderabad,1233684,10280.7,113087.7,Fresher
employee_4043,25,HR,70267,12,Chennai,843204,7026.700000000001,77293.7,Senior
employee_4044,60,Sales,57175,8,Chennai,686100,5717.5,62892.5,Mid-level
employee_4045,36,HR,33915,7,Hyderabad,406980,3391.5,37306.5,Mid-level
employee_4046,33,HR,106658,12,Chennai,1279896,10665.800000000001,117323.8,Senior
employee_4047,46,Finance,97454,3,Delhi,1169448,9745.4,107199.4,Junior
employee_4048,51,HR,84722,15,Delhi,1016664,8472.2,93194.2,Senior
employee_4049,59,Sales,90298,1,Hyderabad,1083576,9029.800000000001,99327.8,Fresher
employee_4050,43,Sales,38805,12,Mumbai,465660,3880.5,42685.5,Senior
employee_4051,32,IT,110134,13,Mumbai,1321608,11013.400000000001,121147.4,Senior
employee_4052,34,HR,65517,14,Hyderabad,786204,6551.700000000001,72068.7,Senior
employee_4053,38,Finance,79716,5,Hyderabad,956592,7971.6,87687.6,Junior
employee_4054,47,HR,27871,0,Hyderabad,334452,2787.1000000000004,30658.1,Fresher
employee_4055,48,Data,62375,6,Bangalore,748500,6237.5,68612.5,Mid-level
employee_4056,38,Data,70741,0,Hyderabad,848892,7074.1,77815.1,Fresher
employee_4057,36,Finance,48148,14,Delhi,577776,4814.8,52962.8,Senior
employee_4058,36,IT,30834,12,Delhi,370008,3083.4,33917.4,Senior
employee_4059,33,IT,67680,5,Pune,812160,6768.0,74448.0,Junior
employee_4060,49,Sales,28399,4,Mumbai,340788,2839.9,31238.9,Junior
employee_4061,29,Sales,89091,11,Mumbai,1069092,8909.1,98000.1,Senior
employee_4062,46,QA,46762,15,Hyderabad,561144,4676.2,51438.2,Senior
employee_4063,48,Finance,76009,9,Mumbai,912108,7600.900000000001,83609.9,Mid-level
employee_4064,33,HR,101493,13,Hyderabad,1217916,10149.300000000001,111642.3,Senior
employee_4065,56,Finance,76548,2,Hyderabad,918576,7654.8,84202.8,Fresher
employee_4066,29,QA,53340,5,Mumbai,640080,5334.0,58674.0,Junior
employee_4067,34,Sales,86365,3,Mumbai,1036380,8636.5,95001.5,Junior
employee_4068,32,Finance,117674,13,Pune,1412088,11767.400000000001,129441.4,Senior
employee_4069,52,Finance,106344,11,Chennai,1276128,10634.400000000001,116978.4,Senior
employee_4070,58,Sales,84790,5,Pune,1017480,8479.0,93269.0,Junior
employee_4071,23,QA,118779,3,Pune,1425348,11877.900000000001,130656.9,Junior
employee_4072,36,Sales,92797,14,Mumbai,1113564,9279.7,102076.7,Senior
employee_4073,40,IT,36809,0,Delhi,441708,3680.9,40489.9,Fresher
employee_4074,52,HR,42696,4,Pune,512352,4269.6,46965.6,Junior
employee_4075,43,Sales,76457,7,Delhi,917484,7645.700000000001,84102.7,Mid-level
employee_4076,37,QA,46891,5,Mumbai,562692,4689.1,51580.1,Junior
employee_4077,36,Data,84151,9,Bangalore,1009812,8415.1,92566.1,Mid-level
employee_4078,58,IT,109661,8,Hyderabad,1315932,10966.1,120627.1,Mid-level
employee_4079,28,Data,88008,3,Chennai,1056096,8800.800000000001,96808.8,Junior
employee_4080,39,Sales,77488,9,Delhi,929856,7748.8,85236.8,Mid-level
employee_4081,50,IT,81632,8,Bangalore,979584,8163.200000000001,89795.2,Mid-level
employee_4082,54,HR,91533,7,Delhi,1098396,9153.300000000001,100686.3,Mid-level
employee_4083,34,Sales,96889,2,Hyderabad,1162668,9688.9,106577.9,Fresher
employee_4084,42,HR,109239,13,Hyderabad,1310868,10923.900000000001,120162.9,Senior
employee_4085,37,Finance,82942,5,Chennai,995304,8294.2,91236.2,Junior
employee_4086,35,Data,34275,3,Pune,411300,3427.5,37702.5,Junior
employee_4087,52,IT,44965,0,Hyderabad,539580,4496.5,49461.5,Fresher
employee_4088,33,HR,60854,15,Chennai,730248,6085.400000000001,66939.4,Senior
employee_4089,41,QA,40973,8,Delhi,491676,4097.3,45070.3,Mid-level
employee_4090,60,HR,114086,3,Delhi,1369032,11408.6,125494.6,Junior
employee_4091,53,QA,51878,10,Delhi,622536,5187.8,57065.8,Mid-level
employee_4092,47,Sales,42105,13,Delhi,505260,4210.5,46315.5,Senior
employee_4093,55,IT,89746,4,Delhi,1076952,8974.6,98720.6,Junior
employee_4094,36,HR,106565,2,Mumbai,1278780,10656.5,117221.5,Fresher
employee_4095,48,HR,64935,3,Hyderabad,779220,6493.5,71428.5,Junior
employee_4096,54,IT,57784,12,Hyderabad,693408,5778.400000000001,63562.4,Senior
employee_4097,21,HR,56601,8,Pune,679212,5660.1,62261.1,Mid-level
employee_4098,51,QA,64865,14,Pune,778380,6486.5,71351.5,Senior
employee_4099,56,HR,103701,15,Mumbai,1244412,10370.1,114071.1,Senior
employee_4100,53,Data,43616,6,Hyderabad,523392,4361.6,47977.6,Mid-level
employee_4101,53,Sales,36654,7,Pune,439848,3665.4,40319.4,Mid-level
employee_4102,59,Finance,42830,2,Chennai,513960,4283.0,47113.0,Fresher
employee_4103,38,QA,41205,14,Delhi,494460,4120.5,45325.5,Senior
employee_4104,43,Data,67425,2,Delhi,809100,6742.5,74167.5,Fresher
employee_4105,43,Sales,102495,14,Hyderabad,1229940,10249.5,112744.5,Senior
employee_4106,35,IT,112694,15,Delhi,1352328,11269.400000000001,123963.4,Senior
employee_4107,46,QA,102355,13,Delhi,1228260,10235.5,112590.5,Senior
employee_4108,50,Finance,60851,6,Chennai,730212,6085.1,66936.1,Mid-level
employee_4109,45,Sales,31952,7,Bangalore,383424,3195.2000000000003,35147.2,Mid-level
employee_4110,36,Finance,114761,13,Mumbai,1377132,11476.1,126237.1,Senior
employee_4111,59,IT,72405,4,Pune,868860,7240.5,79645.5,Junior
employee_4112,34,IT,30391,0,Bangalore,364692,3039.1000000000004,33430.1,Fresher
employee_4113,37,QA,105004,2,Pune,1260048,10500.400000000001,115504.4,Fresher
employee_4114,32,HR,87468,4,Bangalore,1049616,8746.800000000001,96214.8,Junior
employee_4115,49,IT,40091,2,Delhi,481092,4009.1000000000004,44100.1,Fresher
employee_4116,52,Sales,55237,14,Pune,662844,5523.700000000001,60760.7,Senior
employee_4117,44,HR,83353,13,Mumbai,1000236,8335.300000000001,91688.3,Senior
employee_4118,33,Data,99500,0,Hyderabad,1194000,9950.0,109450.0,Fresher
employee_4119,40,Finance,65682,6,Chennai,788184,6568.200000000001,72250.2,Mid-level
employee_4120,35,HR,74634,0,Bangalore,895608,7463.400000000001,82097.4,Fresher
employee_4121,24,Finance,51968,9,Chennai,623616,5196.8,57164.8,Mid-level
employee_4122,54,HR,79833,12,Chennai,957996,7983.3,87816.3,Senior
employee_4123,48,Data,65205,5,Pune,782460,6520.5,71725.5,Junior
employee_4124,22,IT,101907,5,Hyderabad,1222884,10190.7,112097.7,Junior
employee_4125,50,Data,67541,13,Pune,810492,6754.1,74295.1,Senior
employee_4126,46,IT,116217,6,Chennai,1394604,11621.7,127838.7,Mid-level
employee_4127,46,IT,53285,11,Delhi,639420,5328.5,58613.5,Senior
employee_4128,40,Finance,77513,10,Mumbai,930156,7751.3,85264.3,Mid-level
employee_4129,48,Sales,40430,0,Hyderabad,485160,4043.0,44473.0,Fresher
employee_4130,40,Data,34033,10,Hyderabad,408396,3403.3,37436.3,Mid-level
employee_4131,31,HR,44918,2,Delhi,539016,4491.8,49409.8,Fresher
employee_4132,30,Data,43256,11,Chennai,519072,4325.6,47581.6,Senior
employee_4133,43,Finance,73522,8,Pune,882264,7352.200000000001,80874.2,Mid-level
employee_4134,57,IT,89353,1,Delhi,1072236,8935.300000000001,98288.3,Fresher
employee_4135,39,Finance,56188,13,Mumbai,674256,5618.8,61806.8,Senior
employee_4136,38,QA,80134,4,Bangalore,961608,8013.400000000001,88147.4,Junior
employee_4137,47,QA,77657,2,Pune,931884,7765.700000000001,85422.7,Fresher
employee_4138,26,HR,61088,11,Hyderabad,733056,6108.8,67196.8,Senior
employee_4139,30,Finance,39979,11,Delhi,479748,3997.9,43976.9,Senior
employee_4140,22,HR,93264,12,Pune,1119168,9326.4,102590.4,Senior
employee_4141,44,HR,75106,4,Bangalore,901272,7510.6,82616.6,Junior
employee_4142,58,QA,26595,6,Mumbai,319140,2659.5,29254.5,Mid-level
employee_4143,48,HR,57624,15,Delhi,691488,5762.400000000001,63386.4,Senior
employee_4144,48,QA,92824,0,Mumbai,1113888,9282.4,102106.4,Fresher
employee_4145,59,IT,65431,2,Bangalore,785172,6543.1,71974.1,Fresher
employee_4146,22,Finance,119547,10,Bangalore,1434564,11954.7,131501.7,Mid-level
employee_4147,25,HR,42127,12,Chennai,505524,4212.7,46339.7,Senior
employee_4148,31,QA,42878,15,Hyderabad,514536,4287.8,47165.8,Senior
employee_4149,30,Data,97480,5,Chennai,1169760,9748.0,107228.0,Junior
employee_4150,22,HR,85690,6,Pune,1028280,8569.0,94259.0,Mid-level
employee_4151,35,Sales,102838,9,Bangalore,1234056,10283.800000000001,113121.8,Mid-level
employee_4152,59,IT,81360,2,Chennai,976320,8136.0,89496.0,Fresher
employee_4153,57,IT,25207,3,Hyderabad,302484,2520.7000000000003,27727.7,Junior
employee_4154,27,Data,26083,5,Hyderabad,312996,2608.3,28691.3,Junior
employee_4155,40,QA,76564,4,Bangalore,918768,7656.400000000001,84220.4,Junior
employee_4156,54,HR,28311,10,Delhi,339732,2831.1000000000004,31142.1,Mid-level
employee_4157,55,QA,48135,8,Chennai,577620,4813.5,52948.5,Mid-level
employee_4158,54,IT,82109,12,Mumbai,985308,8210.9,90319.9,Senior
employee_4159,42,QA,86354,11,Bangalore,1036248,8635.4,94989.4,Senior
employee_4160,51,IT,88647,0,Pune,1063764,8864.7,97511.7,Fresher
employee_4161,43,QA,84301,14,Chennai,1011612,8430.1,92731.1,Senior
employee_4162,39,Data,87233,12,Chennai,1046796,8723.300000000001,95956.3,Senior
employee_4163,24,Finance,107128,4,Bangalore,1285536,10712.800000000001,117840.8,Junior
employee_4164,44,Data,71212,10,Delhi,854544,7121.200000000001,78333.2,Mid-level
employee_4165,40,Data,114468,0,Chennai,1373616,11446.800000000001,125914.8,Fresher
employee_4166,59,Finance,82776,7,Chennai,993312,8277.6,91053.6,Mid-level
employee_4167,48,Finance,109576,6,Pune,1314912,10957.6,120533.6,Mid-level
employee_4168,59,HR,96386,15,Delhi,1156632,9638.6,106024.6,Senior
employee_4169,37,HR,76588,4,Pune,919056,7658.8,84246.8,Junior
employee_4170,39,Data,56716,5,Mumbai,680592,5671.6,62387.6,Junior
employee_4171,55,Data,103255,15,Pune,1239060,10325.5,113580.5,Senior
employee_4172,52,IT,46777,3,Mumbai,561324,4677.7,51454.7,Junior
employee_4173,59,IT,74285,8,Pune,891420,7428.5,81713.5,Mid-level
employee_4174,55,HR,107558,13,Mumbai,1290696,10755.800000000001,118313.8,Senior
employee_4175,50,Sales,118481,2,Delhi,1421772,11848.1,130329.1,Fresher
employee_4176,37,Sales,53788,1,Pune,645456,5378.8,59166.8,Fresher
employee_4177,49,HR,29019,6,Pune,348228,2901.9,31920.9,Mid-level
employee_4178,26,IT,100018,12,Bangalore,1200216,10001.800000000001,110019.8,Senior
employee_4179,37,IT,71873,1,Pune,862476,7187.3,79060.3,Fresher
employee_4180,37,Sales,109116,12,Mumbai,1309392,10911.6,120027.6,Senior
employee_4181,34,QA,34895,15,Bangalore,418740,3489.5,38384.5,Senior
employee_4182,44,QA,104671,5,Mumbai,1256052,10467.1,115138.1,Junior
employee_4183,57,IT,74013,10,Pune,888156,7401.3,81414.3,Mid-level
employee_4184,60,QA,84570,7,Pune,1014840,8457.0,93027.0,Mid-level
employee_4185,59,Finance,100923,2,Mumbai,1211076,10092.300000000001,111015.3,Fresher
employee_4186,52,HR,119672,15,Delhi,1436064,11967.2,131639.2,Senior
employee_4187,56,HR,107895,2,Delhi,1294740,10789.5,118684.5,Fresher
employee_4188,57,IT,72672,2,Delhi,872064,7267.200000000001,79939.2,Fresher
employee_4189,34,Data,31121,0,Chennai,373452,3112.1000000000004,34233.1,Fresher
employee_4190,47,Sales,107445,15,Bangalore,1289340,10744.5,118189.5,Senior
employee_4191,39,IT,92863,8,Bangalore,1114356,9286.300000000001,102149.3,Mid-level
employee_4192,51,QA,43930,4,Delhi,527160,4393.0,48323.0,Junior
employee_4193,29,Sales,74987,8,Pune,899844,7498.700000000001,82485.7,Mid-level
employee_4194,58,Data,60502,4,Bangalore,726024,6050.200000000001,66552.2,Junior
employee_4195,37,QA,56688,6,Mumbai,680256,5668.8,62356.8,Mid-level
employee_4196,39,Finance,32304,0,Pune,387648,3230.4,35534.4,Fresher
employee_4197,24,QA,29049,8,Bangalore,348588,2904.9,31953.9,Mid-level
employee_4198,31,Finance,39947,0,Hyderabad,479364,3994.7000000000003,43941.7,Fresher
employee_4199,42,Sales,34495,14,Bangalore,413940,3449.5,37944.5,Senior
employee_4200,24,Finance,49707,3,Delhi,596484,4970.700000000001,54677.7,Junior
employee_4201,37,Sales,86920,6,Mumbai,1043040,8692.0,95612.0,Mid-level
employee_4202,28,Sales,69544,10,Bangalore,834528,6954.400000000001,76498.4,Mid-level
employee_4203,54,Sales,55706,14,Chennai,668472,5570.6,61276.6,Senior
employee_4204,31,Sales,58993,11,Delhi,707916,5899.3,64892.3,Senior
employee_4205,51,Sales,39987,8,Chennai,479844,3998.7000000000003,43985.7,Mid-level
employee_4206,31,QA,44089,0,Pune,529068,4408.900000000001,48497.9,Fresher
employee_4207,58,Sales,90997,11,Chennai,1091964,9099.7,100096.7,Senior
employee_4208,41,QA,34993,15,Mumbai,419916,3499.3,38492.3,Senior
employee_4209,50,Sales,36465,13,Hyderabad,437580,3646.5,40111.5,Senior
employee_4210,30,Finance,107071,12,Hyderabad,1284852,10707.1,117778.1,Senior
employee_4211,46,Sales,57640,10,Pune,691680,5764.0,63404.0,Mid-level
employee_4212,47,Data,100997,14,Pune,1211964,10099.7,111096.7,Senior
employee_4213,28,Sales,37366,12,Chennai,448392,3736.6000000000004,41102.6,Senior
employee_4214,59,Sales,54895,15,Mumbai,658740,5489.5,60384.5,Senior
employee_4215,28,Finance,26785,5,Chennai,321420,2678.5,29463.5,Junior
employee_4216,28,HR,31242,10,Mumbai,374904,3124.2000000000003,34366.2,Mid-level
employee_4217,54,Finance,49529,9,Mumbai,594348,4952.900000000001,54481.9,Mid-level
employee_4218,36,Data,89399,10,Hyderabad,1072788,8939.9,98338.9,Mid-level
employee_4219,33,HR,31356,14,Mumbai,376272,3135.6000000000004,34491.6,Senior
employee_4220,43,IT,48229,4,Bangalore,578748,4822.900000000001,53051.9,Junior
employee_4221,32,IT,110380,2,Mumbai,1324560,11038.0,121418.0,Fresher
employee_4222,47,Data,43220,9,Hyderabad,518640,4322.0,47542.0,Mid-level
employee_4223,42,Finance,50651,1,Delhi,607812,5065.1,55716.1,Fresher
employee_4224,52,QA,112663,0,Chennai,1351956,11266.300000000001,123929.3,Fresher
employee_4225,47,Data,113198,14,Mumbai,1358376,11319.800000000001,124517.8,Senior
employee_4226,22,HR,86850,1,Bangalore,1042200,8685.0,95535.0,Fresher
employee_4227,53,HR,59261,11,Pune,711132,5926.1,65187.1,Senior
employee_4228,46,Sales,83479,12,Chennai,1001748,8347.9,91826.9,Senior
employee_4229,48,IT,75700,3,Pune,908400,7570.0,83270.0,Junior
employee_4230,39,HR,115896,5,Bangalore,1390752,11589.6,127485.6,Junior
employee_4231,25,Data,67380,11,Hyderabad,808560,6738.0,74118.0,Senior
employee_4232,53,HR,104833,4,Delhi,1257996,10483.300000000001,115316.3,Junior
employee_4233,40,Data,113324,15,Hyderabad,1359888,11332.400000000001,124656.4,Senior
employee_4234,50,QA,52011,13,Delhi,624132,5201.1,57212.1,Senior
employee_4235,28,Sales,73603,3,Chennai,883236,7360.3,80963.3,Junior
employee_4236,58,IT,118593,7,Mumbai,1423116,11859.300000000001,130452.3,Mid-level
employee_4237,37,HR,43447,11,Mumbai,521364,4344.7,47791.7,Senior
employee_4238,21,Data,108940,6,Pune,1307280,10894.0,119834.0,Mid-level
employee_4239,23,Finance,111677,13,Hyderabad,1340124,11167.7,122844.7,Senior
employee_4240,46,IT,112843,3,Mumbai,1354116,11284.300000000001,124127.3,Junior
employee_4241,51,QA,100877,9,Delhi,1210524,10087.7,110964.7,Mid-level
employee_4242,28,Data,99678,15,Mumbai,1196136,9967.800000000001,109645.8,Senior
employee_4243,28,Sales,89583,12,Hyderabad,1074996,8958.300000000001,98541.3,Senior
employee_4244,55,Sales,88056,12,Hyderabad,1056672,8805.6,96861.6,Senior
employee_4245,59,QA,106468,4,Bangalore,1277616,10646.800000000001,117114.8,Junior
employee_4246,48,QA,37017,11,Pune,444204,3701.7000000000003,40718.7,Senior
employee_4247,24,Sales,62880,9,Hyderabad,754560,6288.0,69168.0,Mid-level
employee_4248,36,HR,26355,4,Bangalore,316260,2635.5,28990.5,Junior
employee_4249,33,HR,83936,2,Hyderabad,1007232,8393.6,92329.6,Fresher
employee_4250,40,Data,89608,12,Chennai,1075296,8960.800000000001,98568.8,Senior
employee_4251,25,Finance,106622,8,Delhi,1279464,10662.2,117284.2,Mid-level
employee_4252,57,Data,112051,10,Delhi,1344612,11205.1,123256.1,Mid-level
employee_4253,40,Finance,104756,4,Chennai,1257072,10475.6,115231.6,Junior
employee_4254,44,QA,72266,11,Chennai,867192,7226.6,79492.6,Senior
employee_4255,56,IT,79554,15,Hyderabad,954648,7955.400000000001,87509.4,Senior
employee_4256,54,Data,83215,12,Mumbai,998580,8321.5,91536.5,Senior
employee_4257,54,Data,85656,9,Mumbai,1027872,8565.6,94221.6,Mid-level
employee_4258,39,Finance,79104,1,Chennai,949248,7910.400000000001,87014.4,Fresher
employee_4259,37,QA,101844,12,Pune,1222128,10184.400000000001,112028.4,Senior
employee_4260,25,QA,25969,14,Delhi,311628,2596.9,28565.9,Senior
employee_4261,45,Finance,25254,3,Bangalore,303048,2525.4,27779.4,Junior
employee_4262,38,QA,35306,11,Chennai,423672,3530.6000000000004,38836.6,Senior
employee_4263,28,Sales,90516,3,Delhi,1086192,9051.6,99567.6,Junior
employee_4264,47,HR,118077,4,Bangalore,1416924,11807.7,129884.7,Junior
employee_4265,35,Sales,93197,7,Bangalore,1118364,9319.7,102516.7,Mid-level
employee_4266,33,IT,105845,4,Chennai,1270140,10584.5,116429.5,Junior
employee_4267,36,Data,43223,0,Mumbai,518676,4322.3,47545.3,Fresher
employee_4268,42,IT,96441,1,Pune,1157292,9644.1,106085.1,Fresher
employee_4269,40,Data,92967,14,Delhi,1115604,9296.7,102263.7,Senior
employee_4270,33,HR,98292,2,Chennai,1179504,9829.2,108121.2,Fresher
employee_4271,40,QA,95889,2,Bangalore,1150668,9588.9,105477.9,Fresher
employee_4272,22,Sales,75117,15,Delhi,901404,7511.700000000001,82628.7,Senior
employee_4273,55,Finance,26737,9,Hyderabad,320844,2673.7000000000003,29410.7,Mid-level
employee_4274,39,Sales,107404,5,Hyderabad,1288848,10740.400000000001,118144.4,Junior
employee_4275,57,HR,57476,8,Delhi,689712,5747.6,63223.6,Mid-level
employee_4276,26,IT,49325,9,Delhi,591900,4932.5,54257.5,Mid-level
employee_4277,34,Finance,37326,0,Bangalore,447912,3732.6000000000004,41058.6,Fresher
employee_4278,24,QA,115122,5,Chennai,1381464,11512.2,126634.2,Junior
employee_4279,42,HR,37911,8,Mumbai,454932,3791.1000000000004,41702.1,Mid-level
employee_4280,59,Finance,54080,3,Chennai,648960,5408.0,59488.0,Junior
employee_4281,56,HR,47635,9,Pune,571620,4763.5,52398.5,Mid-level
employee_4282,54,HR,76179,2,Delhi,914148,7617.900000000001,83796.9,Fresher
employee_4283,47,QA,30213,12,Hyderabad,362556,3021.3,33234.3,Senior
employee_4284,27,Data,82142,5,Bangalore,985704,8214.2,90356.2,Junior
employee_4285,23,Finance,88545,5,Mumbai,1062540,8854.5,97399.5,Junior
employee_4286,53,QA,52940,12,Chennai,635280,5294.0,58234.0,Senior
employee_4287,22,HR,73604,1,Pune,883248,7360.400000000001,80964.4,Fresher
employee_4288,36,QA,113901,14,Chennai,1366812,11390.1,125291.1,Senior
employee_4289,45,Data,99332,4,Pune,1191984,9933.2,109265.2,Junior
employee_4290,35,Sales,74119,0,Chennai,889428,7411.900000000001,81530.9,Fresher
employee_4291,44,Finance,107888,12,Mumbai,1294656,10788.800000000001,118676.8,Senior
employee_4292,35,Data,86604,8,Mumbai,1039248,8660.4,95264.4,Mid-level
employee_4293,51,IT,41820,8,Bangalore,501840,4182.0,46002.0,Mid-level
employee_4294,34,Finance,101502,2,Mumbai,1218024,10150.2,111652.2,Fresher
employee_4295,34,Data,92345,4,Pune,1108140,9234.5,101579.5,Junior
employee_4296,26,HR,64314,14,Bangalore,771768,6431.400000000001,70745.4,Senior
employee_4297,34,Finance,65875,2,Mumbai,790500,6587.5,72462.5,Fresher
employee_4298,37,Finance,96041,6,Hyderabad,1152492,9604.1,105645.1,Mid-level
employee_4299,38,QA,95793,12,Pune,1149516,9579.300000000001,105372.3,Senior
employee_4300,40,HR,105587,14,Bangalore,1267044,10558.7,116145.7,Senior
employee_4301,37,IT,29909,0,Pune,358908,2990.9,32899.9,Fresher
employee_4302,36,Sales,117881,14,Bangalore,1414572,11788.1,129669.1,Senior
employee_4303,60,Data,39866,4,Pune,478392,3986.6000000000004,43852.6,Junior
employee_4304,59,QA,67789,5,Hyderabad,813468,6778.900000000001,74567.9,Junior
employee_4305,52,Data,115404,13,Mumbai,1384848,11540.400000000001,126944.4,Senior
employee_4306,29,IT,119063,10,Chennai,1428756,11906.300000000001,130969.3,Mid-level
employee_4307,47,IT,90997,15,Chennai,1091964,9099.7,100096.7,Senior
employee_4308,53,Finance,53460,11,Chennai,641520,5346.0,58806.0,Senior
employee_4309,30,IT,73500,13,Bangalore,882000,7350.0,80850.0,Senior
employee_4310,37,Data,93769,6,Mumbai,1125228,9376.9,103145.9,Mid-level
employee_4311,56,HR,37128,2,Delhi,445536,3712.8,40840.8,Fresher
employee_4312,37,HR,30202,6,Bangalore,362424,3020.2000000000003,33222.2,Mid-level
employee_4313,38,Finance,90327,3,Bangalore,1083924,9032.7,99359.7,Junior
employee_4314,43,Sales,72965,9,Bangalore,875580,7296.5,80261.5,Mid-level
employee_4315,54,Data,56238,10,Delhi,674856,5623.8,61861.8,Mid-level
employee_4316,28,Data,104258,13,Bangalore,1251096,10425.800000000001,114683.8,Senior
employee_4317,33,IT,74240,5,Mumbai,890880,7424.0,81664.0,Junior
employee_4318,43,Data,108583,4,Chennai,1302996,10858.300000000001,119441.3,Junior
employee_4319,40,QA,93837,3,Pune,1126044,9383.7,103220.7,Junior
employee_4320,42,Sales,79289,5,Bangalore,951468,7928.900000000001,87217.9,Junior
employee_4321,43,IT,57544,12,Mumbai,690528,5754.400000000001,63298.4,Senior
employee_4322,55,QA,85064,11,Hyderabad,1020768,8506.4,93570.4,Senior
employee_4323,23,Finance,118049,2,Pune,1416588,11804.900000000001,129853.9,Fresher
employee_4324,54,HR,106176,2,Bangalore,1274112,10617.6,116793.6,Fresher
employee_4325,53,Finance,47413,4,Bangalore,568956,4741.3,52154.3,Junior
employee_4326,37,HR,107341,10,Pune,1288092,10734.1,118075.1,Mid-level
employee_4327,39,Finance,110669,4,Pune,1328028,11066.900000000001,121735.9,Junior
employee_4328,50,Data,73899,8,Bangalore,886788,7389.900000000001,81288.9,Mid-level
employee_4329,43,QA,111891,14,Mumbai,1342692,11189.1,123080.1,Senior
employee_4330,35,HR,113765,3,Hyderabad,1365180,11376.5,125141.5,Junior
employee_4331,34,IT,94969,4,Mumbai,1139628,9496.9,104465.9,Junior
employee_4332,22,QA,58033,11,Delhi,696396,5803.3,63836.3,Senior
employee_4333,59,IT,26378,15,Chennai,316536,2637.8,29015.8,Senior
employee_4334,38,QA,31503,8,Chennai,378036,3150.3,34653.3,Mid-level
employee_4335,26,QA,67774,3,Chennai,813288,6777.400000000001,74551.4,Junior
employee_4336,52,Finance,84608,12,Bangalore,1015296,8460.800000000001,93068.8,Senior
employee_4337,41,HR,58617,14,Hyderabad,703404,5861.700000000001,64478.7,Senior
employee_4338,60,HR,29814,14,Hyderabad,357768,2981.4,32795.4,Senior
employee_4339,48,QA,83335,2,Delhi,1000020,8333.5,91668.5,Fresher
employee_4340,47,Data,48763,6,Bangalore,585156,4876.3,53639.3,Mid-level
employee_4341,22,Data,35000,6,Bangalore,420000,3500.0,38500.0,Mid-level
employee_4342,53,IT,105824,7,Bangalore,1269888,10582.400000000001,116406.4,Mid-level
employee_4343,36,IT,28274,3,Hyderabad,339288,2827.4,31101.4,Junior
employee_4344,59,Finance,74868,3,Bangalore,898416,7486.8,82354.8,Junior
employee_4345,42,QA,79232,13,Pune,950784,7923.200000000001,87155.2,Senior
employee_4346,33,IT,39227,13,Pune,470724,3922.7000000000003,43149.7,Senior
employee_4347,22,IT,42279,8,Pune,507348,4227.900000000001,46506.9,Mid-level
employee_4348,34,Sales,99904,9,Bangalore,1198848,9990.400000000001,109894.4,Mid-level
employee_4349,58,QA,89940,6,Pune,1079280,8994.0,98934.0,Mid-level
employee_4350,48,Finance,67736,2,Delhi,812832,6773.6,74509.6,Fresher
employee_4351,27,IT,117916,14,Bangalore,1414992,11791.6,129707.6,Senior
employee_4352,38,Finance,118504,12,Delhi,1422048,11850.400000000001,130354.4,Senior
employee_4353,56,HR,34651,8,Pune,415812,3465.1000000000004,38116.1,Mid-level
employee_4354,56,Finance,104439,12,Bangalore,1253268,10443.900000000001,114882.9,Senior
employee_4355,24,Data,109463,4,Mumbai,1313556,10946.300000000001,120409.3,Junior
employee_4356,50,Data,32771,3,Chennai,393252,3277.1000000000004,36048.1,Junior
employee_4357,44,Finance,103996,0,Mumbai,1247952,10399.6,114395.6,Fresher
employee_4358,40,Data,95173,8,Chennai,1142076,9517.300000000001,104690.3,Mid-level
employee_4359,51,HR,65834,5,Chennai,790008,6583.400000000001,72417.4,Junior
employee_4360,44,QA,28553,15,Pune,342636,2855.3,31408.3,Senior
employee_4361,27,Data,59117,10,Chennai,709404,5911.700000000001,65028.7,Mid-level
employee_4362,46,Data,114116,1,Chennai,1369392,11411.6,125527.6,Fresher
employee_4363,33,Finance,102058,12,Mumbai,1224696,10205.800000000001,112263.8,Senior
employee_4364,28,HR,87137,6,Chennai,1045644,8713.7,95850.7,Mid-level
employee_4365,25,QA,59890,2,Bangalore,718680,5989.0,65879.0,Fresher
employee_4366,33,Finance,118740,14,Delhi,1424880,11874.0,130614.0,Senior
employee_4367,49,Finance,104428,5,Delhi,1253136,10442.800000000001,114870.8,Junior
employee_4368,40,Sales,33689,7,Bangalore,404268,3368.9,37057.9,Mid-level
employee_4369,34,HR,53063,15,Pune,636756,5306.3,58369.3,Senior
employee_4370,52,QA,82198,2,Mumbai,986376,8219.800000000001,90417.8,Fresher
employee_4371,47,HR,104598,12,Hyderabad,1255176,10459.800000000001,115057.8,Senior
employee_4372,45,QA,26363,11,Delhi,316356,2636.3,28999.3,Senior
employee_4373,24,HR,41691,11,Mumbai,500292,4169.1,45860.1,Senior
employee_4374,41,Finance,27751,4,Delhi,333012,2775.1000000000004,30526.1,Junior
employee_4375,38,Finance,32782,13,Hyderabad,393384,3278.2000000000003,36060.2,Senior
employee_4376,59,IT,108184,5,Chennai,1298208,10818.400000000001,119002.4,Junior
employee_4377,35,Data,37540,0,Hyderabad,450480,3754.0,41294.0,Fresher
employee_4378,58,Sales,70991,9,Chennai,851892,7099.1,78090.1,Mid-level
employee_4379,44,HR,95875,6,Delhi,1150500,9587.5,105462.5,Mid-level
employee_4380,28,Sales,117556,3,Mumbai,1410672,11755.6,129311.6,Junior
employee_4381,48,IT,52609,9,Mumbai,631308,5260.900000000001,57869.9,Mid-level
employee_4382,41,Data,81655,10,Pune,979860,8165.5,89820.5,Mid-level
employee_4383,36,HR,96384,14,Delhi,1156608,9638.4,106022.4,Senior
employee_4384,36,QA,88177,6,Pune,1058124,8817.7,96994.7,Mid-level
employee_4385,55,Data,83396,6,Delhi,1000752,8339.6,91735.6,Mid-level
employee_4386,37,Finance,41877,10,Chennai,502524,4187.7,46064.7,Mid-level
employee_4387,29,IT,43405,4,Delhi,520860,4340.5,47745.5,Junior
employee_4388,55,Data,73629,7,Delhi,883548,7362.900000000001,80991.9,Mid-level
employee_4389,49,Data,71233,7,Chennai,854796,7123.3,78356.3,Mid-level
employee_4390,59,Finance,46471,4,Bangalore,557652,4647.1,51118.1,Junior
employee_4391,38,HR,28302,4,Bangalore,339624,2830.2000000000003,31132.2,Junior
employee_4392,32,QA,104973,6,Delhi,1259676,10497.300000000001,115470.3,Mid-level
employee_4393,39,Finance,105048,5,Bangalore,1260576,10504.800000000001,115552.8,Junior
employee_4394,42,QA,48511,3,Mumbai,582132,4851.1,53362.1,Junior
employee_4395,35,HR,30022,1,Delhi,360264,3002.2000000000003,33024.2,Fresher
employee_4396,21,Data,68239,7,Hyderabad,818868,6823.900000000001,75062.9,Mid-level
employee_4397,22,QA,96691,2,Chennai,1160292,9669.1,106360.1,Fresher
employee_4398,28,IT,84269,1,Pune,1011228,8426.9,92695.9,Fresher
employee_4399,42,IT,115868,15,Chennai,1390416,11586.800000000001,127454.8,Senior
employee_4400,45,Finance,83398,11,Delhi,1000776,8339.800000000001,91737.8,Senior
employee_4401,22,HR,86895,14,Hyderabad,1042740,8689.5,95584.5,Senior
employee_4402,29,Finance,94890,9,Chennai,1138680,9489.0,104379.0,Mid-level
employee_4403,29,Finance,60284,6,Pune,723408,6028.400000000001,66312.4,Mid-level
employee_4404,33,Sales,73640,9,Pune,883680,7364.0,81004.0,Mid-level
employee_4405,26,Finance,100692,5,Hyderabad,1208304,10069.2,110761.2,Junior
employee_4406,50,Sales,47453,7,Pune,569436,4745.3,52198.3,Mid-level
employee_4407,35,IT,114294,12,Mumbai,1371528,11429.400000000001,125723.4,Senior
employee_4408,35,IT,99374,13,Pune,1192488,9937.400000000001,109311.4,Senior
employee_4409,27,Finance,62976,5,Hyderabad,755712,6297.6,69273.6,Junior
employee_4410,31,IT,38725,6,Hyderabad,464700,3872.5,42597.5,Mid-level
employee_4411,60,HR,99873,1,Chennai,1198476,9987.300000000001,109860.3,Fresher
employee_4412,58,Sales,101237,9,Pune,1214844,10123.7,111360.7,Mid-level
employee_4413,60,Sales,68043,13,Pune,816516,6804.3,74847.3,Senior
employee_4414,22,Finance,119852,1,Delhi,1438224,11985.2,131837.2,Fresher
employee_4415,59,IT,102080,5,Delhi,1224960,10208.0,112288.0,Junior
employee_4416,30,QA,89990,8,Hyderabad,1079880,8999.0,98989.0,Mid-level
employee_4417,37,Sales,112050,15,Delhi,1344600,11205.0,123255.0,Senior
employee_4418,27,Finance,106863,13,Chennai,1282356,10686.300000000001,117549.3,Senior
employee_4419,60,Finance,71809,2,Chennai,861708,7180.900000000001,78989.9,Fresher
employee_4420,59,HR,41705,10,Mumbai,500460,4170.5,45875.5,Mid-level
employee_4421,24,Data,88131,9,Mumbai,1057572,8813.1,96944.1,Mid-level
employee_4422,55,Data,101015,13,Hyderabad,1212180,10101.5,111116.5,Senior
employee_4423,56,Sales,87456,13,Chennai,1049472,8745.6,96201.6,Senior
employee_4424,51,HR,101859,12,Chennai,1222308,10185.900000000001,112044.9,Senior
employee_4425,45,HR,103473,7,Mumbai,1241676,10347.300000000001,113820.3,Mid-level
employee_4426,33,HR,48089,14,Delhi,577068,4808.900000000001,52897.9,Senior
employee_4427,38,Sales,92238,4,Mumbai,1106856,9223.800000000001,101461.8,Junior
employee_4428,41,Data,100940,12,Hyderabad,1211280,10094.0,111034.0,Senior
employee_4429,21,HR,98916,5,Chennai,1186992,9891.6,108807.6,Junior
employee_4430,56,IT,112526,15,Hyderabad,1350312,11252.6,123778.6,Senior
employee_4431,28,Finance,86396,5,Mumbai,1036752,8639.6,95035.6,Junior
employee_4432,41,Finance,28877,10,Pune,346524,2887.7000000000003,31764.7,Mid-level
employee_4433,41,QA,109256,11,Mumbai,1311072,10925.6,120181.6,Senior
employee_4434,47,QA,98212,9,Chennai,1178544,9821.2,108033.2,Mid-level
employee_4435,39,Sales,56818,10,Hyderabad,681816,5681.8,62499.8,Mid-level
employee_4436,43,Sales,73555,12,Delhi,882660,7355.5,80910.5,Senior
employee_4437,55,Finance,67368,2,Delhi,808416,6736.8,74104.8,Fresher
employee_4438,60,IT,73180,10,Chennai,878160,7318.0,80498.0,Mid-level
employee_4439,25,Data,114666,10,Mumbai,1375992,11466.6,126132.6,Mid-level
employee_4440,28,Data,74421,15,Mumbai,893052,7442.1,81863.1,Senior
employee_4441,31,Sales,51620,4,Bangalore,619440,5162.0,56782.0,Junior
employee_4442,36,IT,85539,11,Mumbai,1026468,8553.9,94092.9,Senior
employee_4443,59,Sales,42077,0,Chennai,504924,4207.7,46284.7,Fresher
employee_4444,44,Data,37663,1,Hyderabad,451956,3766.3,41429.3,Fresher
employee_4445,41,Sales,108335,9,Hyderabad,1300020,10833.5,119168.5,Mid-level
employee_4446,43,HR,72285,14,Bangalore,867420,7228.5,79513.5,Senior
employee_4447,58,Sales,76235,2,Delhi,914820,7623.5,83858.5,Fresher
employee_4448,28,Finance,42619,3,Chennai,511428,4261.900000000001,46880.9,Junior
employee_4449,27,Sales,94503,12,Mumbai,1134036,9450.300000000001,103953.3,Senior
employee_4450,22,Finance,82477,8,Pune,989724,8247.7,90724.7,Mid-level
employee_4451,50,IT,52488,0,Hyderabad,629856,5248.8,57736.8,Fresher
employee_4452,33,Data,103747,2,Chennai,1244964,10374.7,114121.7,Fresher
employee_4453,43,QA,46169,2,Bangalore,554028,4616.900000000001,50785.9,Fresher
employee_4454,49,QA,55373,12,Pune,664476,5537.3,60910.3,Senior
employee_4455,58,Data,57669,14,Delhi,692028,5766.900000000001,63435.9,Senior
employee_4456,57,QA,80277,12,Chennai,963324,8027.700000000001,88304.7,Senior
employee_4457,40,Sales,97170,15,Mumbai,1166040,9717.0,106887.0,Senior
employee_4458,53,IT,80120,5,Delhi,961440,8012.0,88132.0,Junior
employee_4459,49,IT,91376,4,Hyderabad,1096512,9137.6,100513.6,Junior
employee_4460,35,Data,79235,2,Mumbai,950820,7923.5,87158.5,Fresher
employee_4461,43,QA,59229,3,Bangalore,710748,5922.900000000001,65151.9,Junior
employee_4462,23,Sales,111854,10,Hyderabad,1342248,11185.400000000001,123039.4,Mid-level
employee_4463,57,IT,40405,6,Pune,484860,4040.5,44445.5,Mid-level
employee_4464,49,IT,40847,2,Hyderabad,490164,4084.7000000000003,44931.7,Fresher
employee_4465,28,HR,48547,8,Mumbai,582564,4854.7,53401.7,Mid-level
employee_4466,42,HR,31575,7,Delhi,378900,3157.5,34732.5,Mid-level
employee_4467,49,IT,29843,12,Chennai,358116,2984.3,32827.3,Senior
employee_4468,22,Data,117987,1,Chennai,1415844,11798.7,129785.7,Fresher
employee_4469,21,Finance,32739,4,Chennai,392868,3273.9,36012.9,Junior
employee_4470,40,Finance,39852,13,Bangalore,478224,3985.2000000000003,43837.2,Senior
employee_4471,41,Sales,76661,3,Bangalore,919932,7666.1,84327.1,Junior
employee_4472,57,IT,34157,11,Chennai,409884,3415.7000000000003,37572.7,Senior
employee_4473,28,IT,112942,12,Pune,1355304,11294.2,124236.2,Senior
employee_4474,47,IT,97968,4,Mumbai,1175616,9796.800000000001,107764.8,Junior
employee_4475,55,Data,43837,2,Pune,526044,4383.7,48220.7,Fresher
employee_4476,26,HR,105684,9,Chennai,1268208,10568.400000000001,116252.4,Mid-level
employee_4477,39,IT,101730,14,Mumbai,1220760,10173.0,111903.0,Senior
employee_4478,38,IT,39819,10,Bangalore,477828,3981.9,43800.9,Mid-level
employee_4479,21,QA,97161,15,Hyderabad,1165932,9716.1,106877.1,Senior
employee_4480,45,Data,32404,0,Hyderabad,388848,3240.4,35644.4,Fresher
employee_4481,47,Sales,39674,7,Mumbai,476088,3967.4,43641.4,Mid-level
employee_4482,27,IT,101043,8,Pune,1212516,10104.300000000001,111147.3,Mid-level
employee_4483,49,QA,110923,7,Mumbai,1331076,11092.300000000001,122015.3,Mid-level
employee_4484,51,Finance,43697,3,Pune,524364,4369.7,48066.7,Junior
employee_4485,56,Sales,110083,11,Delhi,1320996,11008.300000000001,121091.3,Senior
employee_4486,39,IT,85663,1,Pune,1027956,8566.300000000001,94229.3,Fresher
employee_4487,26,IT,48570,3,Hyderabad,582840,4857.0,53427.0,Junior
employee_4488,45,QA,53037,13,Bangalore,636444,5303.700000000001,58340.7,Senior
employee_4489,51,Data,62982,15,Chennai,755784,6298.200000000001,69280.2,Senior
employee_4490,29,IT,93524,8,Bangalore,1122288,9352.4,102876.4,Mid-level
employee_4491,40,Finance,30156,9,Chennai,361872,3015.6000000000004,33171.6,Mid-level
employee_4492,30,IT,63280,8,Delhi,759360,6328.0,69608.0,Mid-level
employee_4493,57,Finance,100324,4,Hyderabad,1203888,10032.400000000001,110356.4,Junior
employee_4494,47,Sales,85706,4,Chennai,1028472,8570.6,94276.6,Junior
employee_4495,33,Sales,104721,9,Delhi,1256652,10472.1,115193.1,Mid-level
employee_4496,22,HR,109270,2,Pune,1311240,10927.0,120197.0,Fresher
employee_4497,41,HR,34971,13,Mumbai,419652,3497.1000000000004,38468.1,Senior
employee_4498,53,Finance,78140,14,Chennai,937680,7814.0,85954.0,Senior
employee_4499,44,Data,68408,5,Bangalore,820896,6840.8,75248.8,Junior
employee_4500,54,IT,77022,15,Hyderabad,924264,7702.200000000001,84724.2,Senior
employee_4501,29,IT,31487,6,Hyderabad,377844,3148.7000000000003,34635.7,Mid-level
employee_4502,22,HR,45997,11,Delhi,551964,4599.7,50596.7,Senior
employee_4503,50,Finance,71456,14,Mumbai,857472,7145.6,78601.6,Senior
employee_4504,42,IT,102988,9,Pune,1235856,10298.800000000001,113286.8,Mid-level
employee_4505,31,IT,105908,13,Pune,1270896,10590.800000000001,116498.8,Senior
employee_4506,37,Data,84416,14,Hyderabad,1012992,8441.6,92857.6,Senior
employee_4507,56,QA,69767,11,Pune,837204,6976.700000000001,76743.7,Senior
employee_4508,33,HR,103970,8,Delhi,1247640,10397.0,114367.0,Mid-level
employee_4509,27,HR,102952,6,Mumbai,1235424,10295.2,113247.2,Mid-level
employee_4510,36,QA,109784,2,Hyderabad,1317408,10978.400000000001,120762.4,Fresher
employee_4511,53,IT,53194,11,Pune,638328,5319.400000000001,58513.4,Senior
employee_4512,21,Data,58785,12,Chennai,705420,5878.5,64663.5,Senior
employee_4513,31,Data,83676,6,Chennai,1004112,8367.6,92043.6,Mid-level
employee_4514,26,HR,33373,12,Delhi,400476,3337.3,36710.3,Senior
employee_4515,40,Data,55283,0,Pune,663396,5528.3,60811.3,Fresher
employee_4516,55,Sales,80911,1,Chennai,970932,8091.1,89002.1,Fresher
employee_4517,57,QA,119951,3,Mumbai,1439412,11995.1,131946.1,Junior
employee_4518,46,IT,51414,6,Bangalore,616968,5141.400000000001,56555.4,Mid-level
employee_4519,32,Sales,39378,14,Mumbai,472536,3937.8,43315.8,Senior
employee_4520,50,QA,108872,8,Delhi,1306464,10887.2,119759.2,Mid-level
employee_4521,48,Finance,29700,14,Mumbai,356400,2970.0,32670.0,Senior
employee_4522,47,HR,89143,4,Pune,1069716,8914.300000000001,98057.3,Junior
employee_4523,39,Data,88229,14,Mumbai,1058748,8822.9,97051.9,Senior
employee_4524,25,Finance,38901,7,Pune,466812,3890.1000000000004,42791.1,Mid-level
employee_4525,25,Data,115374,6,Hyderabad,1384488,11537.400000000001,126911.4,Mid-level
employee_4526,47,Sales,47597,4,Pune,571164,4759.7,52356.7,Junior
employee_4527,48,IT,58428,12,Delhi,701136,5842.8,64270.8,Senior
employee_4528,46,IT,60687,2,Pune,728244,6068.700000000001,66755.7,Fresher
employee_4529,47,IT,54493,2,Hyderabad,653916,5449.3,59942.3,Fresher
employee_4530,41,Data,76224,12,Bangalore,914688,7622.400000000001,83846.4,Senior
employee_4531,21,Finance,56852,5,Delhi,682224,5685.200000000001,62537.2,Junior
employee_4532,48,IT,35932,9,Hyderabad,431184,3593.2000000000003,39525.2,Mid-level
employee_4533,35,Finance,113545,10,Pune,1362540,11354.5,124899.5,Mid-level
employee_4534,37,Data,89202,3,Delhi,1070424,8920.2,98122.2,Junior
employee_4535,46,Sales,58583,2,Chennai,702996,5858.3,64441.3,Fresher
employee_4536,40,Finance,72278,3,Pune,867336,7227.8,79505.8,Junior
employee_4537,45,Sales,118530,2,Hyderabad,1422360,11853.0,130383.0,Fresher
employee_4538,33,Data,54865,12,Pune,658380,5486.5,60351.5,Senior
employee_4539,53,Data,37289,14,Hyderabad,447468,3728.9,41017.9,Senior
employee_4540,45,HR,118829,11,Mumbai,1425948,11882.900000000001,130711.9,Senior
employee_4541,28,Data,95270,15,Bangalore,1143240,9527.0,104797.0,Senior
employee_4542,25,Data,110549,14,Bangalore,1326588,11054.900000000001,121603.9,Senior
employee_4543,26,QA,60521,14,Delhi,726252,6052.1,66573.1,Senior
employee_4544,43,IT,31505,9,Hyderabad,378060,3150.5,34655.5,Mid-level
employee_4545,50,HR,69327,10,Bangalore,831924,6932.700000000001,76259.7,Mid-level
employee_4546,34,HR,90519,10,Chennai,1086228,9051.9,99570.9,Mid-level
employee_4547,43,HR,95221,12,Delhi,1142652,9522.1,104743.1,Senior
employee_4548,31,QA,43409,11,Chennai,520908,4340.900000000001,47749.9,Senior
employee_4549,51,Sales,44517,5,Bangalore,534204,4451.7,48968.7,Junior
employee_4550,26,Data,69533,12,Hyderabad,834396,6953.3,76486.3,Senior
employee_4551,31,IT,55475,6,Delhi,665700,5547.5,61022.5,Mid-level
employee_4552,33,Finance,40327,3,Chennai,483924,4032.7000000000003,44359.7,Junior
employee_4553,32,Sales,80344,2,Bangalore,964128,8034.400000000001,88378.4,Fresher
employee_4554,22,Data,28671,2,Pune,344052,2867.1000000000004,31538.1,Fresher
employee_4555,55,QA,95477,10,Chennai,1145724,9547.7,105024.7,Mid-level
employee_4556,56,Data,116908,2,Mumbai,1402896,11690.800000000001,128598.8,Fresher
employee_4557,37,Data,103002,15,Delhi,1236024,10300.2,113302.2,Senior
employee_4558,48,QA,75756,8,Chennai,909072,7575.6,83331.6,Mid-level
employee_4559,48,HR,108822,10,Delhi,1305864,10882.2,119704.2,Mid-level
employee_4560,42,HR,69959,10,Bangalore,839508,6995.900000000001,76954.9,Mid-level
employee_4561,58,IT,95124,13,Bangalore,1141488,9512.4,104636.4,Senior
employee_4562,27,IT,53080,13,Delhi,636960,5308.0,58388.0,Senior
employee_4563,35,HR,49544,11,Bangalore,594528,4954.400000000001,54498.4,Senior
employee_4564,52,Sales,101347,14,Hyderabad,1216164,10134.7,111481.7,Senior
employee_4565,31,Finance,43733,2,Delhi,524796,4373.3,48106.3,Fresher
employee_4566,44,Data,79211,2,Hyderabad,950532,7921.1,87132.1,Fresher
employee_4567,23,Finance,65696,7,Delhi,788352,6569.6,72265.6,Mid-level
employee_4568,50,Data,73093,3,Pune,877116,7309.3,80402.3,Junior
employee_4569,26,HR,72042,6,Pune,864504,7204.200000000001,79246.2,Mid-level
employee_4570,22,IT,78516,2,Chennai,942192,7851.6,86367.6,Fresher
employee_4571,34,Sales,62487,7,Bangalore,749844,6248.700000000001,68735.7,Mid-level
employee_4572,38,IT,65849,2,Pune,790188,6584.900000000001,72433.9,Fresher
employee_4573,51,Finance,39550,4,Bangalore,474600,3955.0,43505.0,Junior
employee_4574,33,IT,101400,0,Chennai,1216800,10140.0,111540.0,Fresher
employee_4575,46,HR,115930,11,Hyderabad,1391160,11593.0,127523.0,Senior
employee_4576,32,Sales,109597,4,Pune,1315164,10959.7,120556.7,Junior
employee_4577,38,Finance,74699,5,Mumbai,896388,7469.900000000001,82168.9,Junior
employee_4578,29,Sales,103160,6,Mumbai,1237920,10316.0,113476.0,Mid-level
employee_4579,41,Data,115470,1,Mumbai,1385640,11547.0,127017.0,Fresher
employee_4580,60,IT,93897,1,Mumbai,1126764,9389.7,103286.7,Fresher
employee_4581,44,Sales,38707,13,Mumbai,464484,3870.7000000000003,42577.7,Senior
employee_4582,54,QA,26924,8,Mumbai,323088,2692.4,29616.4,Mid-level
employee_4583,28,IT,103183,14,Mumbai,1238196,10318.300000000001,113501.3,Senior
employee_4584,53,Data,54018,14,Pune,648216,5401.8,59419.8,Senior
employee_4585,43,Sales,112163,15,Mumbai,1345956,11216.300000000001,123379.3,Senior
employee_4586,33,Finance,46031,9,Delhi,552372,4603.1,50634.1,Mid-level
employee_4587,34,Data,90164,0,Delhi,1081968,9016.4,99180.4,Fresher
employee_4588,34,QA,93237,1,Mumbai,1118844,9323.7,102560.7,Fresher
employee_4589,36,Sales,74573,1,Chennai,894876,7457.3,82030.3,Fresher
employee_4590,58,HR,41719,14,Pune,500628,4171.900000000001,45890.9,Senior
employee_4591,59,IT,34718,15,Delhi,416616,3471.8,38189.8,Senior
employee_4592,46,Finance,25056,12,Chennai,300672,2505.6000000000004,27561.6,Senior
employee_4593,46,HR,40352,14,Bangalore,484224,4035.2000000000003,44387.2,Senior
employee_4594,21,Sales,72820,9,Mumbai,873840,7282.0,80102.0,Mid-level
employee_4595,52,Sales,93683,6,Hyderabad,1124196,9368.300000000001,103051.3,Mid-level
employee_4596,35,Data,94073,5,Mumbai,1128876,9407.300000000001,103480.3,Junior
employee_4597,41,Sales,113348,8,Mumbai,1360176,11334.800000000001,124682.8,Mid-level
employee_4598,38,Finance,25721,10,Chennai,308652,2572.1000000000004,28293.1,Mid-level
employee_4599,50,HR,107305,14,Bangalore,1287660,10730.5,118035.5,Senior
employee_4600,33,Finance,76969,6,Chennai,923628,7696.900000000001,84665.9,Mid-level
employee_4601,44,QA,65194,2,Pune,782328,6519.400000000001,71713.4,Fresher
employee_4602,50,QA,71556,2,Bangalore,858672,7155.6,78711.6,Fresher
employee_4603,22,IT,71775,0,Delhi,861300,7177.5,78952.5,Fresher
employee_4604,39,IT,104882,7,Bangalore,1258584,10488.2,115370.2,Mid-level
employee_4605,45,QA,64883,0,Bangalore,778596,6488.3,71371.3,Fresher
employee_4606,34,Sales,35911,10,Chennai,430932,3591.1000000000004,39502.1,Mid-level
employee_4607,26,Finance,90795,13,Mumbai,1089540,9079.5,99874.5,Senior
employee_4608,32,QA,45872,1,Mumbai,550464,4587.2,50459.2,Fresher
employee_4609,40,IT,99327,10,Mumbai,1191924,9932.7,109259.7,Mid-level
employee_4610,43,QA,98072,11,Mumbai,1176864,9807.2,107879.2,Senior
employee_4611,50,Sales,110968,6,Mumbai,1331616,11096.800000000001,122064.8,Mid-level
employee_4612,50,QA,69537,0,Pune,834444,6953.700000000001,76490.7,Fresher
employee_4613,58,Finance,110077,11,Hyderabad,1320924,11007.7,121084.7,Senior
employee_4614,50,HR,41860,3,Delhi,502320,4186.0,46046.0,Junior
employee_4615,50,Sales,95819,8,Bangalore,1149828,9581.9,105400.9,Mid-level
employee_4616,56,IT,55743,7,Hyderabad,668916,5574.3,61317.3,Mid-level
employee_4617,54,Finance,67559,14,Pune,810708,6755.900000000001,74314.9,Senior
employee_4618,36,QA,97941,10,Mumbai,1175292,9794.1,107735.1,Mid-level
employee_4619,44,QA,57205,13,Pune,686460,5720.5,62925.5,Senior
employee_4620,34,HR,114944,12,Delhi,1379328,11494.400000000001,126438.4,Senior
employee_4621,46,IT,42645,7,Delhi,511740,4264.5,46909.5,Mid-level
employee_4622,28,IT,96859,15,Pune,1162308,9685.9,106544.9,Senior
employee_4623,34,Data,96473,11,Hyderabad,1157676,9647.300000000001,106120.3,Senior
employee_4624,51,IT,75734,2,Bangalore,908808,7573.400000000001,83307.4,Fresher
employee_4625,22,HR,55431,4,Chennai,665172,5543.1,60974.1,Junior
employee_4626,24,Data,85914,14,Chennai,1030968,8591.4,94505.4,Senior
employee_4627,21,Data,42882,3,Delhi,514584,4288.2,47170.2,Junior
employee_4628,40,QA,115860,10,Bangalore,1390320,11586.0,127446.0,Mid-level
employee_4629,34,QA,103539,11,Mumbai,1242468,10353.900000000001,113892.9,Senior
employee_4630,60,IT,68346,7,Pune,820152,6834.6,75180.6,Mid-level
employee_4631,45,Data,115642,10,Mumbai,1387704,11564.2,127206.2,Mid-level
employee_4632,45,QA,37979,15,Delhi,455748,3797.9,41776.9,Senior
employee_4633,23,HR,69828,6,Pune,837936,6982.8,76810.8,Mid-level
employee_4634,25,QA,32228,13,Chennai,386736,3222.8,35450.8,Senior
employee_4635,58,Sales,99836,6,Delhi,1198032,9983.6,109819.6,Mid-level
employee_4636,46,Sales,99217,9,Delhi,1190604,9921.7,109138.7,Mid-level
employee_4637,60,QA,98803,9,Bangalore,1185636,9880.300000000001,108683.3,Mid-level
employee_4638,58,Data,95908,6,Hyderabad,1150896,9590.800000000001,105498.8,Mid-level
employee_4639,58,Data,63918,0,Delhi,767016,6391.8,70309.8,Fresher
employee_4640,24,Finance,35920,12,Hyderabad,431040,3592.0,39512.0,Senior
employee_4641,27,Sales,107392,14,Bangalore,1288704,10739.2,118131.2,Senior
employee_4642,50,HR,52785,6,Delhi,633420,5278.5,58063.5,Mid-level
employee_4643,50,Data,107757,3,Delhi,1293084,10775.7,118532.7,Junior
employee_4644,39,IT,50178,11,Chennai,602136,5017.8,55195.8,Senior
employee_4645,59,Sales,96997,2,Pune,1163964,9699.7,106696.7,Fresher
employee_4646,55,HR,108401,12,Hyderabad,1300812,10840.1,119241.1,Senior
employee_4647,60,HR,39052,15,Chennai,468624,3905.2000000000003,42957.2,Senior
employee_4648,53,Data,97868,11,Delhi,1174416,9786.800000000001,107654.8,Senior
employee_4649,53,HR,74383,12,Bangalore,892596,7438.3,81821.3,Senior
employee_4650,34,Data,25327,14,Mumbai,303924,2532.7000000000003,27859.7,Senior
employee_4651,58,QA,113301,4,Chennai,1359612,11330.1,124631.1,Junior
employee_4652,30,Sales,95775,1,Chennai,1149300,9577.5,105352.5,Fresher
employee_4653,48,Finance,100614,7,Mumbai,1207368,10061.400000000001,110675.4,Mid-level
employee_4654,34,QA,32038,11,Delhi,384456,3203.8,35241.8,Senior
employee_4655,56,Sales,33048,11,Chennai,396576,3304.8,36352.8,Senior
employee_4656,58,Data,119207,8,Hyderabad,1430484,11920.7,131127.7,Mid-level
employee_4657,36,Sales,39954,4,Delhi,479448,3995.4,43949.4,Junior
employee_4658,41,Data,82541,2,Hyderabad,990492,8254.1,90795.1,Fresher
employee_4659,48,QA,70471,15,Hyderabad,845652,7047.1,77518.1,Senior
employee_4660,53,IT,93315,9,Chennai,1119780,9331.5,102646.5,Mid-level
employee_4661,26,IT,38225,6,Delhi,458700,3822.5,42047.5,Mid-level
employee_4662,35,Sales,110256,0,Chennai,1323072,11025.6,121281.6,Fresher
employee_4663,23,IT,38531,9,Chennai,462372,3853.1000000000004,42384.1,Mid-level
employee_4664,55,Data,95871,2,Delhi,1150452,9587.1,105458.1,Fresher
employee_4665,34,HR,34530,8,Delhi,414360,3453.0,37983.0,Mid-level
employee_4666,22,Data,84035,1,Delhi,1008420,8403.5,92438.5,Fresher
employee_4667,49,HR,49791,10,Delhi,597492,4979.1,54770.1,Mid-level
employee_4668,24,QA,26649,13,Bangalore,319788,2664.9,29313.9,Senior
employee_4669,46,Finance,38472,8,Delhi,461664,3847.2000000000003,42319.2,Mid-level
employee_4670,32,HR,93398,10,Mumbai,1120776,9339.800000000001,102737.8,Mid-level
employee_4671,22,IT,115721,0,Delhi,1388652,11572.1,127293.1,Fresher
employee_4672,37,Data,52134,3,Chennai,625608,5213.400000000001,57347.4,Junior
employee_4673,55,QA,91453,11,Mumbai,1097436,9145.300000000001,100598.3,Senior
employee_4674,30,IT,37444,9,Pune,449328,3744.4,41188.4,Mid-level
employee_4675,42,QA,66121,15,Hyderabad,793452,6612.1,72733.1,Senior
employee_4676,41,Finance,111057,12,Bangalore,1332684,11105.7,122162.7,Senior
employee_4677,35,Data,63217,5,Mumbai,758604,6321.700000000001,69538.7,Junior
employee_4678,55,Sales,47066,14,Hyderabad,564792,4706.6,51772.6,Senior
employee_4679,41,Data,93347,12,Bangalore,1120164,9334.7,102681.7,Senior
employee_4680,41,Finance,61189,6,Delhi,734268,6118.900000000001,67307.9,Mid-level
employee_4681,41,Data,99826,14,Hyderabad,1197912,9982.6,109808.6,Senior
employee_4682,52,Sales,88477,14,Chennai,1061724,8847.7,97324.7,Senior
employee_4683,25,HR,60489,2,Chennai,725868,6048.900000000001,66537.9,Fresher
employee_4684,59,QA,52284,8,Delhi,627408,5228.400000000001,57512.4,Mid-level
employee_4685,29,Sales,49698,3,Hyderabad,596376,4969.8,54667.8,Junior
employee_4686,38,IT,68660,4,Delhi,823920,6866.0,75526.0,Junior
employee_4687,41,Finance,44637,7,Delhi,535644,4463.7,49100.7,Mid-level
employee_4688,28,HR,73024,14,Bangalore,876288,7302.400000000001,80326.4,Senior
employee_4689,54,IT,85405,11,Hyderabad,1024860,8540.5,93945.5,Senior
employee_4690,30,IT,86305,14,Pune,1035660,8630.5,94935.5,Senior
employee_4691,44,Finance,58556,13,Delhi,702672,5855.6,64411.6,Senior
employee_4692,60,HR,107176,2,Bangalore,1286112,10717.6,117893.6,Fresher
employee_4693,44,IT,94561,7,Bangalore,1134732,9456.1,104017.1,Mid-level
employee_4694,52,IT,97277,13,Hyderabad,1167324,9727.7,107004.7,Senior
employee_4695,53,HR,28654,13,Mumbai,343848,2865.4,31519.4,Senior
employee_4696,58,Data,65428,10,Delhi,785136,6542.8,71970.8,Mid-level
employee_4697,54,IT,63036,0,Delhi,756432,6303.6,69339.6,Fresher
employee_4698,31,QA,69549,7,Hyderabad,834588,6954.900000000001,76503.9,Mid-level
employee_4699,51,HR,90355,13,Mumbai,1084260,9035.5,99390.5,Senior
employee_4700,38,IT,87119,12,Bangalore,1045428,8711.9,95830.9,Senior
employee_4701,43,Finance,114096,14,Chennai,1369152,11409.6,125505.6,Senior
employee_4702,42,Sales,71257,10,Delhi,855084,7125.700000000001,78382.7,Mid-level
employee_4703,38,QA,40987,10,Chennai,491844,4098.7,45085.7,Mid-level
employee_4704,60,Sales,45810,14,Delhi,549720,4581.0,50391.0,Senior
employee_4705,59,Sales,45311,11,Hyderabad,543732,4531.1,49842.1,Senior
employee_4706,40,IT,79478,9,Delhi,953736,7947.8,87425.8,Mid-level
employee_4707,33,QA,59920,7,Mumbai,719040,5992.0,65912.0,Mid-level
employee_4708,21,QA,33738,5,Delhi,404856,3373.8,37111.8,Junior
employee_4709,24,Data,98424,4,Hyderabad,1181088,9842.400000000001,108266.4,Junior
employee_4710,44,Sales,87232,8,Pune,1046784,8723.2,95955.2,Mid-level
employee_4711,56,QA,30474,5,Hyderabad,365688,3047.4,33521.4,Junior
employee_4712,56,Data,84026,14,Hyderabad,1008312,8402.6,92428.6,Senior
employee_4713,22,HR,91024,0,Hyderabad,1092288,9102.4,100126.4,Fresher
employee_4714,48,Data,75974,11,Hyderabad,911688,7597.400000000001,83571.4,Senior
employee_4715,46,Finance,49144,5,Mumbai,589728,4914.400000000001,54058.4,Junior
employee_4716,43,IT,30622,0,Delhi,367464,3062.2000000000003,33684.2,Fresher
employee_4717,35,HR,77273,5,Mumbai,927276,7727.3,85000.3,Junior
employee_4718,56,HR,64214,2,Mumbai,770568,6421.400000000001,70635.4,Fresher
employee_4719,47,Finance,118184,5,Pune,1418208,11818.400000000001,130002.4,Junior
employee_4720,26,Data,82993,12,Pune,995916,8299.300000000001,91292.3,Senior
employee_4721,55,IT,50223,5,Delhi,602676,5022.3,55245.3,Junior
employee_4722,59,Data,46865,0,Delhi,562380,4686.5,51551.5,Fresher
employee_4723,58,QA,99108,12,Hyderabad,1189296,9910.800000000001,109018.8,Senior
employee_4724,55,Data,88649,8,Mumbai,1063788,8864.9,97513.9,Mid-level
employee_4725,56,HR,68026,7,Pune,816312,6802.6,74828.6,Mid-level
employee_4726,30,IT,114037,14,Chennai,1368444,11403.7,125440.7,Senior
employee_4727,50,Data,84207,14,Hyderabad,1010484,8420.7,92627.7,Senior
employee_4728,58,IT,51866,1,Bangalore,622392,5186.6,57052.6,Fresher
employee_4729,49,IT,37416,1,Mumbai,448992,3741.6000000000004,41157.6,Fresher
employee_4730,59,QA,50775,4,Hyderabad,609300,5077.5,55852.5,Junior
employee_4731,24,QA,54080,14,Delhi,648960,5408.0,59488.0,Senior
employee_4732,25,HR,95423,9,Hyderabad,1145076,9542.300000000001,104965.3,Mid-level
employee_4733,24,Finance,44374,1,Bangalore,532488,4437.400000000001,48811.4,Fresher
employee_4734,56,IT,83451,10,Delhi,1001412,8345.1,91796.1,Mid-level
employee_4735,36,Finance,77599,0,Chennai,931188,7759.900000000001,85358.9,Fresher
employee_4736,45,HR,107141,1,Pune,1285692,10714.1,117855.1,Fresher
employee_4737,34,IT,40684,4,Pune,488208,4068.4,44752.4,Junior
employee_4738,31,IT,49002,10,Bangalore,588024,4900.2,53902.2,Mid-level
employee_4739,49,Sales,116551,14,Bangalore,1398612,11655.1,128206.1,Senior
employee_4740,54,Finance,47972,9,Pune,575664,4797.2,52769.2,Mid-level
employee_4741,42,Data,91153,13,Chennai,1093836,9115.300000000001,100268.3,Senior
employee_4742,34,QA,71404,6,Chennai,856848,7140.400000000001,78544.4,Mid-level
employee_4743,44,Data,31309,4,Hyderabad,375708,3130.9,34439.9,Junior
employee_4744,59,Finance,109675,0,Bangalore,1316100,10967.5,120642.5,Fresher
employee_4745,46,QA,93326,15,Bangalore,1119912,9332.6,102658.6,Senior
employee_4746,56,Data,32826,6,Bangalore,393912,3282.6000000000004,36108.6,Mid-level
employee_4747,59,Sales,37134,5,Delhi,445608,3713.4,40847.4,Junior
employee_4748,36,QA,44693,6,Pune,536316,4469.3,49162.3,Mid-level
employee_4749,58,IT,29054,1,Pune,348648,2905.4,31959.4,Fresher
employee_4750,52,Data,41090,4,Pune,493080,4109.0,45199.0,Junior
employee_4751,26,QA,114344,13,Chennai,1372128,11434.400000000001,125778.4,Senior
employee_4752,54,Sales,40569,7,Pune,486828,4056.9,44625.9,Mid-level
employee_4753,28,QA,57227,12,Hyderabad,686724,5722.700000000001,62949.7,Senior
employee_4754,50,QA,31508,11,Delhi,378096,3150.8,34658.8,Senior
employee_4755,47,Sales,41608,6,Pune,499296,4160.8,45768.8,Mid-level
employee_4756,27,Data,114059,5,Delhi,1368708,11405.900000000001,125464.9,Junior
employee_4757,47,HR,100969,12,Delhi,1211628,10096.900000000001,111065.9,Senior
employee_4758,45,Data,49520,5,Chennai,594240,4952.0,54472.0,Junior
employee_4759,35,Finance,102424,11,Bangalore,1229088,10242.400000000001,112666.4,Senior
employee_4760,45,Sales,55932,0,Delhi,671184,5593.200000000001,61525.2,Fresher
employee_4761,42,Data,44734,15,Hyderabad,536808,4473.400000000001,49207.4,Senior
employee_4762,38,QA,94363,0,Chennai,1132356,9436.300000000001,103799.3,Fresher
employee_4763,32,Sales,75555,6,Mumbai,906660,7555.5,83110.5,Mid-level
employee_4764,43,IT,41257,2,Delhi,495084,4125.7,45382.7,Fresher
employee_4765,59,Data,57194,5,Delhi,686328,5719.400000000001,62913.4,Junior
employee_4766,45,Sales,41793,11,Bangalore,501516,4179.3,45972.3,Senior
employee_4767,30,Data,59684,15,Pune,716208,5968.400000000001,65652.4,Senior
employee_4768,50,Sales,118550,4,Chennai,1422600,11855.0,130405.0,Junior
employee_4769,30,QA,78219,2,Mumbai,938628,7821.900000000001,86040.9,Fresher
employee_4770,54,IT,27859,5,Chennai,334308,2785.9,30644.9,Junior
employee_4771,33,IT,64840,2,Pune,778080,6484.0,71324.0,Fresher
employee_4772,49,Finance,84327,7,Chennai,1011924,8432.7,92759.7,Mid-level
employee_4773,58,Sales,59819,13,Mumbai,717828,5981.900000000001,65800.9,Senior
employee_4774,29,Data,110621,14,Chennai,1327452,11062.1,121683.1,Senior
employee_4775,33,IT,98750,6,Hyderabad,1185000,9875.0,108625.0,Mid-level
employee_4776,57,IT,66704,8,Hyderabad,800448,6670.400000000001,73374.4,Mid-level
employee_4777,34,HR,91137,4,Pune,1093644,9113.7,100250.7,Junior
employee_4778,57,HR,85379,11,Mumbai,1024548,8537.9,93916.9,Senior
employee_4779,29,IT,49318,14,Mumbai,591816,4931.8,54249.8,Senior
employee_4780,28,Sales,105987,0,Mumbai,1271844,10598.7,116585.7,Fresher
employee_4781,59,Finance,88956,10,Mumbai,1067472,8895.6,97851.6,Mid-level
employee_4782,60,IT,30274,9,Mumbai,363288,3027.4,33301.4,Mid-level
employee_4783,23,QA,43226,14,Bangalore,518712,4322.6,47548.6,Senior
employee_4784,60,Data,68634,10,Chennai,823608,6863.400000000001,75497.4,Mid-level
employee_4785,53,Finance,89501,7,Delhi,1074012,8950.1,98451.1,Mid-level
employee_4786,52,QA,44046,1,Mumbai,528552,4404.6,48450.6,Fresher
employee_4787,27,Finance,99210,5,Delhi,1190520,9921.0,109131.0,Junior
employee_4788,39,QA,109559,0,Hyderabad,1314708,10955.900000000001,120514.9,Fresher
employee_4789,54,Data,46910,5,Delhi,562920,4691.0,51601.0,Junior
employee_4790,34,Data,36503,3,Delhi,438036,3650.3,40153.3,Junior
employee_4791,39,HR,73392,4,Chennai,880704,7339.200000000001,80731.2,Junior
employee_4792,46,Sales,86472,14,Delhi,1037664,8647.2,95119.2,Senior
employee_4793,37,QA,95904,9,Pune,1150848,9590.4,105494.4,Mid-level
employee_4794,48,HR,114063,6,Pune,1368756,11406.300000000001,125469.3,Mid-level
employee_4795,39,QA,70335,12,Mumbai,844020,7033.5,77368.5,Senior
employee_4796,47,HR,47487,5,Bangalore,569844,4748.7,52235.7,Junior
employee_4797,39,Data,61593,0,Bangalore,739116,6159.3,67752.3,Fresher
employee_4798,53,Finance,100927,8,Chennai,1211124,10092.7,111019.7,Mid-level
employee_4799,27,HR,34874,5,Bangalore,418488,3487.4,38361.4,Junior
employee_4800,49,QA,79822,5,Delhi,957864,7982.200000000001,87804.2,Junior
employee_4801,25,QA,78948,8,Pune,947376,7894.8,86842.8,Mid-level
employee_4802,50,Sales,28608,11,Mumbai,343296,2860.8,31468.8,Senior
employee_4803,28,Data,79501,9,Hyderabad,954012,7950.1,87451.1,Mid-level
employee_4804,32,QA,78912,4,Delhi,946944,7891.200000000001,86803.2,Junior
employee_4805,33,IT,52546,10,Pune,630552,5254.6,57800.6,Mid-level
employee_4806,46,Finance,93203,14,Pune,1118436,9320.300000000001,102523.3,Senior
employee_4807,38,HR,87496,5,Chennai,1049952,8749.6,96245.6,Junior
employee_4808,40,Sales,80186,5,Delhi,962232,8018.6,88204.6,Junior
employee_4809,36,Finance,67346,6,Bangalore,808152,6734.6,74080.6,Mid-level
employee_4810,57,Data,30230,8,Hyderabad,362760,3023.0,33253.0,Mid-level
employee_4811,23,Sales,50720,4,Hyderabad,608640,5072.0,55792.0,Junior
employee_4812,47,HR,68023,4,Bangalore,816276,6802.3,74825.3,Junior
employee_4813,35,HR,62602,3,Mumbai,751224,6260.200000000001,68862.2,Junior
employee_4814,54,IT,92082,9,Bangalore,1104984,9208.2,101290.2,Mid-level
employee_4815,42,Data,40050,3,Mumbai,480600,4005.0,44055.0,Junior
employee_4816,60,Sales,76315,15,Hyderabad,915780,7631.5,83946.5,Senior
employee_4817,43,Sales,77164,11,Delhi,925968,7716.400000000001,84880.4,Senior
employee_4818,24,QA,55134,7,Chennai,661608,5513.400000000001,60647.4,Mid-level
employee_4819,43,IT,40640,12,Pune,487680,4064.0,44704.0,Senior
employee_4820,29,IT,111364,1,Delhi,1336368,11136.400000000001,122500.4,Fresher
employee_4821,44,Sales,86671,9,Hyderabad,1040052,8667.1,95338.1,Mid-level
employee_4822,41,Sales,39284,7,Hyderabad,471408,3928.4,43212.4,Mid-level
employee_4823,36,Finance,85526,1,Hyderabad,1026312,8552.6,94078.6,Fresher
employee_4824,45,Finance,28423,14,Pune,341076,2842.3,31265.3,Senior
employee_4825,46,Finance,53577,0,Mumbai,642924,5357.700000000001,58934.7,Fresher
employee_4826,29,IT,83900,9,Chennai,1006800,8390.0,92290.0,Mid-level
employee_4827,35,QA,109606,12,Delhi,1315272,10960.6,120566.6,Senior
employee_4828,59,HR,92868,14,Delhi,1114416,9286.800000000001,102154.8,Senior
employee_4829,53,Finance,31066,8,Chennai,372792,3106.6000000000004,34172.6,Mid-level
employee_4830,21,QA,108576,10,Chennai,1302912,10857.6,119433.6,Mid-level
employee_4831,25,Data,82888,7,Mumbai,994656,8288.800000000001,91176.8,Mid-level
employee_4832,29,Finance,33583,5,Delhi,402996,3358.3,36941.3,Junior
employee_4833,26,HR,63057,3,Bangalore,756684,6305.700000000001,69362.7,Junior
employee_4834,48,Data,47604,1,Bangalore,571248,4760.400000000001,52364.4,Fresher
employee_4835,46,Data,51564,7,Chennai,618768,5156.400000000001,56720.4,Mid-level
employee_4836,48,HR,86429,2,Hyderabad,1037148,8642.9,95071.9,Fresher
employee_4837,60,Finance,113393,9,Hyderabad,1360716,11339.300000000001,124732.3,Mid-level
employee_4838,35,IT,53941,3,Pune,647292,5394.1,59335.1,Junior
employee_4839,26,HR,80511,4,Bangalore,966132,8051.1,88562.1,Junior
employee_4840,47,HR,62962,12,Hyderabad,755544,6296.200000000001,69258.2,Senior
employee_4841,58,HR,63573,3,Chennai,762876,6357.3,69930.3,Junior
employee_4842,24,Data,50692,10,Pune,608304,5069.200000000001,55761.2,Mid-level
employee_4843,31,QA,83420,7,Bangalore,1001040,8342.0,91762.0,Mid-level
employee_4844,41,IT,107415,8,Pune,1288980,10741.5,118156.5,Mid-level
employee_4845,50,Finance,60763,13,Hyderabad,729156,6076.3,66839.3,Senior
employee_4846,38,Finance,107013,13,Chennai,1284156,10701.300000000001,117714.3,Senior
employee_4847,55,QA,70680,15,Chennai,848160,7068.0,77748.0,Senior
employee_4848,23,HR,31393,13,Chennai,376716,3139.3,34532.3,Senior
employee_4849,32,IT,58488,0,Hyderabad,701856,5848.8,64336.8,Fresher
employee_4850,47,Finance,46459,1,Mumbai,557508,4645.900000000001,51104.9,Fresher
employee_4851,50,Sales,37554,15,Delhi,450648,3755.4,41309.4,Senior
employee_4852,41,Finance,62867,11,Delhi,754404,6286.700000000001,69153.7,Senior
employee_4853,58,HR,103104,3,Chennai,1237248,10310.400000000001,113414.4,Junior
employee_4854,41,Sales,70015,0,Delhi,840180,7001.5,77016.5,Fresher
employee_4855,58,QA,30057,10,Mumbai,360684,3005.7000000000003,33062.7,Mid-level
employee_4856,60,IT,108026,5,Chennai,1296312,10802.6,118828.6,Junior
employee_4857,35,QA,30305,15,Mumbai,363660,3030.5,33335.5,Senior
employee_4858,38,QA,86276,14,Bangalore,1035312,8627.6,94903.6,Senior
employee_4859,49,IT,57740,11,Delhi,692880,5774.0,63514.0,Senior
employee_4860,58,IT,49118,15,Bangalore,589416,4911.8,54029.8,Senior
employee_4861,41,Finance,31674,4,Chennai,380088,3167.4,34841.4,Junior
employee_4862,37,Finance,67331,12,Pune,807972,6733.1,74064.1,Senior
employee_4863,38,IT,115534,6,Pune,1386408,11553.400000000001,127087.4,Mid-level
employee_4864,57,Sales,40316,11,Hyderabad,483792,4031.6000000000004,44347.6,Senior
employee_4865,58,Data,41217,5,Bangalore,494604,4121.7,45338.7,Junior
employee_4866,32,Finance,92541,13,Bangalore,1110492,9254.1,101795.1,Senior
employee_4867,31,Data,39602,13,Pune,475224,3960.2000000000003,43562.2,Senior
employee_4868,40,Sales,112181,2,Chennai,1346172,11218.1,123399.1,Fresher
employee_4869,29,IT,38987,4,Hyderabad,467844,3898.7000000000003,42885.7,Junior
employee_4870,21,Sales,74915,2,Bangalore,898980,7491.5,82406.5,Fresher
employee_4871,23,Finance,38543,8,Hyderabad,462516,3854.3,42397.3,Mid-level
employee_4872,41,QA,52944,1,Bangalore,635328,5294.400000000001,58238.4,Fresher
employee_4873,43,IT,83241,5,Mumbai,998892,8324.1,91565.1,Junior
employee_4874,29,HR,34144,8,Mumbai,409728,3414.4,37558.4,Mid-level
employee_4875,39,Data,63459,9,Hyderabad,761508,6345.900000000001,69804.9,Mid-level
employee_4876,39,Sales,64827,6,Pune,777924,6482.700000000001,71309.7,Mid-level
employee_4877,43,IT,55741,4,Pune,668892,5574.1,61315.1,Junior
employee_4878,47,Sales,95015,1,Bangalore,1140180,9501.5,104516.5,Fresher
employee_4879,47,IT,94734,15,Delhi,1136808,9473.4,104207.4,Senior
employee_4880,59,Finance,99627,1,Mumbai,1195524,9962.7,109589.7,Fresher
employee_4881,56,Finance,94741,3,Mumbai,1136892,9474.1,104215.1,Junior
employee_4882,32,Finance,94177,9,Hyderabad,1130124,9417.7,103594.7,Mid-level
employee_4883,47,Sales,28543,11,Delhi,342516,2854.3,31397.3,Senior
employee_4884,54,HR,30591,1,Hyderabad,367092,3059.1000000000004,33650.1,Fresher
employee_4885,53,Finance,119877,11,Pune,1438524,11987.7,131864.7,Senior
employee_4886,48,IT,81395,12,Pune,976740,8139.5,89534.5,Senior
employee_4887,51,Finance,85434,12,Delhi,1025208,8543.4,93977.4,Senior
employee_4888,52,QA,54055,7,Delhi,648660,5405.5,59460.5,Mid-level
employee_4889,40,Finance,31116,9,Pune,373392,3111.6000000000004,34227.6,Mid-level
employee_4890,60,Sales,80485,6,Chennai,965820,8048.5,88533.5,Mid-level
employee_4891,55,HR,91297,6,Mumbai,1095564,9129.7,100426.7,Mid-level
employee_4892,51,QA,27407,2,Mumbai,328884,2740.7000000000003,30147.7,Fresher
employee_4893,51,Sales,56594,6,Hyderabad,679128,5659.400000000001,62253.4,Mid-level
employee_4894,58,Sales,91421,7,Mumbai,1097052,9142.1,100563.1,Mid-level
employee_4895,42,Sales,60411,4,Hyderabad,724932,6041.1,66452.1,Junior
employee_4896,29,IT,118355,0,Delhi,1420260,11835.5,130190.5,Fresher
employee_4897,29,Sales,101661,14,Delhi,1219932,10166.1,111827.1,Senior
employee_4898,35,IT,112030,0,Chennai,1344360,11203.0,123233.0,Fresher
employee_4899,33,Sales,80444,11,Delhi,965328,8044.400000000001,88488.4,Senior
employee_4900,42,Data,115121,10,Pune,1381452,11512.1,126633.1,Mid-level
employee_4901,36,QA,112581,15,Chennai,1350972,11258.1,123839.1,Senior
employee_4902,52,Data,112983,15,Pune,1355796,11298.300000000001,124281.3,Senior
employee_4903,22,Sales,51238,13,Pune,614856,5123.8,56361.8,Senior
employee_4904,46,QA,66703,3,Hyderabad,800436,6670.3,73373.3,Junior
employee_4905,34,QA,60196,1,Pune,722352,6019.6,66215.6,Fresher
employee_4906,58,HR,102221,6,Chennai,1226652,10222.1,112443.1,Mid-level
employee_4907,54,Data,37738,15,Bangalore,452856,3773.8,41511.8,Senior
employee_4908,28,HR,40772,12,Delhi,489264,4077.2000000000003,44849.2,Senior
employee_4909,56,QA,90270,2,Hyderabad,1083240,9027.0,99297.0,Fresher
employee_4910,41,IT,101169,11,Delhi,1214028,10116.900000000001,111285.9,Senior
employee_4911,48,QA,48492,3,Pune,581904,4849.2,53341.2,Junior
employee_4912,26,HR,79979,8,Pune,959748,7997.900000000001,87976.9,Mid-level
employee_4913,40,Data,75338,1,Mumbai,904056,7533.8,82871.8,Fresher
employee_4914,51,Sales,89551,11,Hyderabad,1074612,8955.1,98506.1,Senior
employee_4915,53,Sales,61855,7,Hyderabad,742260,6185.5,68040.5,Mid-level
employee_4916,27,Data,31228,0,Chennai,374736,3122.8,34350.8,Fresher
employee_4917,28,Sales,93367,2,Bangalore,1120404,9336.7,102703.7,Fresher
employee_4918,29,Sales,45045,3,Chennai,540540,4504.5,49549.5,Junior
employee_4919,22,HR,108668,13,Chennai,1304016,10866.800000000001,119534.8,Senior
employee_4920,37,Data,101591,5,Chennai,1219092,10159.1,111750.1,Junior
employee_4921,57,Finance,49318,0,Bangalore,591816,4931.8,54249.8,Fresher
employee_4922,37,IT,83458,13,Chennai,1001496,8345.800000000001,91803.8,Senior
employee_4923,58,IT,38795,7,Delhi,465540,3879.5,42674.5,Mid-level
employee_4924,55,Sales,110184,1,Hyderabad,1322208,11018.400000000001,121202.4,Fresher
employee_4925,59,IT,79524,15,Bangalore,954288,7952.400000000001,87476.4,Senior
employee_4926,50,Data,112694,4,Pune,1352328,11269.400000000001,123963.4,Junior
employee_4927,26,Data,46747,5,Mumbai,560964,4674.7,51421.7,Junior
employee_4928,24,QA,113770,7,Mumbai,1365240,11377.0,125147.0,Mid-level
employee_4929,57,QA,72373,2,Delhi,868476,7237.3,79610.3,Fresher
employee_4930,55,IT,56560,11,Hyderabad,678720,5656.0,62216.0,Senior
employee_4931,29,Finance,36282,15,Mumbai,435384,3628.2000000000003,39910.2,Senior
employee_4932,26,QA,58831,8,Delhi,705972,5883.1,64714.1,Mid-level
employee_4933,33,QA,88073,11,Delhi,1056876,8807.300000000001,96880.3,Senior
employee_4934,42,Data,48043,4,Mumbai,576516,4804.3,52847.3,Junior
employee_4935,48,Finance,90322,7,Mumbai,1083864,9032.2,99354.2,Mid-level
employee_4936,50,Sales,77900,3,Delhi,934800,7790.0,85690.0,Junior
employee_4937,56,IT,45929,11,Delhi,551148,4592.900000000001,50521.9,Senior
employee_4938,22,QA,60500,8,Pune,726000,6050.0,66550.0,Mid-level
employee_4939,56,Finance,26872,7,Mumbai,322464,2687.2000000000003,29559.2,Mid-level
employee_4940,28,Finance,62488,4,Chennai,749856,6248.8,68736.8,Junior
employee_4941,29,IT,92505,2,Delhi,1110060,9250.5,101755.5,Fresher
employee_4942,21,Finance,50460,0,Hyderabad,605520,5046.0,55506.0,Fresher
employee_4943,33,Finance,37155,14,Hyderabad,445860,3715.5,40870.5,Senior
employee_4944,35,Finance,36870,4,Delhi,442440,3687.0,40557.0,Junior
employee_4945,52,QA,118928,4,Hyderabad,1427136,11892.800000000001,130820.8,Junior
employee_4946,54,IT,28717,3,Pune,344604,2871.7000000000003,31588.7,Junior
employee_4947,51,Finance,26374,9,Pune,316488,2637.4,29011.4,Mid-level
employee_4948,34,Finance,46826,9,Delhi,561912,4682.6,51508.6,Mid-level
employee_4949,34,QA,99215,7,Mumbai,1190580,9921.5,109136.5,Mid-level
employee_4950,49,IT,38427,2,Chennai,461124,3842.7000000000003,42269.7,Fresher
employee_4951,39,Data,89442,11,Mumbai,1073304,8944.2,98386.2,Senior
employee_4952,47,QA,114100,9,Hyderabad,1369200,11410.0,125510.0,Mid-level
employee_4953,29,IT,59708,8,Chennai,716496,5970.8,65678.8,Mid-level
employee_4954,57,Finance,49271,15,Hyderabad,591252,4927.1,54198.1,Senior
employee_4955,57,IT,88572,2,Chennai,1062864,8857.2,97429.2,Fresher
employee_4956,48,IT,41631,3,Delhi,499572,4163.1,45794.1,Junior
employee_4957,44,Sales,44887,5,Bangalore,538644,4488.7,49375.7,Junior
employee_4958,48,IT,50259,8,Pune,603108,5025.900000000001,55284.9,Mid-level
employee_4959,56,Data,82987,9,Pune,995844,8298.7,91285.7,Mid-level
employee_4960,38,IT,74630,1,Delhi,895560,7463.0,82093.0,Fresher
employee_4961,45,Data,44144,1,Hyderabad,529728,4414.400000000001,48558.4,Fresher
employee_4962,55,Finance,103191,1,Hyderabad,1238292,10319.1,113510.1,Fresher
employee_4963,24,Data,74060,4,Bangalore,888720,7406.0,81466.0,Junior
employee_4964,34,Finance,80092,5,Mumbai,961104,8009.200000000001,88101.2,Junior
employee_4965,59,Finance,45836,2,Chennai,550032,4583.6,50419.6,Fresher
employee_4966,46,Data,91904,2,Delhi,1102848,9190.4,101094.4,Fresher
employee_4967,28,QA,69456,1,Bangalore,833472,6945.6,76401.6,Fresher
employee_4968,44,HR,61380,10,Delhi,736560,6138.0,67518.0,Mid-level
employee_4969,36,IT,102735,5,Bangalore,1232820,10273.5,113008.5,Junior
employee_4970,40,Sales,36569,0,Hyderabad,438828,3656.9,40225.9,Fresher
employee_4971,35,HR,56182,8,Hyderabad,674184,5618.200000000001,61800.2,Mid-level
employee_4972,27,IT,103651,14,Mumbai,1243812,10365.1,114016.1,Senior
employee_4973,37,IT,46649,10,Delhi,559788,4664.900000000001,51313.9,Mid-level
employee_4974,42,Finance,108731,9,Delhi,1304772,10873.1,119604.1,Mid-level
employee_4975,42,IT,52003,3,Mumbai,624036,5200.3,57203.3,Junior
employee_4976,32,Sales,41551,13,Hyderabad,498612,4155.1,45706.1,Senior
employee_4977,38,IT,48826,1,Pune,585912,4882.6,53708.6,Fresher
employee_4978,35,Data,49729,12,Mumbai,596748,4972.900000000001,54701.9,Senior
employee_4979,57,HR,76696,15,Bangalore,920352,7669.6,84365.6,Senior
employee_4980,36,Data,28868,11,Hyderabad,346416,2886.8,31754.8,Senior
employee_4981,25,Sales,66274,5,Delhi,795288,6627.400000000001,72901.4,Junior
employee_4982,22,IT,63718,4,Delhi,764616,6371.8,70089.8,Junior
employee_4983,48,Sales,57353,2,Chennai,688236,5735.3,63088.3,Fresher
employee_4984,47,Finance,66682,12,Chennai,800184,6668.200000000001,73350.2,Senior
employee_4985,51,Data,55653,2,Pune,667836,5565.3,61218.3,Fresher
employee_4986,56,Data,39141,4,Delhi,469692,3914.1000000000004,43055.1,Junior
employee_4987,21,QA,36537,3,Hyderabad,438444,3653.7000000000003,40190.7,Junior
employee_4988,49,IT,55401,4,Delhi,664812,5540.1,60941.1,Junior
employee_4989,21,Finance,52387,1,Delhi,628644,5238.700000000001,57625.7,Fresher
employee_4990,28,Data,106690,10,Bangalore,1280280,10669.0,117359.0,Mid-level
employee_4991,36,Data,31630,0,Pune,379560,3163.0,34793.0,Fresher
employee_4992,48,Finance,68461,4,Bangalore,821532,6846.1,75307.1,Junior
employee_4993,42,Sales,105314,10,Chennai,1263768,10531.400000000001,115845.4,Mid-level
employee_4994,38,Sales,69293,0,Bangalore,831516,6929.3,76222.3,Fresher
employee_4995,42,IT,48070,2,Chennai,576840,4807.0,52877.0,Fresher
employee_4996,32,QA,38416,7,Mumbai,460992,3841.6000000000004,42257.6,Mid-level
employee_4997,39,Data,115935,14,Chennai,1391220,11593.5,127528.5,Senior
employee_4998,45,QA,33629,10,Delhi,403548,3362.9,36991.9,Mid-level
employee_4999,25,Sales,88444,7,Chennai,1061328,8844.4,97288.4,Mid-level
employee_5000,54,Sales,33360,8,Delhi,400320,3336.0,36696.0,Mid-level
employee_5001,59,HR,37011,0,Pune,444132,3701.1000000000004,40712.1,Fresher
employee_5002,30,IT,65721,3,Delhi,788652,6572.1,72293.1,Junior
employee_5003,27,HR,61069,5,Delhi,732828,6106.900000000001,67175.9,Junior
employee_5004,57,HR,78270,6,Delhi,939240,7827.0,86097.0,Mid-level
employee_5005,35,HR,36227,4,Pune,434724,3622.7000000000003,39849.7,Junior
employee_5006,44,IT,64587,12,Hyderabad,775044,6458.700000000001,71045.7,Senior
employee_5007,46,IT,86720,6,Hyderabad,1040640,8672.0,95392.0,Mid-level
employee_5008,46,Finance,69550,10,Chennai,834600,6955.0,76505.0,Mid-level
employee_5009,46,QA,93305,14,Mumbai,1119660,9330.5,102635.5,Senior
employee_5010,30,QA,101028,9,Hyderabad,1212336,10102.800000000001,111130.8,Mid-level
employee_5011,37,Finance,78651,7,Chennai,943812,7865.1,86516.1,Mid-level
employee_5012,34,Finance,76332,9,Pune,915984,7633.200000000001,83965.2,Mid-level
employee_5013,22,Sales,93881,5,Hyderabad,1126572,9388.1,103269.1,Junior
employee_5014,33,HR,93201,10,Hyderabad,1118412,9320.1,102521.1,Mid-level
employee_5015,47,Finance,49807,3,Delhi,597684,4980.700000000001,54787.7,Junior
employee_5016,29,Data,68552,0,Delhi,822624,6855.200000000001,75407.2,Fresher
employee_5017,27,QA,102902,10,Chennai,1234824,10290.2,113192.2,Mid-level
employee_5018,30,Finance,99861,15,Delhi,1198332,9986.1,109847.1,Senior
employee_5019,29,Data,95976,4,Chennai,1151712,9597.6,105573.6,Junior
employee_5020,42,Data,118758,9,Bangalore,1425096,11875.800000000001,130633.8,Mid-level
employee_5021,43,Data,82300,15,Bangalore,987600,8230.0,90530.0,Senior
employee_5022,27,Sales,51951,9,Mumbai,623412,5195.1,57146.1,Mid-level
employee_5023,29,Sales,45264,9,Hyderabad,543168,4526.400000000001,49790.4,Mid-level
employee_5024,47,Data,44121,3,Bangalore,529452,4412.1,48533.1,Junior
employee_5025,44,Sales,109351,4,Chennai,1312212,10935.1,120286.1,Junior
employee_5026,49,HR,75539,3,Delhi,906468,7553.900000000001,83092.9,Junior
employee_5027,37,Data,55311,8,Delhi,663732,5531.1,60842.1,Mid-level
employee_5028,40,HR,67397,2,Hyderabad,808764,6739.700000000001,74136.7,Fresher
employee_5029,27,HR,44749,2,Bangalore,536988,4474.900000000001,49223.9,Fresher
employee_5030,60,Data,54218,14,Mumbai,650616,5421.8,59639.8,Senior
employee_5031,27,QA,106069,9,Mumbai,1272828,10606.900000000001,116675.9,Mid-level
employee_5032,48,Data,76591,6,Mumbai,919092,7659.1,84250.1,Mid-level
employee_5033,39,Data,69133,1,Mumbai,829596,6913.3,76046.3,Fresher
employee_5034,40,Sales,69867,8,Delhi,838404,6986.700000000001,76853.7,Mid-level
employee_5035,59,Data,26316,7,Delhi,315792,2631.6000000000004,28947.6,Mid-level
employee_5036,60,QA,62972,11,Delhi,755664,6297.200000000001,69269.2,Senior
employee_5037,27,Sales,111924,13,Chennai,1343088,11192.400000000001,123116.4,Senior
employee_5038,26,IT,104048,5,Mumbai,1248576,10404.800000000001,114452.8,Junior
employee_5039,45,IT,91220,13,Pune,1094640,9122.0,100342.0,Senior
employee_5040,33,HR,117700,12,Delhi,1412400,11770.0,129470.0,Senior
employee_5041,59,HR,102271,8,Mumbai,1227252,10227.1,112498.1,Mid-level
employee_5042,60,QA,67635,10,Bangalore,811620,6763.5,74398.5,Mid-level
employee_5043,42,Finance,76265,2,Hyderabad,915180,7626.5,83891.5,Fresher
employee_5044,37,IT,75109,3,Delhi,901308,7510.900000000001,82619.9,Junior
employee_5045,42,HR,73797,6,Delhi,885564,7379.700000000001,81176.7,Mid-level
employee_5046,54,IT,33079,0,Bangalore,396948,3307.9,36386.9,Fresher
employee_5047,28,QA,85887,12,Hyderabad,1030644,8588.7,94475.7,Senior
employee_5048,38,QA,47412,0,Chennai,568944,4741.2,52153.2,Fresher
employee_5049,44,Finance,60862,0,Delhi,730344,6086.200000000001,66948.2,Fresher
employee_5050,22,Finance,109727,11,Hyderabad,1316724,10972.7,120699.7,Senior
employee_5051,22,Sales,39821,7,Pune,477852,3982.1000000000004,43803.1,Mid-level
employee_5052,47,QA,98118,12,Delhi,1177416,9811.800000000001,107929.8,Senior
employee_5053,34,HR,99548,5,Mumbai,1194576,9954.800000000001,109502.8,Junior
employee_5054,59,IT,58655,2,Bangalore,703860,5865.5,64520.5,Fresher
employee_5055,32,Data,69688,15,Hyderabad,836256,6968.8,76656.8,Senior
employee_5056,52,Finance,79576,9,Bangalore,954912,7957.6,87533.6,Mid-level
employee_5057,48,Data,105066,6,Mumbai,1260792,10506.6,115572.6,Mid-level
employee_5058,48,HR,110913,5,Chennai,1330956,11091.300000000001,122004.3,Junior
employee_5059,45,Finance,77236,4,Mumbai,926832,7723.6,84959.6,Junior
employee_5060,24,Data,70221,2,Chennai,842652,7022.1,77243.1,Fresher
employee_5061,46,HR,112189,13,Bangalore,1346268,11218.900000000001,123407.9,Senior
employee_5062,56,IT,110916,15,Chennai,1330992,11091.6,122007.6,Senior
employee_5063,23,HR,91092,15,Delhi,1093104,9109.2,100201.2,Senior
employee_5064,21,Sales,79445,3,Chennai,953340,7944.5,87389.5,Junior
employee_5065,37,Finance,117326,14,Chennai,1407912,11732.6,129058.6,Senior
employee_5066,27,QA,33900,12,Delhi,406800,3390.0,37290.0,Senior
employee_5067,25,IT,58485,12,Chennai,701820,5848.5,64333.5,Senior
employee_5068,39,Data,38891,10,Delhi,466692,3889.1000000000004,42780.1,Mid-level
employee_5069,59,Finance,40014,10,Delhi,480168,4001.4,44015.4,Mid-level
employee_5070,54,QA,97083,0,Chennai,1164996,9708.300000000001,106791.3,Fresher
employee_5071,55,HR,62964,15,Delhi,755568,6296.400000000001,69260.4,Senior
employee_5072,36,QA,76171,8,Hyderabad,914052,7617.1,83788.1,Mid-level
employee_5073,60,Finance,69739,4,Chennai,836868,6973.900000000001,76712.9,Junior
employee_5074,59,Finance,110799,1,Chennai,1329588,11079.900000000001,121878.9,Fresher
employee_5075,47,Sales,109856,11,Mumbai,1318272,10985.6,120841.6,Senior
employee_5076,58,Sales,68374,10,Mumbai,820488,6837.400000000001,75211.4,Mid-level
employee_5077,45,QA,64459,8,Mumbai,773508,6445.900000000001,70904.9,Mid-level
employee_5078,46,HR,32045,11,Chennai,384540,3204.5,35249.5,Senior
employee_5079,34,QA,68255,6,Mumbai,819060,6825.5,75080.5,Mid-level
employee_5080,34,Finance,76965,13,Hyderabad,923580,7696.5,84661.5,Senior
employee_5081,34,Finance,26237,13,Bangalore,314844,2623.7000000000003,28860.7,Senior
employee_5082,45,Data,77195,7,Mumbai,926340,7719.5,84914.5,Mid-level
employee_5083,56,Sales,61326,12,Delhi,735912,6132.6,67458.6,Senior
employee_5084,24,Data,30293,2,Mumbai,363516,3029.3,33322.3,Fresher
employee_5085,35,IT,50274,15,Hyderabad,603288,5027.400000000001,55301.4,Senior
employee_5086,52,Finance,44237,13,Delhi,530844,4423.7,48660.7,Senior
employee_5087,38,Data,118920,6,Delhi,1427040,11892.0,130812.0,Mid-level
employee_5088,34,QA,103347,10,Delhi,1240164,10334.7,113681.7,Mid-level
employee_5089,21,Sales,43229,0,Delhi,518748,4322.900000000001,47551.9,Fresher
employee_5090,40,Sales,103847,5,Pune,1246164,10384.7,114231.7,Junior
employee_5091,30,HR,113576,9,Pune,1362912,11357.6,124933.6,Mid-level
employee_5092,30,QA,81718,5,Delhi,980616,8171.8,89889.8,Junior
employee_5093,44,HR,93718,10,Delhi,1124616,9371.800000000001,103089.8,Mid-level
employee_5094,54,Data,74615,9,Delhi,895380,7461.5,82076.5,Mid-level
employee_5095,48,IT,96296,11,Hyderabad,1155552,9629.6,105925.6,Senior
employee_5096,47,QA,97796,5,Mumbai,1173552,9779.6,107575.6,Junior
employee_5097,60,QA,26915,2,Bangalore,322980,2691.5,29606.5,Fresher
employee_5098,21,QA,99651,5,Delhi,1195812,9965.1,109616.1,Junior
employee_5099,53,HR,77774,13,Mumbai,933288,7777.400000000001,85551.4,Senior
employee_5100,24,Data,32076,2,Hyderabad,384912,3207.6000000000004,35283.6,Fresher
employee_5101,27,QA,105350,9,Hyderabad,1264200,10535.0,115885.0,Mid-level
employee_5102,29,QA,58083,8,Delhi,696996,5808.3,63891.3,Mid-level
employee_5103,36,Sales,78918,6,Chennai,947016,7891.8,86809.8,Mid-level
employee_5104,25,IT,29793,13,Hyderabad,357516,2979.3,32772.3,Senior
employee_5105,54,Sales,75528,12,Chennai,906336,7552.8,83080.8,Senior
employee_5106,43,Sales,91798,3,Hyderabad,1101576,9179.800000000001,100977.8,Junior
employee_5107,45,IT,34319,2,Chennai,411828,3431.9,37750.9,Fresher
employee_5108,33,Data,38194,5,Chennai,458328,3819.4,42013.4,Junior
employee_5109,44,Sales,44309,14,Delhi,531708,4430.900000000001,48739.9,Senior
employee_5110,31,Data,83396,8,Delhi,1000752,8339.6,91735.6,Mid-level
employee_5111,37,Sales,119296,2,Mumbai,1431552,11929.6,131225.6,Fresher
employee_5112,57,Finance,51998,7,Chennai,623976,5199.8,57197.8,Mid-level
employee_5113,33,IT,28468,5,Pune,341616,2846.8,31314.8,Junior
employee_5114,47,Sales,37651,3,Hyderabad,451812,3765.1000000000004,41416.1,Junior
employee_5115,40,Finance,45405,4,Delhi,544860,4540.5,49945.5,Junior
employee_5116,53,HR,39482,2,Bangalore,473784,3948.2000000000003,43430.2,Fresher
employee_5117,52,Finance,29409,13,Hyderabad,352908,2940.9,32349.9,Senior
employee_5118,28,QA,91083,1,Mumbai,1092996,9108.300000000001,100191.3,Fresher
employee_5119,49,Sales,110443,8,Mumbai,1325316,11044.300000000001,121487.3,Mid-level
employee_5120,60,Finance,48426,12,Chennai,581112,4842.6,53268.6,Senior
employee_5121,39,Data,79757,2,Mumbai,957084,7975.700000000001,87732.7,Fresher
employee_5122,26,HR,39436,5,Delhi,473232,3943.6000000000004,43379.6,Junior
employee_5123,59,Sales,41490,4,Mumbai,497880,4149.0,45639.0,Junior
employee_5124,41,QA,77136,9,Hyderabad,925632,7713.6,84849.6,Mid-level
employee_5125,42,Finance,53962,10,Pune,647544,5396.200000000001,59358.2,Mid-level
employee_5126,30,HR,54288,7,Pune,651456,5428.8,59716.8,Mid-level
employee_5127,30,Sales,47236,4,Chennai,566832,4723.6,51959.6,Junior
employee_5128,49,HR,39923,10,Mumbai,479076,3992.3,43915.3,Mid-level
employee_5129,36,QA,91786,7,Mumbai,1101432,9178.6,100964.6,Mid-level
employee_5130,21,Finance,80891,10,Pune,970692,8089.1,88980.1,Mid-level
employee_5131,37,HR,38264,4,Chennai,459168,3826.4,42090.4,Junior
employee_5132,50,HR,92147,10,Mumbai,1105764,9214.7,101361.7,Mid-level
employee_5133,46,IT,32928,9,Chennai,395136,3292.8,36220.8,Mid-level
employee_5134,39,HR,59558,12,Delhi,714696,5955.8,65513.8,Senior
employee_5135,41,IT,81369,5,Hyderabad,976428,8136.900000000001,89505.9,Junior
employee_5136,37,Finance,91403,14,Delhi,1096836,9140.300000000001,100543.3,Senior
employee_5137,60,Sales,70213,4,Mumbai,842556,7021.3,77234.3,Junior
employee_5138,41,Sales,28816,1,Mumbai,345792,2881.6000000000004,31697.6,Fresher
employee_5139,60,Finance,60916,9,Mumbai,730992,6091.6,67007.6,Mid-level
employee_5140,39,Finance,72838,9,Pune,874056,7283.8,80121.8,Mid-level
employee_5141,27,Data,36573,15,Pune,438876,3657.3,40230.3,Senior
employee_5142,37,Finance,68334,5,Mumbai,820008,6833.400000000001,75167.4,Junior
employee_5143,21,HR,109475,13,Mumbai,1313700,10947.5,120422.5,Senior
employee_5144,57,Sales,90364,6,Hyderabad,1084368,9036.4,99400.4,Mid-level
employee_5145,26,QA,38157,14,Hyderabad,457884,3815.7000000000003,41972.7,Senior
employee_5146,46,Sales,34322,2,Chennai,411864,3432.2000000000003,37754.2,Fresher
employee_5147,22,IT,27482,2,Chennai,329784,2748.2000000000003,30230.2,Fresher
employee_5148,52,Sales,60867,11,Pune,730404,6086.700000000001,66953.7,Senior
employee_5149,25,Data,104211,6,Bangalore,1250532,10421.1,114632.1,Mid-level
employee_5150,57,Finance,102271,14,Hyderabad,1227252,10227.1,112498.1,Senior
employee_5151,51,Finance,104386,10,Chennai,1252632,10438.6,114824.6,Mid-level
employee_5152,32,Sales,31732,9,Hyderabad,380784,3173.2000000000003,34905.2,Mid-level
employee_5153,55,QA,65753,3,Hyderabad,789036,6575.3,72328.3,Junior
employee_5154,50,QA,59422,14,Delhi,713064,5942.200000000001,65364.2,Senior
employee_5155,26,Data,101964,1,Bangalore,1223568,10196.400000000001,112160.4,Fresher
employee_5156,35,IT,81284,8,Hyderabad,975408,8128.400000000001,89412.4,Mid-level
employee_5157,35,Sales,36311,15,Delhi,435732,3631.1000000000004,39942.1,Senior
employee_5158,36,Finance,94269,14,Bangalore,1131228,9426.9,103695.9,Senior
employee_5159,40,Sales,64579,13,Delhi,774948,6457.900000000001,71036.9,Senior
employee_5160,33,Data,98878,12,Delhi,1186536,9887.800000000001,108765.8,Senior
employee_5161,51,HR,101000,8,Bangalore,1212000,10100.0,111100.0,Mid-level
employee_5162,54,HR,73514,5,Hyderabad,882168,7351.400000000001,80865.4,Junior
employee_5163,49,Data,70311,13,Hyderabad,843732,7031.1,77342.1,Senior
employee_5164,23,Finance,35300,15,Chennai,423600,3530.0,38830.0,Senior
employee_5165,29,Data,90375,1,Hyderabad,1084500,9037.5,99412.5,Fresher
employee_5166,31,Finance,59563,2,Hyderabad,714756,5956.3,65519.3,Fresher
employee_5167,31,QA,73960,4,Hyderabad,887520,7396.0,81356.0,Junior
employee_5168,45,Data,104244,10,Chennai,1250928,10424.400000000001,114668.4,Mid-level
employee_5169,42,Finance,53090,10,Bangalore,637080,5309.0,58399.0,Mid-level
employee_5170,29,Data,41328,14,Chennai,495936,4132.8,45460.8,Senior
employee_5171,40,Data,51654,4,Hyderabad,619848,5165.400000000001,56819.4,Junior
employee_5172,41,Finance,31214,12,Mumbai,374568,3121.4,34335.4,Senior
employee_5173,30,Finance,82740,8,Hyderabad,992880,8274.0,91014.0,Mid-level
employee_5174,42,IT,89949,9,Chennai,1079388,8994.9,98943.9,Mid-level
employee_5175,49,Data,63913,2,Delhi,766956,6391.3,70304.3,Fresher
employee_5176,29,HR,52552,15,Delhi,630624,5255.200000000001,57807.2,Senior
employee_5177,25,Data,60377,1,Chennai,724524,6037.700000000001,66414.7,Fresher
employee_5178,60,Data,50734,9,Pune,608808,5073.400000000001,55807.4,Mid-level
employee_5179,31,Finance,115257,7,Delhi,1383084,11525.7,126782.7,Mid-level
employee_5180,21,Data,43610,6,Mumbai,523320,4361.0,47971.0,Mid-level
employee_5181,21,Sales,82607,11,Chennai,991284,8260.7,90867.7,Senior
employee_5182,59,Data,104158,8,Delhi,1249896,10415.800000000001,114573.8,Mid-level
employee_5183,25,Sales,53875,2,Delhi,646500,5387.5,59262.5,Fresher
employee_5184,42,HR,80082,5,Bangalore,960984,8008.200000000001,88090.2,Junior
employee_5185,46,Finance,48226,4,Hyderabad,578712,4822.6,53048.6,Junior
employee_5186,26,Data,52677,4,Delhi,632124,5267.700000000001,57944.7,Junior
employee_5187,52,Sales,35298,9,Delhi,423576,3529.8,38827.8,Mid-level
employee_5188,31,Sales,60848,7,Bangalore,730176,6084.8,66932.8,Mid-level
employee_5189,30,Sales,88654,0,Chennai,1063848,8865.4,97519.4,Fresher
employee_5190,59,QA,42744,0,Chennai,512928,4274.400000000001,47018.4,Fresher
employee_5191,54,IT,48434,2,Bangalore,581208,4843.400000000001,53277.4,Fresher
employee_5192,51,HR,73001,10,Bangalore,876012,7300.1,80301.1,Mid-level
employee_5193,32,Data,92262,1,Pune,1107144,9226.2,101488.2,Fresher
employee_5194,36,QA,84633,1,Hyderabad,1015596,8463.300000000001,93096.3,Fresher
employee_5195,58,Data,73917,1,Bangalore,887004,7391.700000000001,81308.7,Fresher
employee_5196,23,Data,104804,3,Hyderabad,1257648,10480.400000000001,115284.4,Junior
employee_5197,22,Finance,71745,0,Delhi,860940,7174.5,78919.5,Fresher
employee_5198,25,Finance,25907,9,Mumbai,310884,2590.7000000000003,28497.7,Mid-level
employee_5199,31,Finance,116295,14,Chennai,1395540,11629.5,127924.5,Senior
employee_5200,45,QA,83602,8,Bangalore,1003224,8360.2,91962.2,Mid-level
employee_5201,55,Data,38764,13,Mumbai,465168,3876.4,42640.4,Senior
employee_5202,55,IT,49409,4,Chennai,592908,4940.900000000001,54349.9,Junior
employee_5203,42,HR,33390,4,Pune,400680,3339.0,36729.0,Junior
employee_5204,57,Finance,55172,8,Chennai,662064,5517.200000000001,60689.2,Mid-level
employee_5205,42,Finance,65542,13,Bangalore,786504,6554.200000000001,72096.2,Senior
employee_5206,31,Data,72324,4,Mumbai,867888,7232.400000000001,79556.4,Junior
employee_5207,52,Data,73196,12,Mumbai,878352,7319.6,80515.6,Senior
employee_5208,55,QA,93901,12,Mumbai,1126812,9390.1,103291.1,Senior
employee_5209,51,QA,50836,10,Chennai,610032,5083.6,55919.6,Mid-level
employee_5210,28,Finance,119090,13,Hyderabad,1429080,11909.0,130999.0,Senior
employee_5211,40,Data,46663,7,Hyderabad,559956,4666.3,51329.3,Mid-level
employee_5212,54,IT,30951,10,Chennai,371412,3095.1000000000004,34046.1,Mid-level
employee_5213,24,HR,40175,0,Bangalore,482100,4017.5,44192.5,Fresher
employee_5214,38,Data,36027,0,Chennai,432324,3602.7000000000003,39629.7,Fresher
employee_5215,24,Data,100630,3,Hyderabad,1207560,10063.0,110693.0,Junior
employee_5216,40,Sales,113617,7,Chennai,1363404,11361.7,124978.7,Mid-level
employee_5217,29,QA,37167,2,Mumbai,446004,3716.7000000000003,40883.7,Fresher
employee_5218,36,HR,99305,0,Bangalore,1191660,9930.5,109235.5,Fresher
employee_5219,46,Finance,48060,15,Bangalore,576720,4806.0,52866.0,Senior
employee_5220,58,Data,91556,10,Pune,1098672,9155.6,100711.6,Mid-level
employee_5221,45,Finance,102381,11,Chennai,1228572,10238.1,112619.1,Senior
employee_5222,24,Data,35485,8,Delhi,425820,3548.5,39033.5,Mid-level
employee_5223,58,Finance,98450,8,Delhi,1181400,9845.0,108295.0,Mid-level
employee_5224,39,HR,33802,8,Delhi,405624,3380.2000000000003,37182.2,Mid-level
employee_5225,34,QA,58314,8,Mumbai,699768,5831.400000000001,64145.4,Mid-level
employee_5226,41,HR,73298,1,Delhi,879576,7329.8,80627.8,Fresher
employee_5227,35,Sales,44565,13,Chennai,534780,4456.5,49021.5,Senior
employee_5228,23,IT,118153,13,Pune,1417836,11815.300000000001,129968.3,Senior
employee_5229,57,QA,116145,10,Pune,1393740,11614.5,127759.5,Mid-level
employee_5230,36,HR,69233,10,Chennai,830796,6923.3,76156.3,Mid-level
employee_5231,34,Sales,110907,15,Delhi,1330884,11090.7,121997.7,Senior
employee_5232,29,IT,73384,15,Chennai,880608,7338.400000000001,80722.4,Senior
employee_5233,27,Sales,77485,10,Chennai,929820,7748.5,85233.5,Mid-level
employee_5234,34,Data,109660,3,Hyderabad,1315920,10966.0,120626.0,Junior
employee_5235,26,Data,103253,14,Pune,1239036,10325.300000000001,113578.3,Senior
employee_5236,41,Finance,87970,1,Bangalore,1055640,8797.0,96767.0,Fresher
employee_5237,35,QA,62669,6,Delhi,752028,6266.900000000001,68935.9,Mid-level
employee_5238,28,Data,51272,10,Delhi,615264,5127.200000000001,56399.2,Mid-level
employee_5239,54,Sales,36842,15,Hyderabad,442104,3684.2000000000003,40526.2,Senior
employee_5240,60,QA,89099,15,Mumbai,1069188,8909.9,98008.9,Senior
employee_5241,21,Data,27082,2,Bangalore,324984,2708.2000000000003,29790.2,Fresher
employee_5242,52,Finance,78804,8,Bangalore,945648,7880.400000000001,86684.4,Mid-level
employee_5243,25,HR,51261,15,Bangalore,615132,5126.1,56387.1,Senior
employee_5244,50,Finance,111506,6,Pune,1338072,11150.6,122656.6,Mid-level
employee_5245,42,IT,34795,7,Mumbai,417540,3479.5,38274.5,Mid-level
employee_5246,40,Data,70309,8,Hyderabad,843708,7030.900000000001,77339.9,Mid-level
employee_5247,36,IT,86456,7,Mumbai,1037472,8645.6,95101.6,Mid-level
employee_5248,27,IT,45180,6,Delhi,542160,4518.0,49698.0,Mid-level
employee_5249,27,Sales,88288,14,Hyderabad,1059456,8828.800000000001,97116.8,Senior
employee_5250,22,QA,71335,8,Pune,856020,7133.5,78468.5,Mid-level
employee_5251,34,Sales,117887,10,Delhi,1414644,11788.7,129675.7,Mid-level
employee_5252,51,Data,58268,0,Mumbai,699216,5826.8,64094.8,Fresher
employee_5253,34,IT,91551,10,Bangalore,1098612,9155.1,100706.1,Mid-level
employee_5254,25,HR,49489,14,Mumbai,593868,4948.900000000001,54437.9,Senior
employee_5255,31,IT,84398,3,Delhi,1012776,8439.800000000001,92837.8,Junior
employee_5256,60,HR,79470,3,Pune,953640,7947.0,87417.0,Junior
employee_5257,25,Sales,102402,4,Pune,1228824,10240.2,112642.2,Junior
employee_5258,49,Sales,105808,7,Pune,1269696,10580.800000000001,116388.8,Mid-level
employee_5259,31,QA,57161,9,Hyderabad,685932,5716.1,62877.1,Mid-level
employee_5260,25,IT,92635,0,Mumbai,1111620,9263.5,101898.5,Fresher
employee_5261,52,Finance,96922,5,Bangalore,1163064,9692.2,106614.2,Junior
employee_5262,56,Sales,95874,8,Bangalore,1150488,9587.4,105461.4,Mid-level
employee_5263,35,Sales,85361,9,Chennai,1024332,8536.1,93897.1,Mid-level
employee_5264,39,QA,98836,7,Pune,1186032,9883.6,108719.6,Mid-level
employee_5265,42,HR,85766,15,Delhi,1029192,8576.6,94342.6,Senior
employee_5266,54,QA,46400,14,Bangalore,556800,4640.0,51040.0,Senior
employee_5267,37,IT,49641,1,Pune,595692,4964.1,54605.1,Fresher
employee_5268,32,Data,77233,6,Bangalore,926796,7723.3,84956.3,Mid-level
employee_5269,45,Data,94833,4,Mumbai,1137996,9483.300000000001,104316.3,Junior
employee_5270,37,HR,44332,1,Chennai,531984,4433.2,48765.2,Fresher
employee_5271,30,Sales,40201,10,Pune,482412,4020.1000000000004,44221.1,Mid-level
employee_5272,48,HR,70382,0,Hyderabad,844584,7038.200000000001,77420.2,Fresher
employee_5273,38,Sales,71129,1,Hyderabad,853548,7112.900000000001,78241.9,Fresher
employee_5274,38,Sales,58808,10,Bangalore,705696,5880.8,64688.8,Mid-level
employee_5275,52,Data,103346,9,Mumbai,1240152,10334.6,113680.6,Mid-level
employee_5276,34,HR,98524,5,Delhi,1182288,9852.400000000001,108376.4,Junior
employee_5277,36,QA,81625,10,Pune,979500,8162.5,89787.5,Mid-level
employee_5278,38,Sales,65327,11,Chennai,783924,6532.700000000001,71859.7,Senior
employee_5279,36,Finance,44579,7,Mumbai,534948,4457.900000000001,49036.9,Mid-level
employee_5280,37,Finance,46483,2,Bangalore,557796,4648.3,51131.3,Fresher
employee_5281,27,QA,25503,4,Mumbai,306036,2550.3,28053.3,Junior
employee_5282,32,Finance,95880,14,Chennai,1150560,9588.0,105468.0,Senior
employee_5283,54,IT,33947,10,Mumbai,407364,3394.7000000000003,37341.7,Mid-level
employee_5284,30,Sales,34533,1,Pune,414396,3453.3,37986.3,Fresher
employee_5285,25,QA,72576,11,Bangalore,870912,7257.6,79833.6,Senior
employee_5286,41,HR,65916,15,Chennai,790992,6591.6,72507.6,Senior
employee_5287,23,Sales,71923,7,Bangalore,863076,7192.3,79115.3,Mid-level
employee_5288,39,QA,80162,3,Delhi,961944,8016.200000000001,88178.2,Junior
employee_5289,55,Data,105729,10,Pune,1268748,10572.900000000001,116301.9,Mid-level
employee_5290,26,HR,91917,9,Chennai,1103004,9191.7,101108.7,Mid-level
employee_5291,34,Data,32012,15,Delhi,384144,3201.2000000000003,35213.2,Senior
employee_5292,24,Sales,40213,11,Delhi,482556,4021.3,44234.3,Senior
employee_5293,38,HR,52563,5,Delhi,630756,5256.3,57819.3,Junior
employee_5294,49,Finance,40212,2,Chennai,482544,4021.2000000000003,44233.2,Fresher
employee_5295,55,QA,85188,10,Bangalore,1022256,8518.800000000001,93706.8,Mid-level
employee_5296,58,Sales,71576,14,Mumbai,858912,7157.6,78733.6,Senior
employee_5297,36,IT,35711,7,Mumbai,428532,3571.1000000000004,39282.1,Mid-level
employee_5298,40,HR,34515,15,Delhi,414180,3451.5,37966.5,Senior
employee_5299,44,HR,45193,7,Hyderabad,542316,4519.3,49712.3,Mid-level
employee_5300,55,Sales,92667,2,Hyderabad,1112004,9266.7,101933.7,Fresher
employee_5301,39,Sales,27424,11,Chennai,329088,2742.4,30166.4,Senior
employee_5302,24,Data,69344,8,Bangalore,832128,6934.400000000001,76278.4,Mid-level
employee_5303,53,Finance,88092,9,Chennai,1057104,8809.2,96901.2,Mid-level
employee_5304,22,Data,112359,12,Bangalore,1348308,11235.900000000001,123594.9,Senior
employee_5305,33,Data,84595,4,Pune,1015140,8459.5,93054.5,Junior
employee_5306,50,Finance,79626,15,Hyderabad,955512,7962.6,87588.6,Senior
employee_5307,54,IT,34200,9,Chennai,410400,3420.0,37620.0,Mid-level
employee_5308,50,Data,75469,8,Pune,905628,7546.900000000001,83015.9,Mid-level
employee_5309,44,Data,48031,6,Mumbai,576372,4803.1,52834.1,Mid-level
employee_5310,53,HR,28216,14,Hyderabad,338592,2821.6000000000004,31037.6,Senior
employee_5311,30,Finance,70594,14,Bangalore,847128,7059.400000000001,77653.4,Senior
employee_5312,38,QA,25016,14,Delhi,300192,2501.6000000000004,27517.6,Senior
employee_5313,39,IT,51378,9,Mumbai,616536,5137.8,56515.8,Mid-level
employee_5314,27,IT,56734,2,Mumbai,680808,5673.400000000001,62407.4,Fresher
employee_5315,39,Finance,103886,5,Pune,1246632,10388.6,114274.6,Junior
employee_5316,44,Sales,39450,9,Chennai,473400,3945.0,43395.0,Mid-level
employee_5317,35,Sales,26473,1,Delhi,317676,2647.3,29120.3,Fresher
employee_5318,43,HR,50525,5,Chennai,606300,5052.5,55577.5,Junior
employee_5319,24,HR,53572,11,Pune,642864,5357.200000000001,58929.2,Senior
employee_5320,58,Finance,67028,4,Mumbai,804336,6702.8,73730.8,Junior
employee_5321,24,HR,62079,15,Hyderabad,744948,6207.900000000001,68286.9,Senior
employee_5322,25,IT,83967,12,Mumbai,1007604,8396.7,92363.7,Senior
employee_5323,43,IT,77047,15,Pune,924564,7704.700000000001,84751.7,Senior
employee_5324,60,QA,55110,2,Mumbai,661320,5511.0,60621.0,Fresher
employee_5325,57,Sales,117424,13,Delhi,1409088,11742.400000000001,129166.4,Senior
employee_5326,31,Finance,26946,14,Mumbai,323352,2694.6000000000004,29640.6,Senior
employee_5327,31,Data,46943,6,Mumbai,563316,4694.3,51637.3,Mid-level
employee_5328,33,Sales,40740,10,Mumbai,488880,4074.0,44814.0,Mid-level
employee_5329,34,Data,116981,3,Hyderabad,1403772,11698.1,128679.1,Junior
employee_5330,28,QA,99712,10,Bangalore,1196544,9971.2,109683.2,Mid-level
employee_5331,45,QA,69651,13,Bangalore,835812,6965.1,76616.1,Senior
employee_5332,38,HR,62269,5,Chennai,747228,6226.900000000001,68495.9,Junior
employee_5333,38,QA,102154,8,Bangalore,1225848,10215.400000000001,112369.4,Mid-level
employee_5334,30,QA,115272,11,Bangalore,1383264,11527.2,126799.2,Senior
employee_5335,27,Data,63682,13,Bangalore,764184,6368.200000000001,70050.2,Senior
employee_5336,34,HR,49601,5,Mumbai,595212,4960.1,54561.1,Junior
employee_5337,35,QA,57850,3,Mumbai,694200,5785.0,63635.0,Junior
employee_5338,36,Sales,66132,14,Delhi,793584,6613.200000000001,72745.2,Senior
employee_5339,22,QA,75150,9,Hyderabad,901800,7515.0,82665.0,Mid-level
employee_5340,50,HR,30804,14,Mumbai,369648,3080.4,33884.4,Senior
employee_5341,50,Finance,110061,1,Mumbai,1320732,11006.1,121067.1,Fresher
employee_5342,38,HR,77034,8,Bangalore,924408,7703.400000000001,84737.4,Mid-level
employee_5343,51,Data,70061,14,Hyderabad,840732,7006.1,77067.1,Senior
employee_5344,33,Finance,52419,13,Hyderabad,629028,5241.900000000001,57660.9,Senior
employee_5345,40,Sales,48746,3,Bangalore,584952,4874.6,53620.6,Junior
employee_5346,55,IT,103348,3,Bangalore,1240176,10334.800000000001,113682.8,Junior
employee_5347,43,HR,117222,15,Hyderabad,1406664,11722.2,128944.2,Senior
employee_5348,53,Data,92581,1,Pune,1110972,9258.1,101839.1,Fresher
employee_5349,58,Sales,50336,14,Bangalore,604032,5033.6,55369.6,Senior
employee_5350,55,Finance,70952,4,Bangalore,851424,7095.200000000001,78047.2,Junior
employee_5351,56,Sales,72143,12,Hyderabad,865716,7214.3,79357.3,Senior
employee_5352,40,HR,112204,5,Pune,1346448,11220.400000000001,123424.4,Junior
employee_5353,23,QA,84379,9,Delhi,1012548,8437.9,92816.9,Mid-level
employee_5354,28,HR,59320,5,Pune,711840,5932.0,65252.0,Junior
employee_5355,60,IT,61516,2,Chennai,738192,6151.6,67667.6,Fresher
employee_5356,52,HR,84789,11,Pune,1017468,8478.9,93267.9,Senior
employee_5357,49,Finance,96114,14,Bangalore,1153368,9611.4,105725.4,Senior
employee_5358,27,Finance,86240,14,Mumbai,1034880,8624.0,94864.0,Senior
employee_5359,22,HR,66798,13,Hyderabad,801576,6679.8,73477.8,Senior
employee_5360,41,Finance,111615,8,Delhi,1339380,11161.5,122776.5,Mid-level
employee_5361,26,QA,80920,6,Bangalore,971040,8092.0,89012.0,Mid-level
employee_5362,48,Sales,91473,12,Delhi,1097676,9147.300000000001,100620.3,Senior
employee_5363,56,HR,90326,13,Hyderabad,1083912,9032.6,99358.6,Senior
employee_5364,52,QA,98131,2,Delhi,1177572,9813.1,107944.1,Fresher
employee_5365,29,Sales,25424,3,Pune,305088,2542.4,27966.4,Junior
employee_5366,31,Sales,88874,15,Hyderabad,1066488,8887.4,97761.4,Senior
employee_5367,43,QA,28051,6,Bangalore,336612,2805.1000000000004,30856.1,Mid-level
employee_5368,31,Data,84481,15,Mumbai,1013772,8448.1,92929.1,Senior
employee_5369,22,HR,88872,10,Bangalore,1066464,8887.2,97759.2,Mid-level
employee_5370,23,Sales,102774,7,Chennai,1233288,10277.400000000001,113051.4,Mid-level
employee_5371,31,Sales,52786,5,Hyderabad,633432,5278.6,58064.6,Junior
employee_5372,55,Finance,93230,3,Bangalore,1118760,9323.0,102553.0,Junior
employee_5373,35,Sales,94131,11,Pune,1129572,9413.1,103544.1,Senior
employee_5374,31,QA,26267,1,Pune,315204,2626.7000000000003,28893.7,Fresher
employee_5375,51,Sales,90957,9,Delhi,1091484,9095.7,100052.7,Mid-level
employee_5376,48,Data,87645,7,Bangalore,1051740,8764.5,96409.5,Mid-level
employee_5377,48,HR,44650,0,Delhi,535800,4465.0,49115.0,Fresher
employee_5378,52,HR,32017,8,Chennai,384204,3201.7000000000003,35218.7,Mid-level
employee_5379,45,Sales,34849,14,Hyderabad,418188,3484.9,38333.9,Senior
employee_5380,40,IT,114049,7,Chennai,1368588,11404.900000000001,125453.9,Mid-level
employee_5381,48,IT,87453,2,Mumbai,1049436,8745.300000000001,96198.3,Fresher
employee_5382,45,QA,74117,9,Delhi,889404,7411.700000000001,81528.7,Mid-level
employee_5383,31,IT,82247,3,Bangalore,986964,8224.7,90471.7,Junior
employee_5384,39,QA,69899,9,Delhi,838788,6989.900000000001,76888.9,Mid-level
employee_5385,48,Finance,66644,15,Chennai,799728,6664.400000000001,73308.4,Senior
employee_5386,21,QA,92762,3,Mumbai,1113144,9276.2,102038.2,Junior
employee_5387,25,IT,29388,1,Chennai,352656,2938.8,32326.8,Fresher
employee_5388,30,Sales,92958,11,Mumbai,1115496,9295.800000000001,102253.8,Senior
employee_5389,54,Finance,64994,15,Pune,779928,6499.400000000001,71493.4,Senior
employee_5390,56,IT,99805,10,Pune,1197660,9980.5,109785.5,Mid-level
employee_5391,22,QA,102713,9,Bangalore,1232556,10271.300000000001,112984.3,Mid-level
employee_5392,38,Data,102568,4,Chennai,1230816,10256.800000000001,112824.8,Junior
employee_5393,33,HR,97852,12,Pune,1174224,9785.2,107637.2,Senior
employee_5394,25,IT,27843,11,Delhi,334116,2784.3,30627.3,Senior
employee_5395,40,QA,53015,2,Hyderabad,636180,5301.5,58316.5,Fresher
employee_5396,22,Finance,94647,11,Delhi,1135764,9464.7,104111.7,Senior
employee_5397,31,IT,70231,10,Pune,842772,7023.1,77254.1,Mid-level
employee_5398,50,IT,112579,15,Pune,1350948,11257.900000000001,123836.9,Senior
employee_5399,52,HR,71546,0,Chennai,858552,7154.6,78700.6,Fresher
employee_5400,52,QA,76055,1,Mumbai,912660,7605.5,83660.5,Fresher
employee_5401,58,Data,118406,10,Hyderabad,1420872,11840.6,130246.6,Mid-level
employee_5402,48,Finance,74577,15,Hyderabad,894924,7457.700000000001,82034.7,Senior
employee_5403,30,QA,60169,11,Mumbai,722028,6016.900000000001,66185.9,Senior
employee_5404,42,Finance,66709,6,Chennai,800508,6670.900000000001,73379.9,Mid-level
employee_5405,37,IT,54415,14,Pune,652980,5441.5,59856.5,Senior
employee_5406,42,HR,40685,0,Mumbai,488220,4068.5,44753.5,Fresher
employee_5407,39,HR,40963,14,Hyderabad,491556,4096.3,45059.3,Senior
employee_5408,37,Sales,54698,11,Hyderabad,656376,5469.8,60167.8,Senior
employee_5409,44,Data,119686,12,Pune,1436232,11968.6,131654.6,Senior
employee_5410,56,HR,87415,12,Pune,1048980,8741.5,96156.5,Senior
employee_5411,52,IT,81400,1,Bangalore,976800,8140.0,89540.0,Fresher
employee_5412,56,Data,80450,13,Delhi,965400,8045.0,88495.0,Senior
employee_5413,48,QA,111962,9,Mumbai,1343544,11196.2,123158.2,Mid-level
employee_5414,34,HR,75711,6,Pune,908532,7571.1,83282.1,Mid-level
employee_5415,56,Data,96571,0,Bangalore,1158852,9657.1,106228.1,Fresher
employee_5416,26,IT,97607,6,Chennai,1171284,9760.7,107367.7,Mid-level
employee_5417,29,Sales,45578,12,Hyderabad,546936,4557.8,50135.8,Senior
employee_5418,41,Finance,118580,7,Mumbai,1422960,11858.0,130438.0,Mid-level
employee_5419,32,Finance,53842,10,Delhi,646104,5384.200000000001,59226.2,Mid-level
employee_5420,50,IT,41531,12,Chennai,498372,4153.1,45684.1,Senior
employee_5421,51,IT,27170,13,Mumbai,326040,2717.0,29887.0,Senior
employee_5422,60,Finance,115223,1,Mumbai,1382676,11522.300000000001,126745.3,Fresher
employee_5423,24,Sales,32297,3,Pune,387564,3229.7000000000003,35526.7,Junior
employee_5424,51,Data,29163,6,Bangalore,349956,2916.3,32079.3,Mid-level
employee_5425,47,Finance,65794,0,Mumbai,789528,6579.400000000001,72373.4,Fresher
employee_5426,45,IT,66787,5,Delhi,801444,6678.700000000001,73465.7,Junior
employee_5427,25,HR,82219,4,Chennai,986628,8221.9,90440.9,Junior
employee_5428,26,QA,49448,10,Delhi,593376,4944.8,54392.8,Mid-level
employee_5429,25,Sales,94152,5,Mumbai,1129824,9415.2,103567.2,Junior
employee_5430,47,Sales,81437,15,Delhi,977244,8143.700000000001,89580.7,Senior
employee_5431,28,HR,53299,7,Delhi,639588,5329.900000000001,58628.9,Mid-level
employee_5432,29,HR,66119,10,Bangalore,793428,6611.900000000001,72730.9,Mid-level
employee_5433,35,IT,102093,10,Hyderabad,1225116,10209.300000000001,112302.3,Mid-level
employee_5434,56,Finance,63648,0,Mumbai,763776,6364.8,70012.8,Fresher
employee_5435,27,Data,39096,15,Chennai,469152,3909.6000000000004,43005.6,Senior
employee_5436,52,Sales,99279,2,Hyderabad,1191348,9927.900000000001,109206.9,Fresher
employee_5437,28,Sales,32391,10,Delhi,388692,3239.1000000000004,35630.1,Mid-level
employee_5438,35,HR,99891,15,Hyderabad,1198692,9989.1,109880.1,Senior
employee_5439,57,Finance,87830,12,Pune,1053960,8783.0,96613.0,Senior
employee_5440,39,Sales,95783,8,Pune,1149396,9578.300000000001,105361.3,Mid-level
employee_5441,59,Data,65286,15,Mumbai,783432,6528.6,71814.6,Senior
employee_5442,26,HR,96826,15,Chennai,1161912,9682.6,106508.6,Senior
employee_5443,39,Data,116353,11,Pune,1396236,11635.300000000001,127988.3,Senior
employee_5444,48,Finance,62595,7,Delhi,751140,6259.5,68854.5,Mid-level
employee_5445,37,Sales,87740,3,Bangalore,1052880,8774.0,96514.0,Junior
employee_5446,39,QA,75929,10,Bangalore,911148,7592.900000000001,83521.9,Mid-level
employee_5447,51,Sales,57827,13,Delhi,693924,5782.700000000001,63609.7,Senior
employee_5448,31,Finance,51209,15,Hyderabad,614508,5120.900000000001,56329.9,Senior
employee_5449,35,Sales,105752,9,Delhi,1269024,10575.2,116327.2,Mid-level
employee_5450,30,Sales,98396,8,Hyderabad,1180752,9839.6,108235.6,Mid-level
employee_5451,43,IT,103961,6,Hyderabad,1247532,10396.1,114357.1,Mid-level
employee_5452,23,Sales,38806,1,Bangalore,465672,3880.6000000000004,42686.6,Fresher
employee_5453,23,Sales,115447,0,Pune,1385364,11544.7,126991.7,Fresher
employee_5454,38,Data,50406,0,Delhi,604872,5040.6,55446.6,Fresher
employee_5455,45,QA,59360,12,Pune,712320,5936.0,65296.0,Senior
employee_5456,40,Data,105000,15,Mumbai,1260000,10500.0,115500.0,Senior
employee_5457,49,Data,63865,2,Chennai,766380,6386.5,70251.5,Fresher
employee_5458,42,HR,31458,12,Bangalore,377496,3145.8,34603.8,Senior
employee_5459,35,IT,34151,15,Hyderabad,409812,3415.1000000000004,37566.1,Senior
employee_5460,59,Data,79869,13,Chennai,958428,7986.900000000001,87855.9,Senior
employee_5461,30,Finance,97024,14,Hyderabad,1164288,9702.4,106726.4,Senior
employee_5462,41,Finance,49541,9,Chennai,594492,4954.1,54495.1,Mid-level
employee_5463,49,Sales,46803,1,Chennai,561636,4680.3,51483.3,Fresher
employee_5464,52,HR,68183,3,Pune,818196,6818.3,75001.3,Junior
employee_5465,30,IT,69776,13,Mumbai,837312,6977.6,76753.6,Senior
employee_5466,33,IT,87323,14,Mumbai,1047876,8732.300000000001,96055.3,Senior
employee_5467,43,Sales,115254,13,Hyderabad,1383048,11525.400000000001,126779.4,Senior
employee_5468,43,Finance,36170,7,Bangalore,434040,3617.0,39787.0,Mid-level
employee_5469,51,QA,107966,4,Mumbai,1295592,10796.6,118762.6,Junior
employee_5470,24,HR,72284,15,Bangalore,867408,7228.400000000001,79512.4,Senior
employee_5471,23,Sales,34260,4,Hyderabad,411120,3426.0,37686.0,Junior
employee_5472,41,HR,32636,5,Bangalore,391632,3263.6000000000004,35899.6,Junior
employee_5473,22,Finance,61108,12,Chennai,733296,6110.8,67218.8,Senior
employee_5474,24,Finance,40941,11,Chennai,491292,4094.1000000000004,45035.1,Senior
employee_5475,21,QA,93971,15,Hyderabad,1127652,9397.1,103368.1,Senior
employee_5476,35,QA,53355,14,Bangalore,640260,5335.5,58690.5,Senior
employee_5477,53,IT,97836,14,Bangalore,1174032,9783.6,107619.6,Senior
employee_5478,26,HR,112719,4,Hyderabad,1352628,11271.900000000001,123990.9,Junior
employee_5479,27,HR,58733,4,Mumbai,704796,5873.3,64606.3,Junior
employee_5480,39,Finance,32444,14,Pune,389328,3244.4,35688.4,Senior
employee_5481,21,IT,116291,13,Mumbai,1395492,11629.1,127920.1,Senior
employee_5482,59,Sales,113598,6,Delhi,1363176,11359.800000000001,124957.8,Mid-level
employee_5483,39,HR,39610,5,Pune,475320,3961.0,43571.0,Junior
employee_5484,46,IT,91036,12,Bangalore,1092432,9103.6,100139.6,Senior
employee_5485,32,IT,29554,12,Pune,354648,2955.4,32509.4,Senior
employee_5486,42,Finance,50545,15,Pune,606540,5054.5,55599.5,Senior
employee_5487,33,IT,75139,15,Bangalore,901668,7513.900000000001,82652.9,Senior
employee_5488,48,QA,86971,13,Chennai,1043652,8697.1,95668.1,Senior
employee_5489,34,QA,71059,9,Pune,852708,7105.900000000001,78164.9,Mid-level
employee_5490,42,Data,31771,10,Hyderabad,381252,3177.1000000000004,34948.1,Mid-level
employee_5491,50,Finance,108035,1,Mumbai,1296420,10803.5,118838.5,Fresher
employee_5492,40,Sales,94468,12,Bangalore,1133616,9446.800000000001,103914.8,Senior
employee_5493,47,Data,51055,0,Bangalore,612660,5105.5,56160.5,Fresher
employee_5494,58,QA,62202,0,Pune,746424,6220.200000000001,68422.2,Fresher
employee_5495,54,Data,52700,3,Chennai,632400,5270.0,57970.0,Junior
employee_5496,59,Finance,28567,1,Chennai,342804,2856.7000000000003,31423.7,Fresher
employee_5497,57,Finance,92194,5,Mumbai,1106328,9219.4,101413.4,Junior
employee_5498,21,IT,67836,15,Mumbai,814032,6783.6,74619.6,Senior
employee_5499,35,HR,51627,11,Chennai,619524,5162.700000000001,56789.7,Senior
employee_5500,52,IT,63568,11,Delhi,762816,6356.8,69924.8,Senior
employee_5501,28,Finance,45760,8,Chennai,549120,4576.0,50336.0,Mid-level
employee_5502,53,QA,54985,9,Chennai,659820,5498.5,60483.5,Mid-level
employee_5503,38,Sales,104944,10,Pune,1259328,10494.400000000001,115438.4,Mid-level
employee_5504,49,QA,65785,14,Hyderabad,789420,6578.5,72363.5,Senior
employee_5505,52,IT,60583,13,Mumbai,726996,6058.3,66641.3,Senior
employee_5506,53,Sales,58738,9,Delhi,704856,5873.8,64611.8,Mid-level
employee_5507,25,Finance,49204,7,Delhi,590448,4920.400000000001,54124.4,Mid-level
employee_5508,38,QA,103821,3,Bangalore,1245852,10382.1,114203.1,Junior
employee_5509,30,Finance,41643,12,Chennai,499716,4164.3,45807.3,Senior
employee_5510,56,Sales,95561,11,Chennai,1146732,9556.1,105117.1,Senior
employee_5511,53,Sales,62126,1,Hyderabad,745512,6212.6,68338.6,Fresher
employee_5512,43,QA,83126,0,Chennai,997512,8312.6,91438.6,Fresher
employee_5513,60,Finance,107424,6,Mumbai,1289088,10742.400000000001,118166.4,Mid-level
employee_5514,25,Data,70258,9,Delhi,843096,7025.8,77283.8,Mid-level
employee_5515,54,Finance,59527,2,Chennai,714324,5952.700000000001,65479.7,Fresher
employee_5516,44,Sales,48898,13,Hyderabad,586776,4889.8,53787.8,Senior
employee_5517,37,Finance,104923,5,Pune,1259076,10492.300000000001,115415.3,Junior
employee_5518,51,IT,81912,4,Mumbai,982944,8191.200000000001,90103.2,Junior
employee_5519,27,Data,71435,4,Pune,857220,7143.5,78578.5,Junior
employee_5520,37,HR,28794,11,Bangalore,345528,2879.4,31673.4,Senior
employee_5521,48,IT,94126,1,Hyderabad,1129512,9412.6,103538.6,Fresher
employee_5522,58,HR,39698,13,Bangalore,476376,3969.8,43667.8,Senior
employee_5523,42,QA,37332,8,Bangalore,447984,3733.2000000000003,41065.2,Mid-level
employee_5524,35,HR,34593,10,Delhi,415116,3459.3,38052.3,Mid-level
employee_5525,57,Finance,83132,3,Bangalore,997584,8313.2,91445.2,Junior
employee_5526,35,HR,36036,9,Bangalore,432432,3603.6000000000004,39639.6,Mid-level
employee_5527,45,Sales,119097,0,Hyderabad,1429164,11909.7,131006.7,Fresher
employee_5528,41,IT,104908,1,Pune,1258896,10490.800000000001,115398.8,Fresher
employee_5529,58,IT,78164,8,Chennai,937968,7816.400000000001,85980.4,Mid-level
employee_5530,22,HR,44351,15,Bangalore,532212,4435.1,48786.1,Senior
employee_5531,47,IT,83413,6,Delhi,1000956,8341.300000000001,91754.3,Mid-level
employee_5532,52,Sales,43059,9,Chennai,516708,4305.900000000001,47364.9,Mid-level
employee_5533,41,IT,52188,1,Delhi,626256,5218.8,57406.8,Fresher
employee_5534,24,HR,92852,15,Chennai,1114224,9285.2,102137.2,Senior
employee_5535,39,Data,106795,6,Bangalore,1281540,10679.5,117474.5,Mid-level
employee_5536,22,Data,36829,13,Mumbai,441948,3682.9,40511.9,Senior
employee_5537,46,QA,98673,3,Chennai,1184076,9867.300000000001,108540.3,Junior
employee_5538,54,IT,49502,9,Mumbai,594024,4950.200000000001,54452.2,Mid-level
employee_5539,34,HR,52204,1,Pune,626448,5220.400000000001,57424.4,Fresher
employee_5540,35,IT,26265,11,Chennai,315180,2626.5,28891.5,Senior
employee_5541,40,Finance,60751,3,Hyderabad,729012,6075.1,66826.1,Junior
employee_5542,54,Sales,112821,4,Delhi,1353852,11282.1,124103.1,Junior
employee_5543,56,IT,49315,12,Pune,591780,4931.5,54246.5,Senior
employee_5544,39,IT,72457,13,Pune,869484,7245.700000000001,79702.7,Senior
employee_5545,29,Data,71875,3,Mumbai,862500,7187.5,79062.5,Junior
employee_5546,27,Sales,85359,14,Bangalore,1024308,8535.9,93894.9,Senior
employee_5547,50,HR,68420,2,Delhi,821040,6842.0,75262.0,Fresher
employee_5548,33,IT,58379,5,Hyderabad,700548,5837.900000000001,64216.9,Junior
employee_5549,47,Data,89102,0,Hyderabad,1069224,8910.2,98012.2,Fresher
employee_5550,55,QA,79664,7,Mumbai,955968,7966.400000000001,87630.4,Mid-level
employee_5551,33,Sales,117688,11,Mumbai,1412256,11768.800000000001,129456.8,Senior
employee_5552,35,Data,95960,4,Pune,1151520,9596.0,105556.0,Junior
employee_5553,29,Data,100475,7,Mumbai,1205700,10047.5,110522.5,Mid-level
employee_5554,43,Data,84469,9,Bangalore,1013628,8446.9,92915.9,Mid-level
employee_5555,56,IT,59396,3,Pune,712752,5939.6,65335.6,Junior
employee_5556,60,IT,38176,3,Pune,458112,3817.6000000000004,41993.6,Junior
employee_5557,23,QA,90036,4,Pune,1080432,9003.6,99039.6,Junior
employee_5558,54,Finance,32907,4,Hyderabad,394884,3290.7000000000003,36197.7,Junior
employee_5559,39,Finance,28372,10,Delhi,340464,2837.2000000000003,31209.2,Mid-level
employee_5560,48,Finance,52572,5,Delhi,630864,5257.200000000001,57829.2,Junior
employee_5561,43,Sales,49592,4,Hyderabad,595104,4959.200000000001,54551.2,Junior
employee_5562,60,Sales,38102,4,Pune,457224,3810.2000000000003,41912.2,Junior
employee_5563,27,QA,50642,12,Bangalore,607704,5064.200000000001,55706.2,Senior
employee_5564,32,Sales,28139,7,Chennai,337668,2813.9,30952.9,Mid-level
employee_5565,34,Finance,102179,5,Pune,1226148,10217.900000000001,112396.9,Junior
employee_5566,35,Finance,43643,1,Mumbai,523716,4364.3,48007.3,Fresher
employee_5567,23,Data,85117,3,Delhi,1021404,8511.7,93628.7,Junior
employee_5568,35,Sales,53780,3,Chennai,645360,5378.0,59158.0,Junior
employee_5569,44,IT,107203,4,Hyderabad,1286436,10720.300000000001,117923.3,Junior
employee_5570,28,IT,85332,14,Hyderabad,1023984,8533.2,93865.2,Senior
employee_5571,25,Data,55632,14,Chennai,667584,5563.200000000001,61195.2,Senior
employee_5572,24,Data,63493,5,Delhi,761916,6349.3,69842.3,Junior
employee_5573,34,Data,73352,10,Delhi,880224,7335.200000000001,80687.2,Mid-level
employee_5574,36,IT,54408,4,Mumbai,652896,5440.8,59848.8,Junior
employee_5575,40,Finance,114838,15,Hyderabad,1378056,11483.800000000001,126321.8,Senior
employee_5576,44,Data,112157,13,Hyderabad,1345884,11215.7,123372.7,Senior
employee_5577,26,QA,103755,13,Pune,1245060,10375.5,114130.5,Senior
employee_5578,51,Data,50939,15,Bangalore,611268,5093.900000000001,56032.9,Senior
employee_5579,26,HR,71880,10,Mumbai,862560,7188.0,79068.0,Mid-level
employee_5580,55,Data,61843,5,Pune,742116,6184.3,68027.3,Junior
employee_5581,35,IT,103314,7,Bangalore,1239768,10331.400000000001,113645.4,Mid-level
employee_5582,49,Sales,63930,3,Hyderabad,767160,6393.0,70323.0,Junior
employee_5583,23,Data,54870,10,Bangalore,658440,5487.0,60357.0,Mid-level
employee_5584,31,Sales,112657,2,Hyderabad,1351884,11265.7,123922.7,Fresher
employee_5585,23,HR,83144,8,Delhi,997728,8314.4,91458.4,Mid-level
employee_5586,48,QA,83103,2,Pune,997236,8310.300000000001,91413.3,Fresher
employee_5587,30,Sales,65770,10,Hyderabad,789240,6577.0,72347.0,Mid-level
employee_5588,53,Finance,55158,7,Bangalore,661896,5515.8,60673.8,Mid-level
employee_5589,36,Data,113992,9,Pune,1367904,11399.2,125391.2,Mid-level
employee_5590,30,HR,72401,11,Bangalore,868812,7240.1,79641.1,Senior
employee_5591,53,HR,37992,4,Bangalore,455904,3799.2000000000003,41791.2,Junior
employee_5592,56,Sales,50390,15,Chennai,604680,5039.0,55429.0,Senior
employee_5593,23,QA,70858,8,Hyderabad,850296,7085.8,77943.8,Mid-level
employee_5594,25,IT,41756,2,Hyderabad,501072,4175.6,45931.6,Fresher
employee_5595,32,Data,46971,9,Bangalore,563652,4697.1,51668.1,Mid-level
employee_5596,33,HR,32071,9,Delhi,384852,3207.1000000000004,35278.1,Mid-level
employee_5597,44,QA,118110,7,Hyderabad,1417320,11811.0,129921.0,Mid-level
employee_5598,52,Finance,71517,13,Mumbai,858204,7151.700000000001,78668.7,Senior
employee_5599,36,HR,109811,12,Delhi,1317732,10981.1,120792.1,Senior
employee_5600,52,QA,31586,12,Delhi,379032,3158.6000000000004,34744.6,Senior
employee_5601,57,IT,44703,6,Delhi,536436,4470.3,49173.3,Mid-level
employee_5602,56,IT,117301,11,Hyderabad,1407612,11730.1,129031.1,Senior
employee_5603,41,HR,101177,6,Delhi,1214124,10117.7,111294.7,Mid-level
employee_5604,32,HR,61735,13,Delhi,740820,6173.5,67908.5,Senior
employee_5605,41,Sales,91358,10,Pune,1096296,9135.800000000001,100493.8,Mid-level
employee_5606,41,Data,64648,9,Hyderabad,775776,6464.8,71112.8,Mid-level
employee_5607,26,QA,37129,8,Delhi,445548,3712.9,40841.9,Mid-level
employee_5608,29,HR,106079,11,Mumbai,1272948,10607.900000000001,116686.9,Senior
employee_5609,21,Data,116499,7,Delhi,1397988,11649.900000000001,128148.9,Mid-level
employee_5610,32,Sales,61656,2,Bangalore,739872,6165.6,67821.6,Fresher
employee_5611,34,Data,54665,13,Hyderabad,655980,5466.5,60131.5,Senior
employee_5612,26,HR,38499,12,Pune,461988,3849.9,42348.9,Senior
employee_5613,21,IT,100888,5,Mumbai,1210656,10088.800000000001,110976.8,Junior
employee_5614,42,QA,44654,10,Chennai,535848,4465.400000000001,49119.4,Mid-level
employee_5615,54,QA,100653,5,Bangalore,1207836,10065.300000000001,110718.3,Junior
employee_5616,31,IT,111613,4,Bangalore,1339356,11161.300000000001,122774.3,Junior
employee_5617,23,HR,94529,2,Bangalore,1134348,9452.9,103981.9,Fresher
employee_5618,26,QA,43982,8,Mumbai,527784,4398.2,48380.2,Mid-level
employee_5619,26,HR,106848,6,Hyderabad,1282176,10684.800000000001,117532.8,Mid-level
employee_5620,40,Sales,104874,3,Hyderabad,1258488,10487.400000000001,115361.4,Junior
employee_5621,41,HR,55173,5,Delhi,662076,5517.3,60690.3,Junior
employee_5622,22,Data,62525,4,Delhi,750300,6252.5,68777.5,Junior
employee_5623,46,IT,117226,0,Hyderabad,1406712,11722.6,128948.6,Fresher
employee_5624,51,HR,52328,1,Delhi,627936,5232.8,57560.8,Fresher
employee_5625,46,Sales,36360,0,Hyderabad,436320,3636.0,39996.0,Fresher
employee_5626,52,Finance,47625,8,Bangalore,571500,4762.5,52387.5,Mid-level
employee_5627,30,IT,69894,8,Chennai,838728,6989.400000000001,76883.4,Mid-level
employee_5628,43,QA,41471,15,Bangalore,497652,4147.1,45618.1,Senior
employee_5629,26,Data,64883,4,Delhi,778596,6488.3,71371.3,Junior
employee_5630,43,QA,117812,7,Chennai,1413744,11781.2,129593.2,Mid-level
employee_5631,48,Sales,27703,9,Chennai,332436,2770.3,30473.3,Mid-level
employee_5632,50,Sales,101687,3,Hyderabad,1220244,10168.7,111855.7,Junior
employee_5633,34,QA,76570,0,Pune,918840,7657.0,84227.0,Fresher
employee_5634,57,IT,117534,12,Mumbai,1410408,11753.400000000001,129287.4,Senior
employee_5635,52,QA,94683,12,Pune,1136196,9468.300000000001,104151.3,Senior
employee_5636,54,HR,90524,3,Chennai,1086288,9052.4,99576.4,Junior
employee_5637,42,QA,59515,6,Pune,714180,5951.5,65466.5,Mid-level
employee_5638,51,Data,98768,10,Delhi,1185216,9876.800000000001,108644.8,Mid-level
employee_5639,27,Data,40151,1,Chennai,481812,4015.1000000000004,44166.1,Fresher
employee_5640,41,Finance,100866,1,Bangalore,1210392,10086.6,110952.6,Fresher
employee_5641,36,Data,74190,5,Delhi,890280,7419.0,81609.0,Junior
employee_5642,40,QA,101812,8,Bangalore,1221744,10181.2,111993.2,Mid-level
employee_5643,39,Data,81195,2,Delhi,974340,8119.5,89314.5,Fresher
employee_5644,52,IT,89108,6,Hyderabad,1069296,8910.800000000001,98018.8,Mid-level
employee_5645,35,Data,43535,9,Delhi,522420,4353.5,47888.5,Mid-level
employee_5646,25,HR,68050,14,Mumbai,816600,6805.0,74855.0,Senior
employee_5647,31,IT,57976,13,Bangalore,695712,5797.6,63773.6,Senior
employee_5648,35,Finance,25599,8,Delhi,307188,2559.9,28158.9,Mid-level
employee_5649,49,HR,82948,10,Mumbai,995376,8294.800000000001,91242.8,Mid-level
employee_5650,24,QA,84867,12,Hyderabad,1018404,8486.7,93353.7,Senior
employee_5651,56,QA,28709,8,Delhi,344508,2870.9,31579.9,Mid-level
employee_5652,43,QA,49110,10,Mumbai,589320,4911.0,54021.0,Mid-level
employee_5653,35,HR,74365,3,Delhi,892380,7436.5,81801.5,Junior
employee_5654,23,HR,30723,1,Bangalore,368676,3072.3,33795.3,Fresher
employee_5655,52,HR,80704,14,Bangalore,968448,8070.400000000001,88774.4,Senior
employee_5656,30,IT,52394,0,Pune,628728,5239.400000000001,57633.4,Fresher
employee_5657,60,Sales,89120,5,Pune,1069440,8912.0,98032.0,Junior
employee_5658,58,IT,35316,4,Delhi,423792,3531.6000000000004,38847.6,Junior
employee_5659,42,QA,47622,5,Pune,571464,4762.2,52384.2,Junior
employee_5660,34,Sales,49844,6,Delhi,598128,4984.400000000001,54828.4,Mid-level
employee_5661,37,Data,76560,8,Delhi,918720,7656.0,84216.0,Mid-level
employee_5662,41,QA,84921,9,Mumbai,1019052,8492.1,93413.1,Mid-level
employee_5663,35,Finance,46162,9,Bangalore,553944,4616.2,50778.2,Mid-level
employee_5664,35,IT,53833,10,Hyderabad,645996,5383.3,59216.3,Mid-level
employee_5665,21,HR,42206,5,Chennai,506472,4220.6,46426.6,Junior
employee_5666,44,IT,76747,5,Bangalore,920964,7674.700000000001,84421.7,Junior
employee_5667,32,HR,115037,12,Pune,1380444,11503.7,126540.7,Senior
employee_5668,30,Sales,100827,14,Delhi,1209924,10082.7,110909.7,Senior
employee_5669,51,Finance,102195,2,Pune,1226340,10219.5,112414.5,Fresher
employee_5670,31,Sales,80387,12,Mumbai,964644,8038.700000000001,88425.7,Senior
employee_5671,36,Finance,50226,7,Pune,602712,5022.6,55248.6,Mid-level
employee_5672,29,IT,31500,8,Mumbai,378000,3150.0,34650.0,Mid-level
employee_5673,34,HR,26634,0,Hyderabad,319608,2663.4,29297.4,Fresher
employee_5674,39,Sales,39059,15,Delhi,468708,3905.9,42964.9,Senior
employee_5675,51,Finance,95350,5,Pune,1144200,9535.0,104885.0,Junior
employee_5676,29,QA,29076,6,Mumbai,348912,2907.6000000000004,31983.6,Mid-level
employee_5677,56,QA,63210,10,Pune,758520,6321.0,69531.0,Mid-level
employee_5678,59,Sales,50931,7,Mumbai,611172,5093.1,56024.1,Mid-level
employee_5679,46,HR,57007,14,Delhi,684084,5700.700000000001,62707.7,Senior
employee_5680,28,Sales,47744,11,Delhi,572928,4774.400000000001,52518.4,Senior
employee_5681,44,IT,55396,9,Bangalore,664752,5539.6,60935.6,Mid-level
employee_5682,28,Finance,113619,15,Mumbai,1363428,11361.900000000001,124980.9,Senior
employee_5683,39,IT,74954,14,Chennai,899448,7495.400000000001,82449.4,Senior
employee_5684,50,QA,115812,10,Hyderabad,1389744,11581.2,127393.2,Mid-level
employee_5685,42,Finance,91038,7,Bangalore,1092456,9103.800000000001,100141.8,Mid-level
employee_5686,29,Sales,37756,6,Hyderabad,453072,3775.6000000000004,41531.6,Mid-level
employee_5687,24,IT,104798,7,Bangalore,1257576,10479.800000000001,115277.8,Mid-level
employee_5688,57,Data,35605,10,Pune,427260,3560.5,39165.5,Mid-level
employee_5689,28,HR,47416,8,Mumbai,568992,4741.6,52157.6,Mid-level
employee_5690,21,HR,81558,9,Pune,978696,8155.8,89713.8,Mid-level
employee_5691,48,Data,62487,6,Hyderabad,749844,6248.700000000001,68735.7,Mid-level
employee_5692,26,QA,118079,14,Delhi,1416948,11807.900000000001,129886.9,Senior
employee_5693,56,Finance,27870,14,Hyderabad,334440,2787.0,30657.0,Senior
employee_5694,31,HR,29758,15,Bangalore,357096,2975.8,32733.8,Senior
employee_5695,25,Data,63736,2,Hyderabad,764832,6373.6,70109.6,Fresher
employee_5696,44,Sales,102195,15,Mumbai,1226340,10219.5,112414.5,Senior
employee_5697,38,Data,90138,14,Hyderabad,1081656,9013.800000000001,99151.8,Senior
employee_5698,40,QA,75250,8,Pune,903000,7525.0,82775.0,Mid-level
employee_5699,48,QA,65558,0,Delhi,786696,6555.8,72113.8,Fresher
employee_5700,33,IT,78092,13,Mumbai,937104,7809.200000000001,85901.2,Senior
employee_5701,25,HR,100121,7,Hyderabad,1201452,10012.1,110133.1,Mid-level
employee_5702,50,IT,118439,5,Chennai,1421268,11843.900000000001,130282.9,Junior
employee_5703,21,Data,80604,10,Chennai,967248,8060.400000000001,88664.4,Mid-level
employee_5704,42,Finance,62039,2,Delhi,744468,6203.900000000001,68242.9,Fresher
employee_5705,38,Finance,94859,8,Pune,1138308,9485.9,104344.9,Mid-level
employee_5706,25,QA,117506,5,Bangalore,1410072,11750.6,129256.6,Junior
employee_5707,51,Finance,73745,14,Bangalore,884940,7374.5,81119.5,Senior
employee_5708,26,Finance,30461,6,Delhi,365532,3046.1000000000004,33507.1,Mid-level
employee_5709,47,Finance,65831,15,Hyderabad,789972,6583.1,72414.1,Senior
employee_5710,45,Data,76137,10,Mumbai,913644,7613.700000000001,83750.7,Mid-level
employee_5711,49,Finance,59030,1,Delhi,708360,5903.0,64933.0,Fresher
employee_5712,48,Sales,30731,0,Bangalore,368772,3073.1000000000004,33804.1,Fresher
employee_5713,36,Finance,46500,0,Chennai,558000,4650.0,51150.0,Fresher
employee_5714,32,Finance,100439,2,Bangalore,1205268,10043.900000000001,110482.9,Fresher
employee_5715,40,IT,58117,10,Chennai,697404,5811.700000000001,63928.7,Mid-level
employee_5716,38,Data,119138,2,Bangalore,1429656,11913.800000000001,131051.8,Fresher
employee_5717,54,QA,56174,7,Pune,674088,5617.400000000001,61791.4,Mid-level
employee_5718,43,IT,58208,6,Delhi,698496,5820.8,64028.8,Mid-level
employee_5719,47,HR,109728,14,Mumbai,1316736,10972.800000000001,120700.8,Senior
employee_5720,37,Data,104435,15,Delhi,1253220,10443.5,114878.5,Senior
employee_5721,41,Sales,109482,9,Hyderabad,1313784,10948.2,120430.2,Mid-level
employee_5722,60,Data,93688,7,Chennai,1124256,9368.800000000001,103056.8,Mid-level
employee_5723,51,HR,50960,0,Bangalore,611520,5096.0,56056.0,Fresher
employee_5724,23,HR,35247,3,Hyderabad,422964,3524.7000000000003,38771.7,Junior
employee_5725,37,HR,116109,7,Chennai,1393308,11610.900000000001,127719.9,Mid-level
employee_5726,46,QA,51038,9,Delhi,612456,5103.8,56141.8,Mid-level
employee_5727,43,Finance,52770,1,Chennai,633240,5277.0,58047.0,Fresher
employee_5728,26,Data,97485,6,Pune,1169820,9748.5,107233.5,Mid-level
employee_5729,48,Finance,89654,7,Bangalore,1075848,8965.4,98619.4,Mid-level
employee_5730,28,Finance,92741,13,Delhi,1112892,9274.1,102015.1,Senior
employee_5731,28,Sales,82773,8,Hyderabad,993276,8277.300000000001,91050.3,Mid-level
employee_5732,39,HR,108391,6,Bangalore,1300692,10839.1,119230.1,Mid-level
employee_5733,58,QA,77633,11,Delhi,931596,7763.3,85396.3,Senior
employee_5734,49,Sales,44564,8,Bangalore,534768,4456.400000000001,49020.4,Mid-level
employee_5735,43,IT,103669,1,Mumbai,1244028,10366.900000000001,114035.9,Fresher
employee_5736,52,QA,43114,10,Chennai,517368,4311.400000000001,47425.4,Mid-level
employee_5737,30,Finance,57803,0,Chennai,693636,5780.3,63583.3,Fresher
employee_5738,47,QA,84341,15,Mumbai,1012092,8434.1,92775.1,Senior
employee_5739,21,HR,48545,0,Mumbai,582540,4854.5,53399.5,Fresher
employee_5740,59,IT,87759,10,Bangalore,1053108,8775.9,96534.9,Mid-level
employee_5741,49,HR,101488,11,Chennai,1217856,10148.800000000001,111636.8,Senior
employee_5742,23,IT,93071,3,Hyderabad,1116852,9307.1,102378.1,Junior
employee_5743,57,Sales,78866,0,Pune,946392,7886.6,86752.6,Fresher
employee_5744,51,Finance,115257,6,Delhi,1383084,11525.7,126782.7,Mid-level
employee_5745,31,IT,95499,7,Mumbai,1145988,9549.9,105048.9,Mid-level
employee_5746,42,IT,103243,2,Hyderabad,1238916,10324.300000000001,113567.3,Fresher
employee_5747,38,IT,88153,13,Hyderabad,1057836,8815.300000000001,96968.3,Senior
employee_5748,55,QA,37860,0,Bangalore,454320,3786.0,41646.0,Fresher
employee_5749,26,Sales,104783,2,Mumbai,1257396,10478.300000000001,115261.3,Fresher
employee_5750,23,QA,107946,1,Hyderabad,1295352,10794.6,118740.6,Fresher
employee_5751,25,Finance,42670,5,Pune,512040,4267.0,46937.0,Junior
employee_5752,29,IT,109766,10,Hyderabad,1317192,10976.6,120742.6,Mid-level
employee_5753,48,Sales,66280,6,Pune,795360,6628.0,72908.0,Mid-level
employee_5754,39,Sales,114694,8,Pune,1376328,11469.400000000001,126163.4,Mid-level
employee_5755,48,Data,86439,4,Pune,1037268,8643.9,95082.9,Junior
employee_5756,47,Finance,104423,3,Mumbai,1253076,10442.300000000001,114865.3,Junior
employee_5757,33,Sales,60061,0,Pune,720732,6006.1,66067.1,Fresher
employee_5758,58,IT,75764,10,Mumbai,909168,7576.400000000001,83340.4,Mid-level
employee_5759,41,IT,48810,15,Hyderabad,585720,4881.0,53691.0,Senior
employee_5760,47,Sales,115894,13,Pune,1390728,11589.400000000001,127483.4,Senior
employee_5761,26,QA,70588,5,Chennai,847056,7058.8,77646.8,Junior
employee_5762,58,Finance,40933,10,Hyderabad,491196,4093.3,45026.3,Mid-level
employee_5763,31,IT,55034,7,Delhi,660408,5503.400000000001,60537.4,Mid-level
employee_5764,37,Sales,26947,3,Chennai,323364,2694.7000000000003,29641.7,Junior
employee_5765,59,IT,44715,0,Chennai,536580,4471.5,49186.5,Fresher
employee_5766,27,Sales,55956,13,Bangalore,671472,5595.6,61551.6,Senior
employee_5767,50,Finance,112180,13,Mumbai,1346160,11218.0,123398.0,Senior
employee_5768,41,Sales,105846,4,Bangalore,1270152,10584.6,116430.6,Junior
employee_5769,21,Data,112986,9,Mumbai,1355832,11298.6,124284.6,Mid-level
employee_5770,45,Sales,41303,4,Bangalore,495636,4130.3,45433.3,Junior
employee_5771,52,Sales,49031,1,Hyderabad,588372,4903.1,53934.1,Fresher
employee_5772,28,Finance,119786,5,Chennai,1437432,11978.6,131764.6,Junior
employee_5773,25,Sales,112389,9,Hyderabad,1348668,11238.900000000001,123627.9,Mid-level
employee_5774,50,Finance,42977,8,Mumbai,515724,4297.7,47274.7,Mid-level
employee_5775,28,Data,67707,13,Chennai,812484,6770.700000000001,74477.7,Senior
employee_5776,39,Finance,39465,5,Chennai,473580,3946.5,43411.5,Junior
employee_5777,50,IT,100761,7,Mumbai,1209132,10076.1,110837.1,Mid-level
employee_5778,35,Finance,41640,9,Hyderabad,499680,4164.0,45804.0,Mid-level
employee_5779,56,Data,56535,2,Chennai,678420,5653.5,62188.5,Fresher
employee_5780,47,HR,64280,9,Delhi,771360,6428.0,70708.0,Mid-level
employee_5781,33,Sales,27991,1,Hyderabad,335892,2799.1000000000004,30790.1,Fresher
employee_5782,34,Finance,42801,3,Hyderabad,513612,4280.1,47081.1,Junior
employee_5783,57,Sales,114680,11,Hyderabad,1376160,11468.0,126148.0,Senior
employee_5784,50,QA,32965,8,Chennai,395580,3296.5,36261.5,Mid-level
employee_5785,59,IT,38730,8,Pune,464760,3873.0,42603.0,Mid-level
employee_5786,33,IT,54553,2,Bangalore,654636,5455.3,60008.3,Fresher
employee_5787,36,QA,33301,11,Mumbai,399612,3330.1000000000004,36631.1,Senior
employee_5788,27,QA,43936,12,Hyderabad,527232,4393.6,48329.6,Senior
employee_5789,47,Finance,39155,0,Chennai,469860,3915.5,43070.5,Fresher
employee_5790,55,QA,111653,0,Mumbai,1339836,11165.300000000001,122818.3,Fresher
employee_5791,35,HR,73848,3,Pune,886176,7384.8,81232.8,Junior
employee_5792,48,Sales,27042,3,Delhi,324504,2704.2000000000003,29746.2,Junior
employee_5793,55,Sales,43565,10,Pune,522780,4356.5,47921.5,Mid-level
employee_5794,27,Data,72602,15,Chennai,871224,7260.200000000001,79862.2,Senior
employee_5795,40,QA,62260,11,Hyderabad,747120,6226.0,68486.0,Senior
employee_5796,52,QA,61326,15,Pune,735912,6132.6,67458.6,Senior
employee_5797,58,HR,67581,14,Pune,810972,6758.1,74339.1,Senior
employee_5798,60,IT,28658,9,Pune,343896,2865.8,31523.8,Mid-level
employee_5799,52,IT,106855,5,Delhi,1282260,10685.5,117540.5,Junior
employee_5800,46,Sales,109614,4,Chennai,1315368,10961.400000000001,120575.4,Junior
employee_5801,59,Sales,62548,5,Mumbai,750576,6254.8,68802.8,Junior
employee_5802,40,Finance,44668,9,Bangalore,536016,4466.8,49134.8,Mid-level
employee_5803,38,HR,65285,6,Chennai,783420,6528.5,71813.5,Mid-level
employee_5804,35,Data,47546,6,Hyderabad,570552,4754.6,52300.6,Mid-level
employee_5805,42,Data,62874,9,Chennai,754488,6287.400000000001,69161.4,Mid-level
employee_5806,42,HR,76318,13,Chennai,915816,7631.8,83949.8,Senior
employee_5807,41,Data,62165,9,Delhi,745980,6216.5,68381.5,Mid-level
employee_5808,22,IT,119434,8,Bangalore,1433208,11943.400000000001,131377.4,Mid-level
employee_5809,60,Data,87970,14,Bangalore,1055640,8797.0,96767.0,Senior
employee_5810,38,Data,81820,5,Bangalore,981840,8182.0,90002.0,Junior
employee_5811,43,HR,70411,7,Mumbai,844932,7041.1,77452.1,Mid-level
employee_5812,33,HR,119908,1,Chennai,1438896,11990.800000000001,131898.8,Fresher
employee_5813,29,Data,105358,7,Delhi,1264296,10535.800000000001,115893.8,Mid-level
employee_5814,27,QA,110312,8,Hyderabad,1323744,11031.2,121343.2,Mid-level
employee_5815,21,HR,100998,3,Bangalore,1211976,10099.800000000001,111097.8,Junior
employee_5816,22,Finance,61479,14,Bangalore,737748,6147.900000000001,67626.9,Senior
employee_5817,24,Finance,64906,4,Chennai,778872,6490.6,71396.6,Junior
employee_5818,34,IT,98198,4,Hyderabad,1178376,9819.800000000001,108017.8,Junior
employee_5819,52,Data,97940,1,Delhi,1175280,9794.0,107734.0,Fresher
employee_5820,56,QA,67605,4,Bangalore,811260,6760.5,74365.5,Junior
employee_5821,22,IT,34542,8,Chennai,414504,3454.2000000000003,37996.2,Mid-level
employee_5822,60,Data,106440,3,Pune,1277280,10644.0,117084.0,Junior
employee_5823,34,HR,52774,9,Delhi,633288,5277.400000000001,58051.4,Mid-level
employee_5824,40,Finance,33556,2,Mumbai,402672,3355.6000000000004,36911.6,Fresher
employee_5825,45,Sales,71123,13,Delhi,853476,7112.3,78235.3,Senior
employee_5826,28,QA,103342,6,Chennai,1240104,10334.2,113676.2,Mid-level
employee_5827,48,Sales,67586,7,Bangalore,811032,6758.6,74344.6,Mid-level
employee_5828,41,Finance,39864,12,Delhi,478368,3986.4,43850.4,Senior
employee_5829,43,Sales,83989,12,Hyderabad,1007868,8398.9,92387.9,Senior
employee_5830,52,HR,81093,9,Pune,973116,8109.3,89202.3,Mid-level
employee_5831,28,Data,58749,5,Hyderabad,704988,5874.900000000001,64623.9,Junior
employee_5832,51,HR,84739,5,Hyderabad,1016868,8473.9,93212.9,Junior
employee_5833,57,Sales,67996,12,Hyderabad,815952,6799.6,74795.6,Senior
employee_5834,36,HR,42305,4,Chennai,507660,4230.5,46535.5,Junior
employee_5835,60,Finance,102474,15,Chennai,1229688,10247.400000000001,112721.4,Senior
employee_5836,47,QA,41318,10,Delhi,495816,4131.8,45449.8,Mid-level
employee_5837,60,HR,77810,5,Mumbai,933720,7781.0,85591.0,Junior
employee_5838,38,Finance,110915,8,Pune,1330980,11091.5,122006.5,Mid-level
employee_5839,55,QA,62820,14,Delhi,753840,6282.0,69102.0,Senior
employee_5840,35,Data,86800,1,Hyderabad,1041600,8680.0,95480.0,Fresher
employee_5841,47,Sales,95942,9,Delhi,1151304,9594.2,105536.2,Mid-level
employee_5842,37,Data,45661,10,Bangalore,547932,4566.1,50227.1,Mid-level
employee_5843,60,IT,108394,14,Delhi,1300728,10839.400000000001,119233.4,Senior
employee_5844,22,Finance,55816,2,Delhi,669792,5581.6,61397.6,Fresher
employee_5845,51,QA,37850,0,Hyderabad,454200,3785.0,41635.0,Fresher
employee_5846,57,HR,103137,3,Delhi,1237644,10313.7,113450.7,Junior
employee_5847,54,Data,90057,1,Pune,1080684,9005.7,99062.7,Fresher
employee_5848,54,QA,64866,5,Hyderabad,778392,6486.6,71352.6,Junior
employee_5849,23,Finance,51644,14,Chennai,619728,5164.400000000001,56808.4,Senior
employee_5850,37,IT,77919,12,Chennai,935028,7791.900000000001,85710.9,Senior
employee_5851,34,Data,52428,14,Delhi,629136,5242.8,57670.8,Senior
employee_5852,34,Sales,83491,0,Delhi,1001892,8349.1,91840.1,Fresher
employee_5853,58,QA,58380,7,Pune,700560,5838.0,64218.0,Mid-level
employee_5854,55,Sales,97822,9,Mumbai,1173864,9782.2,107604.2,Mid-level
employee_5855,21,QA,100604,5,Hyderabad,1207248,10060.400000000001,110664.4,Junior
employee_5856,49,QA,100341,8,Pune,1204092,10034.1,110375.1,Mid-level
employee_5857,24,Finance,28017,15,Delhi,336204,2801.7000000000003,30818.7,Senior
employee_5858,53,Finance,111708,11,Delhi,1340496,11170.800000000001,122878.8,Senior
employee_5859,37,Finance,34926,5,Delhi,419112,3492.6000000000004,38418.6,Junior
employee_5860,48,HR,69508,9,Delhi,834096,6950.8,76458.8,Mid-level
employee_5861,46,QA,48486,6,Bangalore,581832,4848.6,53334.6,Mid-level
employee_5862,28,Data,54511,4,Delhi,654132,5451.1,59962.1,Junior
employee_5863,54,Sales,35002,13,Delhi,420024,3500.2000000000003,38502.2,Senior
employee_5864,38,Finance,73586,7,Bangalore,883032,7358.6,80944.6,Mid-level
employee_5865,51,Finance,93737,7,Mumbai,1124844,9373.7,103110.7,Mid-level
employee_5866,47,Sales,89668,9,Chennai,1076016,8966.800000000001,98634.8,Mid-level
employee_5867,36,Sales,52048,15,Delhi,624576,5204.8,57252.8,Senior
employee_5868,30,QA,65324,8,Delhi,783888,6532.400000000001,71856.4,Mid-level
employee_5869,60,Finance,91877,11,Pune,1102524,9187.7,101064.7,Senior
employee_5870,32,Sales,104517,15,Hyderabad,1254204,10451.7,114968.7,Senior
employee_5871,42,HR,99232,5,Pune,1190784,9923.2,109155.2,Junior
employee_5872,36,HR,39525,0,Delhi,474300,3952.5,43477.5,Fresher
employee_5873,32,Finance,77634,8,Mumbai,931608,7763.400000000001,85397.4,Mid-level
employee_5874,31,Sales,117081,2,Pune,1404972,11708.1,128789.1,Fresher
employee_5875,40,QA,119161,8,Mumbai,1429932,11916.1,131077.1,Mid-level
employee_5876,21,QA,86491,6,Mumbai,1037892,8649.1,95140.1,Mid-level
employee_5877,47,QA,30565,13,Delhi,366780,3056.5,33621.5,Senior
employee_5878,23,IT,105483,11,Mumbai,1265796,10548.300000000001,116031.3,Senior
employee_5879,32,Finance,97053,12,Pune,1164636,9705.300000000001,106758.3,Senior
employee_5880,50,QA,39287,2,Bangalore,471444,3928.7000000000003,43215.7,Fresher
employee_5881,29,HR,102365,8,Hyderabad,1228380,10236.5,112601.5,Mid-level
employee_5882,57,Sales,27422,13,Mumbai,329064,2742.2000000000003,30164.2,Senior
employee_5883,21,Data,54060,6,Delhi,648720,5406.0,59466.0,Mid-level
employee_5884,24,Data,66633,6,Chennai,799596,6663.3,73296.3,Mid-level
employee_5885,35,QA,96521,6,Mumbai,1158252,9652.1,106173.1,Mid-level
employee_5886,47,Data,38790,1,Pune,465480,3879.0,42669.0,Fresher
employee_5887,28,Data,50168,10,Mumbai,602016,5016.8,55184.8,Mid-level
employee_5888,43,IT,49019,3,Chennai,588228,4901.900000000001,53920.9,Junior
employee_5889,35,HR,68739,9,Bangalore,824868,6873.900000000001,75612.9,Mid-level
employee_5890,47,HR,28668,7,Pune,344016,2866.8,31534.8,Mid-level
employee_5891,51,IT,101280,11,Pune,1215360,10128.0,111408.0,Senior
employee_5892,59,IT,53754,1,Delhi,645048,5375.400000000001,59129.4,Fresher
employee_5893,28,Data,80614,12,Pune,967368,8061.400000000001,88675.4,Senior
employee_5894,50,Finance,110058,3,Chennai,1320696,11005.800000000001,121063.8,Junior
employee_5895,38,Sales,29509,9,Pune,354108,2950.9,32459.9,Mid-level
employee_5896,24,Sales,27500,7,Bangalore,330000,2750.0,30250.0,Mid-level
employee_5897,42,Data,100440,14,Hyderabad,1205280,10044.0,110484.0,Senior
employee_5898,23,Sales,51921,15,Hyderabad,623052,5192.1,57113.1,Senior
employee_5899,35,IT,79551,11,Mumbai,954612,7955.1,87506.1,Senior
employee_5900,55,HR,41683,15,Hyderabad,500196,4168.3,45851.3,Senior
employee_5901,58,Sales,102952,2,Chennai,1235424,10295.2,113247.2,Fresher
employee_5902,53,Data,39833,11,Hyderabad,477996,3983.3,43816.3,Senior
employee_5903,34,Finance,43290,5,Chennai,519480,4329.0,47619.0,Junior
employee_5904,21,Data,39003,11,Chennai,468036,3900.3,42903.3,Senior
employee_5905,46,QA,96656,1,Mumbai,1159872,9665.6,106321.6,Fresher
employee_5906,28,Data,66253,7,Hyderabad,795036,6625.3,72878.3,Mid-level
employee_5907,36,IT,104787,7,Mumbai,1257444,10478.7,115265.7,Mid-level
employee_5908,58,HR,76025,11,Pune,912300,7602.5,83627.5,Senior
employee_5909,30,HR,113022,12,Bangalore,1356264,11302.2,124324.2,Senior
employee_5910,57,Sales,118870,0,Hyderabad,1426440,11887.0,130757.0,Fresher
employee_5911,46,IT,96708,2,Pune,1160496,9670.800000000001,106378.8,Fresher
employee_5912,48,QA,47706,13,Delhi,572472,4770.6,52476.6,Senior
employee_5913,32,IT,109008,14,Pune,1308096,10900.800000000001,119908.8,Senior
employee_5914,40,Data,112231,1,Mumbai,1346772,11223.1,123454.1,Fresher
employee_5915,34,IT,67732,6,Mumbai,812784,6773.200000000001,74505.2,Mid-level
employee_5916,55,IT,101591,6,Bangalore,1219092,10159.1,111750.1,Mid-level
employee_5917,49,QA,57716,15,Bangalore,692592,5771.6,63487.6,Senior
employee_5918,32,Data,31880,3,Bangalore,382560,3188.0,35068.0,Junior
employee_5919,38,Finance,53949,11,Bangalore,647388,5394.900000000001,59343.9,Senior
employee_5920,22,Finance,110346,11,Mumbai,1324152,11034.6,121380.6,Senior
employee_5921,22,HR,91064,7,Chennai,1092768,9106.4,100170.4,Mid-level
employee_5922,37,Sales,68093,2,Mumbai,817116,6809.3,74902.3,Fresher
employee_5923,30,IT,108844,13,Chennai,1306128,10884.400000000001,119728.4,Senior
employee_5924,38,HR,47844,8,Mumbai,574128,4784.400000000001,52628.4,Mid-level
employee_5925,42,QA,47360,4,Delhi,568320,4736.0,52096.0,Junior
employee_5926,39,Finance,112941,13,Mumbai,1355292,11294.1,124235.1,Senior
employee_5927,21,IT,107782,12,Bangalore,1293384,10778.2,118560.2,Senior
employee_5928,44,QA,118328,14,Chennai,1419936,11832.800000000001,130160.8,Senior
employee_5929,56,Sales,68322,13,Pune,819864,6832.200000000001,75154.2,Senior
employee_5930,45,QA,45704,1,Delhi,548448,4570.400000000001,50274.4,Fresher
employee_5931,56,IT,77646,8,Pune,931752,7764.6,85410.6,Mid-level
employee_5932,51,Sales,73181,0,Delhi,878172,7318.1,80499.1,Fresher
employee_5933,51,QA,55589,10,Pune,667068,5558.900000000001,61147.9,Mid-level
employee_5934,22,Sales,112972,7,Bangalore,1355664,11297.2,124269.2,Mid-level
employee_5935,39,IT,115179,5,Pune,1382148,11517.900000000001,126696.9,Junior
employee_5936,32,IT,108562,11,Mumbai,1302744,10856.2,119418.2,Senior
employee_5937,30,Sales,106229,0,Bangalore,1274748,10622.900000000001,116851.9,Fresher
employee_5938,51,Data,34212,13,Pune,410544,3421.2000000000003,37633.2,Senior
employee_5939,42,HR,38850,3,Bangalore,466200,3885.0,42735.0,Junior
employee_5940,43,QA,64767,2,Mumbai,777204,6476.700000000001,71243.7,Fresher
employee_5941,43,QA,32322,6,Bangalore,387864,3232.2000000000003,35554.2,Mid-level
employee_5942,35,Data,60911,6,Pune,730932,6091.1,67002.1,Mid-level
employee_5943,46,Data,71580,5,Bangalore,858960,7158.0,78738.0,Junior
employee_5944,23,Data,75622,13,Delhi,907464,7562.200000000001,83184.2,Senior
employee_5945,43,Finance,30678,9,Hyderabad,368136,3067.8,33745.8,Mid-level
employee_5946,40,Finance,90265,13,Pune,1083180,9026.5,99291.5,Senior
employee_5947,60,Sales,91918,9,Mumbai,1103016,9191.800000000001,101109.8,Mid-level
employee_5948,59,Finance,46780,11,Chennai,561360,4678.0,51458.0,Senior
employee_5949,28,IT,52506,7,Bangalore,630072,5250.6,57756.6,Mid-level
employee_5950,38,Sales,67296,6,Delhi,807552,6729.6,74025.6,Mid-level
employee_5951,26,QA,64882,15,Bangalore,778584,6488.200000000001,71370.2,Senior
employee_5952,47,HR,85510,3,Pune,1026120,8551.0,94061.0,Junior
employee_5953,56,IT,67202,6,Delhi,806424,6720.200000000001,73922.2,Mid-level
employee_5954,35,QA,26705,14,Pune,320460,2670.5,29375.5,Senior
employee_5955,57,QA,96533,0,Hyderabad,1158396,9653.300000000001,106186.3,Fresher
employee_5956,25,Sales,112983,2,Mumbai,1355796,11298.300000000001,124281.3,Fresher
employee_5957,59,Data,65730,15,Delhi,788760,6573.0,72303.0,Senior
employee_5958,29,Data,105071,1,Delhi,1260852,10507.1,115578.1,Fresher
employee_5959,27,IT,115016,6,Bangalore,1380192,11501.6,126517.6,Mid-level
employee_5960,40,Data,56051,8,Bangalore,672612,5605.1,61656.1,Mid-level
employee_5961,30,QA,102665,15,Chennai,1231980,10266.5,112931.5,Senior
employee_5962,46,Data,75467,4,Delhi,905604,7546.700000000001,83013.7,Junior
employee_5963,24,Finance,55785,8,Bangalore,669420,5578.5,61363.5,Mid-level
employee_5964,58,Data,54402,11,Bangalore,652824,5440.200000000001,59842.2,Senior
employee_5965,44,QA,27704,12,Hyderabad,332448,2770.4,30474.4,Senior
employee_5966,34,Sales,52027,7,Chennai,624324,5202.700000000001,57229.7,Mid-level
employee_5967,21,IT,84092,0,Bangalore,1009104,8409.2,92501.2,Fresher
employee_5968,37,HR,30725,13,Bangalore,368700,3072.5,33797.5,Senior
employee_5969,44,Data,89105,10,Mumbai,1069260,8910.5,98015.5,Mid-level
employee_5970,47,QA,50223,1,Delhi,602676,5022.3,55245.3,Fresher
employee_5971,27,HR,117305,5,Bangalore,1407660,11730.5,129035.5,Junior
employee_5972,29,HR,52384,4,Hyderabad,628608,5238.400000000001,57622.4,Junior
employee_5973,55,Finance,87993,14,Bangalore,1055916,8799.300000000001,96792.3,Senior
employee_5974,32,HR,55027,10,Delhi,660324,5502.700000000001,60529.7,Mid-level
employee_5975,41,Sales,37767,6,Bangalore,453204,3776.7000000000003,41543.7,Mid-level
employee_5976,23,QA,112017,8,Pune,1344204,11201.7,123218.7,Mid-level
employee_5977,35,QA,43354,13,Bangalore,520248,4335.400000000001,47689.4,Senior
employee_5978,41,Data,73777,3,Chennai,885324,7377.700000000001,81154.7,Junior
employee_5979,30,Data,109682,7,Delhi,1316184,10968.2,120650.2,Mid-level
employee_5980,53,Data,46901,3,Delhi,562812,4690.1,51591.1,Junior
employee_5981,26,Sales,74966,2,Pune,899592,7496.6,82462.6,Fresher
employee_5982,22,HR,93637,11,Chennai,1123644,9363.7,103000.7,Senior
employee_5983,49,HR,119263,1,Chennai,1431156,11926.300000000001,131189.3,Fresher
employee_5984,60,Finance,41515,7,Delhi,498180,4151.5,45666.5,Mid-level
employee_5985,53,Sales,49806,14,Hyderabad,597672,4980.6,54786.6,Senior
employee_5986,24,Data,28573,10,Bangalore,342876,2857.3,31430.3,Mid-level
employee_5987,24,IT,66941,7,Chennai,803292,6694.1,73635.1,Mid-level
employee_5988,49,Finance,116044,10,Bangalore,1392528,11604.400000000001,127648.4,Mid-level
employee_5989,57,IT,116521,11,Bangalore,1398252,11652.1,128173.1,Senior
employee_5990,40,HR,68915,2,Hyderabad,826980,6891.5,75806.5,Fresher
employee_5991,43,Finance,78780,0,Hyderabad,945360,7878.0,86658.0,Fresher
employee_5992,38,Finance,30060,12,Chennai,360720,3006.0,33066.0,Senior
employee_5993,45,QA,74094,5,Chennai,889128,7409.400000000001,81503.4,Junior
employee_5994,21,HR,81899,4,Delhi,982788,8189.900000000001,90088.9,Junior
employee_5995,35,HR,80421,7,Pune,965052,8042.1,88463.1,Mid-level
employee_5996,54,Sales,70610,14,Bangalore,847320,7061.0,77671.0,Senior
employee_5997,40,Finance,35933,5,Delhi,431196,3593.3,39526.3,Junior
employee_5998,57,HR,97168,3,Bangalore,1166016,9716.800000000001,106884.8,Junior
employee_5999,47,Finance,68898,15,Hyderabad,826776,6889.8,75787.8,Senior
employee_6000,42,Sales,113509,9,Hyderabad,1362108,11350.900000000001,124859.9,Mid-level
employee_6001,25,Sales,30589,9,Delhi,367068,3058.9,33647.9,Mid-level
employee_6002,54,QA,36612,11,Chennai,439344,3661.2000000000003,40273.2,Senior
employee_6003,59,Finance,72611,14,Pune,871332,7261.1,79872.1,Senior
employee_6004,23,HR,43888,11,Pune,526656,4388.8,48276.8,Senior
employee_6005,37,HR,44417,10,Hyderabad,533004,4441.7,48858.7,Mid-level
employee_6006,44,Finance,86323,1,Hyderabad,1035876,8632.300000000001,94955.3,Fresher
employee_6007,44,Finance,102551,7,Pune,1230612,10255.1,112806.1,Mid-level
employee_6008,23,Finance,70440,4,Pune,845280,7044.0,77484.0,Junior
employee_6009,27,Data,60744,11,Chennai,728928,6074.400000000001,66818.4,Senior
employee_6010,45,HR,108391,14,Pune,1300692,10839.1,119230.1,Senior
employee_6011,23,Sales,36891,7,Bangalore,442692,3689.1000000000004,40580.1,Mid-level
employee_6012,35,HR,118298,14,Pune,1419576,11829.800000000001,130127.8,Senior
employee_6013,49,Data,97131,4,Mumbai,1165572,9713.1,106844.1,Junior
employee_6014,49,Finance,87093,5,Pune,1045116,8709.300000000001,95802.3,Junior
employee_6015,30,QA,75294,12,Hyderabad,903528,7529.400000000001,82823.4,Senior
employee_6016,52,Finance,53557,14,Hyderabad,642684,5355.700000000001,58912.7,Senior
employee_6017,43,Finance,112472,9,Mumbai,1349664,11247.2,123719.2,Mid-level
employee_6018,59,Data,86166,13,Bangalore,1033992,8616.6,94782.6,Senior
employee_6019,29,HR,108817,15,Pune,1305804,10881.7,119698.7,Senior
employee_6020,57,Finance,27192,4,Pune,326304,2719.2000000000003,29911.2,Junior
employee_6021,60,HR,70032,10,Mumbai,840384,7003.200000000001,77035.2,Mid-level
employee_6022,34,IT,74851,2,Chennai,898212,7485.1,82336.1,Fresher
employee_6023,24,Sales,67861,9,Chennai,814332,6786.1,74647.1,Mid-level
employee_6024,40,HR,59946,7,Bangalore,719352,5994.6,65940.6,Mid-level
employee_6025,48,QA,74884,2,Pune,898608,7488.400000000001,82372.4,Fresher
employee_6026,34,Sales,71360,3,Pune,856320,7136.0,78496.0,Junior
employee_6027,54,QA,88252,5,Pune,1059024,8825.2,97077.2,Junior
employee_6028,33,Finance,66472,1,Hyderabad,797664,6647.200000000001,73119.2,Fresher
employee_6029,51,Sales,60455,13,Delhi,725460,6045.5,66500.5,Senior
employee_6030,53,HR,53672,15,Chennai,644064,5367.200000000001,59039.2,Senior
employee_6031,59,Sales,28756,6,Delhi,345072,2875.6000000000004,31631.6,Mid-level
employee_6032,48,Finance,113454,4,Mumbai,1361448,11345.400000000001,124799.4,Junior
employee_6033,45,Data,95030,11,Delhi,1140360,9503.0,104533.0,Senior
employee_6034,52,QA,83151,9,Hyderabad,997812,8315.1,91466.1,Mid-level
employee_6035,29,Finance,59047,12,Hyderabad,708564,5904.700000000001,64951.7,Senior
employee_6036,48,Data,97074,4,Chennai,1164888,9707.4,106781.4,Junior
employee_6037,51,Sales,87391,4,Pune,1048692,8739.1,96130.1,Junior
employee_6038,37,Sales,27221,12,Bangalore,326652,2722.1000000000004,29943.1,Senior
employee_6039,43,Finance,30164,12,Delhi,361968,3016.4,33180.4,Senior
employee_6040,33,HR,58622,1,Mumbai,703464,5862.200000000001,64484.2,Fresher
employee_6041,30,Sales,60980,10,Chennai,731760,6098.0,67078.0,Mid-level
employee_6042,36,HR,76738,12,Bangalore,920856,7673.8,84411.8,Senior
employee_6043,26,HR,109688,14,Chennai,1316256,10968.800000000001,120656.8,Senior
employee_6044,31,HR,104921,14,Chennai,1259052,10492.1,115413.1,Senior
employee_6045,23,IT,48612,11,Chennai,583344,4861.2,53473.2,Senior
employee_6046,48,Data,103066,9,Chennai,1236792,10306.6,113372.6,Mid-level
employee_6047,35,Data,93876,8,Pune,1126512,9387.6,103263.6,Mid-level
employee_6048,33,Sales,85572,2,Hyderabad,1026864,8557.2,94129.2,Fresher
employee_6049,37,Sales,113660,11,Delhi,1363920,11366.0,125026.0,Senior
employee_6050,27,HR,58043,6,Chennai,696516,5804.3,63847.3,Mid-level
employee_6051,48,IT,102831,4,Bangalore,1233972,10283.1,113114.1,Junior
employee_6052,58,HR,110783,9,Delhi,1329396,11078.300000000001,121861.3,Mid-level
employee_6053,33,IT,91250,9,Bangalore,1095000,9125.0,100375.0,Mid-level
employee_6054,37,HR,63822,4,Bangalore,765864,6382.200000000001,70204.2,Junior
employee_6055,35,QA,84424,14,Hyderabad,1013088,8442.4,92866.4,Senior
employee_6056,56,QA,91345,3,Hyderabad,1096140,9134.5,100479.5,Junior
employee_6057,48,Finance,77878,9,Bangalore,934536,7787.8,85665.8,Mid-level
employee_6058,35,HR,89963,5,Pune,1079556,8996.300000000001,98959.3,Junior
employee_6059,31,Sales,110898,6,Hyderabad,1330776,11089.800000000001,121987.8,Mid-level
employee_6060,51,Data,25036,6,Hyderabad,300432,2503.6000000000004,27539.6,Mid-level
employee_6061,24,Finance,57402,10,Pune,688824,5740.200000000001,63142.2,Mid-level
employee_6062,55,Sales,115034,11,Chennai,1380408,11503.400000000001,126537.4,Senior
employee_6063,54,QA,118923,14,Hyderabad,1427076,11892.300000000001,130815.3,Senior
employee_6064,47,HR,35273,7,Delhi,423276,3527.3,38800.3,Mid-level
employee_6065,30,Finance,50030,4,Bangalore,600360,5003.0,55033.0,Junior
employee_6066,50,HR,77460,15,Bangalore,929520,7746.0,85206.0,Senior
employee_6067,40,QA,101939,6,Pune,1223268,10193.900000000001,112132.9,Mid-level
employee_6068,49,Finance,105573,15,Bangalore,1266876,10557.300000000001,116130.3,Senior
employee_6069,49,QA,44039,11,Mumbai,528468,4403.900000000001,48442.9,Senior
employee_6070,43,IT,39017,15,Bangalore,468204,3901.7000000000003,42918.7,Senior
employee_6071,41,QA,107901,13,Pune,1294812,10790.1,118691.1,Senior
employee_6072,30,HR,64215,14,Pune,770580,6421.5,70636.5,Senior
employee_6073,32,Data,37583,3,Pune,450996,3758.3,41341.3,Junior
employee_6074,50,QA,57919,14,Delhi,695028,5791.900000000001,63710.9,Senior
employee_6075,53,Sales,72025,8,Mumbai,864300,7202.5,79227.5,Mid-level
employee_6076,38,Data,69254,15,Hyderabad,831048,6925.400000000001,76179.4,Senior
employee_6077,34,IT,71275,15,Chennai,855300,7127.5,78402.5,Senior
employee_6078,42,Finance,82943,4,Bangalore,995316,8294.300000000001,91237.3,Junior
employee_6079,41,Finance,34514,2,Delhi,414168,3451.4,37965.4,Fresher
employee_6080,21,Data,63416,4,Hyderabad,760992,6341.6,69757.6,Junior
employee_6081,35,Finance,26511,8,Pune,318132,2651.1000000000004,29162.1,Mid-level
employee_6082,56,QA,43642,12,Hyderabad,523704,4364.2,48006.2,Senior
employee_6083,42,Data,107151,12,Hyderabad,1285812,10715.1,117866.1,Senior
employee_6084,52,HR,76894,10,Mumbai,922728,7689.400000000001,84583.4,Mid-level
employee_6085,53,QA,49225,7,Pune,590700,4922.5,54147.5,Mid-level
employee_6086,59,QA,45846,0,Delhi,550152,4584.6,50430.6,Fresher
employee_6087,43,QA,54152,4,Delhi,649824,5415.200000000001,59567.2,Junior
employee_6088,22,HR,91107,5,Pune,1093284,9110.7,100217.7,Junior
employee_6089,22,IT,75354,14,Bangalore,904248,7535.400000000001,82889.4,Senior
employee_6090,58,Sales,51188,12,Delhi,614256,5118.8,56306.8,Senior
employee_6091,49,Finance,85910,9,Delhi,1030920,8591.0,94501.0,Mid-level
employee_6092,23,Data,67530,12,Bangalore,810360,6753.0,74283.0,Senior
employee_6093,59,IT,103753,10,Bangalore,1245036,10375.300000000001,114128.3,Mid-level
employee_6094,27,Data,66999,1,Delhi,803988,6699.900000000001,73698.9,Fresher
employee_6095,56,Finance,31609,13,Delhi,379308,3160.9,34769.9,Senior
employee_6096,49,HR,83769,14,Delhi,1005228,8376.9,92145.9,Senior
employee_6097,57,QA,72397,5,Bangalore,868764,7239.700000000001,79636.7,Junior
employee_6098,56,QA,74322,13,Delhi,891864,7432.200000000001,81754.2,Senior
employee_6099,43,HR,30151,8,Hyderabad,361812,3015.1000000000004,33166.1,Mid-level
employee_6100,36,IT,31406,13,Hyderabad,376872,3140.6000000000004,34546.6,Senior
employee_6101,51,IT,87678,3,Bangalore,1052136,8767.800000000001,96445.8,Junior
employee_6102,54,Data,72062,2,Bangalore,864744,7206.200000000001,79268.2,Fresher
employee_6103,21,HR,105429,8,Bangalore,1265148,10542.900000000001,115971.9,Mid-level
employee_6104,38,IT,57956,1,Chennai,695472,5795.6,63751.6,Fresher
employee_6105,60,HR,78830,11,Bangalore,945960,7883.0,86713.0,Senior
employee_6106,35,Finance,97681,8,Chennai,1172172,9768.1,107449.1,Mid-level
employee_6107,37,QA,38133,10,Bangalore,457596,3813.3,41946.3,Mid-level
employee_6108,30,QA,37209,9,Pune,446508,3720.9,40929.9,Mid-level
employee_6109,40,QA,117501,10,Mumbai,1410012,11750.1,129251.1,Mid-level
employee_6110,26,HR,99681,10,Delhi,1196172,9968.1,109649.1,Mid-level
employee_6111,28,HR,79345,1,Delhi,952140,7934.5,87279.5,Fresher
employee_6112,54,Data,67585,13,Hyderabad,811020,6758.5,74343.5,Senior
employee_6113,52,QA,59638,12,Pune,715656,5963.8,65601.8,Senior
employee_6114,24,Data,45645,10,Mumbai,547740,4564.5,50209.5,Mid-level
employee_6115,59,QA,43408,13,Delhi,520896,4340.8,47748.8,Senior
employee_6116,40,Data,37521,14,Delhi,450252,3752.1000000000004,41273.1,Senior
employee_6117,44,Data,112414,9,Chennai,1348968,11241.400000000001,123655.4,Mid-level
employee_6118,44,Finance,63221,2,Hyderabad,758652,6322.1,69543.1,Fresher
employee_6119,46,Data,46086,12,Chennai,553032,4608.6,50694.6,Senior
employee_6120,45,HR,41923,6,Chennai,503076,4192.3,46115.3,Mid-level
employee_6121,56,Data,106761,1,Hyderabad,1281132,10676.1,117437.1,Fresher
employee_6122,27,QA,32202,15,Mumbai,386424,3220.2000000000003,35422.2,Senior
employee_6123,30,Data,117477,0,Hyderabad,1409724,11747.7,129224.7,Fresher
employee_6124,32,IT,62206,8,Bangalore,746472,6220.6,68426.6,Mid-level
employee_6125,21,Sales,44885,15,Chennai,538620,4488.5,49373.5,Senior
employee_6126,45,QA,36218,5,Bangalore,434616,3621.8,39839.8,Junior
employee_6127,36,IT,70692,8,Hyderabad,848304,7069.200000000001,77761.2,Mid-level
employee_6128,25,QA,77689,11,Hyderabad,932268,7768.900000000001,85457.9,Senior
employee_6129,39,HR,119286,15,Delhi,1431432,11928.6,131214.6,Senior
employee_6130,24,Sales,31716,2,Mumbai,380592,3171.6000000000004,34887.6,Fresher
employee_6131,26,Sales,41088,2,Chennai,493056,4108.8,45196.8,Fresher
employee_6132,46,HR,56001,9,Pune,672012,5600.1,61601.1,Mid-level
employee_6133,59,Sales,47584,11,Hyderabad,571008,4758.400000000001,52342.4,Senior
employee_6134,59,HR,29286,2,Delhi,351432,2928.6000000000004,32214.6,Fresher
employee_6135,29,IT,29739,1,Pune,356868,2973.9,32712.9,Fresher
employee_6136,34,Finance,55158,12,Chennai,661896,5515.8,60673.8,Senior
employee_6137,29,QA,30605,10,Bangalore,367260,3060.5,33665.5,Mid-level
employee_6138,35,HR,81492,5,Chennai,977904,8149.200000000001,89641.2,Junior
employee_6139,57,QA,28321,2,Mumbai,339852,2832.1000000000004,31153.1,Fresher
employee_6140,40,IT,69541,4,Pune,834492,6954.1,76495.1,Junior
employee_6141,28,Finance,76701,12,Delhi,920412,7670.1,84371.1,Senior
employee_6142,52,IT,37170,10,Pune,446040,3717.0,40887.0,Mid-level
employee_6143,41,Sales,81045,4,Bangalore,972540,8104.5,89149.5,Junior
employee_6144,39,QA,33933,9,Delhi,407196,3393.3,37326.3,Mid-level
employee_6145,49,Finance,113228,2,Bangalore,1358736,11322.800000000001,124550.8,Fresher
employee_6146,51,Sales,34906,2,Hyderabad,418872,3490.6000000000004,38396.6,Fresher
employee_6147,26,Finance,48814,0,Chennai,585768,4881.400000000001,53695.4,Fresher
employee_6148,24,Sales,25818,5,Mumbai,309816,2581.8,28399.8,Junior
employee_6149,49,IT,33434,2,Hyderabad,401208,3343.4,36777.4,Fresher
employee_6150,23,HR,81153,14,Chennai,973836,8115.3,89268.3,Senior
employee_6151,21,QA,55571,0,Bangalore,666852,5557.1,61128.1,Fresher
employee_6152,35,Data,65694,12,Mumbai,788328,6569.400000000001,72263.4,Senior
employee_6153,41,Data,119426,13,Bangalore,1433112,11942.6,131368.6,Senior
employee_6154,51,IT,70485,13,Delhi,845820,7048.5,77533.5,Senior
employee_6155,27,QA,37069,12,Bangalore,444828,3706.9,40775.9,Senior
employee_6156,37,QA,82198,9,Pune,986376,8219.800000000001,90417.8,Mid-level
employee_6157,39,IT,63662,15,Chennai,763944,6366.200000000001,70028.2,Senior
employee_6158,59,QA,113970,15,Hyderabad,1367640,11397.0,125367.0,Senior
employee_6159,23,HR,77169,8,Pune,926028,7716.900000000001,84885.9,Mid-level
employee_6160,50,IT,97928,10,Delhi,1175136,9792.800000000001,107720.8,Mid-level
employee_6161,55,HR,41102,0,Chennai,493224,4110.2,45212.2,Fresher
employee_6162,49,QA,58457,4,Delhi,701484,5845.700000000001,64302.7,Junior
employee_6163,34,IT,112798,4,Chennai,1353576,11279.800000000001,124077.8,Junior
employee_6164,55,QA,77290,14,Chennai,927480,7729.0,85019.0,Senior
employee_6165,48,IT,36932,15,Mumbai,443184,3693.2000000000003,40625.2,Senior
employee_6166,50,QA,36766,1,Pune,441192,3676.6000000000004,40442.6,Fresher
employee_6167,46,HR,113247,15,Hyderabad,1358964,11324.7,124571.7,Senior
employee_6168,27,HR,38292,13,Pune,459504,3829.2000000000003,42121.2,Senior
employee_6169,59,QA,111223,13,Delhi,1334676,11122.300000000001,122345.3,Senior
employee_6170,51,IT,72631,12,Bangalore,871572,7263.1,79894.1,Senior
employee_6171,25,Data,116435,0,Delhi,1397220,11643.5,128078.5,Fresher
employee_6172,55,HR,97944,5,Chennai,1175328,9794.4,107738.4,Junior
employee_6173,34,HR,101230,14,Bangalore,1214760,10123.0,111353.0,Senior
employee_6174,56,Sales,59533,6,Pune,714396,5953.3,65486.3,Mid-level
employee_6175,47,Data,105773,10,Hyderabad,1269276,10577.300000000001,116350.3,Mid-level
employee_6176,44,QA,30778,10,Bangalore,369336,3077.8,33855.8,Mid-level
employee_6177,60,IT,60059,8,Bangalore,720708,6005.900000000001,66064.9,Mid-level
employee_6178,49,Sales,117097,15,Mumbai,1405164,11709.7,128806.7,Senior
employee_6179,42,QA,29866,7,Pune,358392,2986.6000000000004,32852.6,Mid-level
employee_6180,28,Finance,98965,9,Bangalore,1187580,9896.5,108861.5,Mid-level
employee_6181,35,HR,85661,2,Pune,1027932,8566.1,94227.1,Fresher
employee_6182,25,Finance,68352,8,Hyderabad,820224,6835.200000000001,75187.2,Mid-level
employee_6183,24,HR,113373,0,Bangalore,1360476,11337.300000000001,124710.3,Fresher
employee_6184,31,HR,75736,12,Hyderabad,908832,7573.6,83309.6,Senior
employee_6185,38,Finance,59075,5,Delhi,708900,5907.5,64982.5,Junior
employee_6186,50,Finance,116931,12,Bangalore,1403172,11693.1,128624.1,Senior
employee_6187,35,QA,106951,13,Chennai,1283412,10695.1,117646.1,Senior
employee_6188,26,Sales,49104,9,Mumbai,589248,4910.400000000001,54014.4,Mid-level
employee_6189,36,Sales,90827,1,Mumbai,1089924,9082.7,99909.7,Fresher
employee_6190,60,Finance,94222,9,Mumbai,1130664,9422.2,103644.2,Mid-level
employee_6191,29,QA,26642,8,Hyderabad,319704,2664.2000000000003,29306.2,Mid-level
employee_6192,54,Sales,87845,8,Pune,1054140,8784.5,96629.5,Mid-level
employee_6193,47,QA,114686,7,Mumbai,1376232,11468.6,126154.6,Mid-level
employee_6194,33,QA,33769,12,Delhi,405228,3376.9,37145.9,Senior
employee_6195,56,HR,94445,10,Bangalore,1133340,9444.5,103889.5,Mid-level
employee_6196,47,Sales,75375,6,Bangalore,904500,7537.5,82912.5,Mid-level
employee_6197,29,Sales,57078,13,Chennai,684936,5707.8,62785.8,Senior
employee_6198,25,HR,37268,5,Hyderabad,447216,3726.8,40994.8,Junior
employee_6199,42,Finance,35844,1,Bangalore,430128,3584.4,39428.4,Fresher
employee_6200,51,HR,99174,15,Bangalore,1190088,9917.400000000001,109091.4,Senior
employee_6201,23,Sales,85763,13,Chennai,1029156,8576.300000000001,94339.3,Senior
employee_6202,50,Sales,36233,3,Chennai,434796,3623.3,39856.3,Junior
employee_6203,41,Finance,55496,9,Pune,665952,5549.6,61045.6,Mid-level
employee_6204,55,HR,42806,6,Pune,513672,4280.6,47086.6,Mid-level
employee_6205,26,IT,65326,13,Pune,783912,6532.6,71858.6,Senior
employee_6206,48,IT,103807,12,Bangalore,1245684,10380.7,114187.7,Senior
employee_6207,52,Finance,64513,5,Chennai,774156,6451.3,70964.3,Junior
employee_6208,57,HR,76761,8,Delhi,921132,7676.1,84437.1,Mid-level
employee_6209,45,HR,44465,12,Hyderabad,533580,4446.5,48911.5,Senior
employee_6210,52,QA,64502,12,Pune,774024,6450.200000000001,70952.2,Senior
employee_6211,55,Sales,104396,4,Delhi,1252752,10439.6,114835.6,Junior
employee_6212,42,Data,33250,11,Mumbai,399000,3325.0,36575.0,Senior
employee_6213,44,Finance,85503,11,Bangalore,1026036,8550.300000000001,94053.3,Senior
employee_6214,59,Data,46310,5,Hyderabad,555720,4631.0,50941.0,Junior
employee_6215,50,Data,118518,9,Bangalore,1422216,11851.800000000001,130369.8,Mid-level
employee_6216,52,Finance,57206,15,Delhi,686472,5720.6,62926.6,Senior
employee_6217,51,HR,34764,5,Pune,417168,3476.4,38240.4,Junior
employee_6218,43,Finance,80596,13,Delhi,967152,8059.6,88655.6,Senior
employee_6219,60,Data,37842,7,Delhi,454104,3784.2000000000003,41626.2,Mid-level
employee_6220,53,Sales,114579,7,Bangalore,1374948,11457.900000000001,126036.9,Mid-level
employee_6221,45,Sales,27976,5,Pune,335712,2797.6000000000004,30773.6,Junior
employee_6222,56,Sales,32426,7,Bangalore,389112,3242.6000000000004,35668.6,Mid-level
employee_6223,44,HR,47887,6,Pune,574644,4788.7,52675.7,Mid-level
employee_6224,51,IT,51710,0,Chennai,620520,5171.0,56881.0,Fresher
employee_6225,59,Finance,66387,4,Chennai,796644,6638.700000000001,73025.7,Junior
employee_6226,33,Sales,72470,10,Chennai,869640,7247.0,79717.0,Mid-level
employee_6227,30,Finance,31486,14,Chennai,377832,3148.6000000000004,34634.6,Senior
employee_6228,43,Sales,64258,9,Chennai,771096,6425.8,70683.8,Mid-level
employee_6229,38,HR,47623,9,Mumbai,571476,4762.3,52385.3,Mid-level
employee_6230,52,IT,48806,12,Bangalore,585672,4880.6,53686.6,Senior
employee_6231,53,IT,30973,9,Delhi,371676,3097.3,34070.3,Mid-level
employee_6232,56,Sales,71215,4,Chennai,854580,7121.5,78336.5,Junior
employee_6233,48,HR,70939,9,Mumbai,851268,7093.900000000001,78032.9,Mid-level
employee_6234,36,QA,54157,13,Mumbai,649884,5415.700000000001,59572.7,Senior
employee_6235,36,Finance,30521,8,Bangalore,366252,3052.1000000000004,33573.1,Mid-level
employee_6236,38,Finance,37891,6,Bangalore,454692,3789.1000000000004,41680.1,Mid-level
employee_6237,28,Data,107331,6,Pune,1287972,10733.1,118064.1,Mid-level
employee_6238,36,HR,47474,9,Pune,569688,4747.400000000001,52221.4,Mid-level
employee_6239,31,Data,51507,14,Chennai,618084,5150.700000000001,56657.7,Senior
employee_6240,26,Sales,35687,1,Hyderabad,428244,3568.7000000000003,39255.7,Fresher
employee_6241,21,Data,36009,15,Pune,432108,3600.9,39609.9,Senior
employee_6242,32,IT,113762,7,Hyderabad,1365144,11376.2,125138.2,Mid-level
employee_6243,58,Finance,113484,15,Delhi,1361808,11348.400000000001,124832.4,Senior
employee_6244,48,Data,69291,2,Pune,831492,6929.1,76220.1,Fresher
employee_6245,37,IT,73296,14,Delhi,879552,7329.6,80625.6,Senior
employee_6246,21,HR,65225,8,Mumbai,782700,6522.5,71747.5,Mid-level
employee_6247,52,Data,112638,14,Mumbai,1351656,11263.800000000001,123901.8,Senior
employee_6248,28,Sales,59828,5,Delhi,717936,5982.8,65810.8,Junior
employee_6249,60,Sales,61102,8,Mumbai,733224,6110.200000000001,67212.2,Mid-level
employee_6250,44,Sales,81342,14,Delhi,976104,8134.200000000001,89476.2,Senior
employee_6251,30,Finance,58712,8,Hyderabad,704544,5871.200000000001,64583.2,Mid-level
employee_6252,59,Data,51823,6,Chennai,621876,5182.3,57005.3,Mid-level
employee_6253,59,HR,30361,9,Delhi,364332,3036.1000000000004,33397.1,Mid-level
employee_6254,30,Data,116374,11,Pune,1396488,11637.400000000001,128011.4,Senior
employee_6255,56,Finance,105174,7,Pune,1262088,10517.400000000001,115691.4,Mid-level
employee_6256,45,IT,63052,1,Hyderabad,756624,6305.200000000001,69357.2,Fresher
employee_6257,30,Finance,48265,4,Delhi,579180,4826.5,53091.5,Junior
employee_6258,39,Sales,115287,15,Mumbai,1383444,11528.7,126815.7,Senior
employee_6259,35,IT,67012,14,Chennai,804144,6701.200000000001,73713.2,Senior
employee_6260,36,Sales,35916,2,Pune,430992,3591.6000000000004,39507.6,Fresher
employee_6261,22,QA,100045,0,Chennai,1200540,10004.5,110049.5,Fresher
employee_6262,49,Finance,70532,12,Chennai,846384,7053.200000000001,77585.2,Senior
employee_6263,24,Finance,72659,5,Bangalore,871908,7265.900000000001,79924.9,Junior
employee_6264,49,HR,114860,15,Chennai,1378320,11486.0,126346.0,Senior
employee_6265,51,Data,39003,12,Delhi,468036,3900.3,42903.3,Senior
employee_6266,37,IT,118479,15,Bangalore,1421748,11847.900000000001,130326.9,Senior
employee_6267,30,IT,67634,11,Hyderabad,811608,6763.400000000001,74397.4,Senior
employee_6268,47,HR,99992,14,Mumbai,1199904,9999.2,109991.2,Senior
employee_6269,35,HR,36369,8,Bangalore,436428,3636.9,40005.9,Mid-level
employee_6270,51,Data,44329,1,Chennai,531948,4432.900000000001,48761.9,Fresher
employee_6271,41,Sales,103754,8,Mumbai,1245048,10375.400000000001,114129.4,Mid-level
employee_6272,46,Data,111700,7,Chennai,1340400,11170.0,122870.0,Mid-level
employee_6273,58,Finance,37410,10,Chennai,448920,3741.0,41151.0,Mid-level
employee_6274,56,Sales,54730,8,Bangalore,656760,5473.0,60203.0,Mid-level
employee_6275,37,QA,27665,4,Hyderabad,331980,2766.5,30431.5,Junior
employee_6276,23,Data,64899,12,Chennai,778788,6489.900000000001,71388.9,Senior
employee_6277,34,HR,62703,1,Delhi,752436,6270.3,68973.3,Fresher
employee_6278,33,Sales,90951,9,Bangalore,1091412,9095.1,100046.1,Mid-level
employee_6279,47,Data,49172,9,Delhi,590064,4917.200000000001,54089.2,Mid-level
employee_6280,21,IT,27684,5,Delhi,332208,2768.4,30452.4,Junior
employee_6281,37,QA,98030,6,Chennai,1176360,9803.0,107833.0,Mid-level
employee_6282,54,Finance,44750,2,Delhi,537000,4475.0,49225.0,Fresher
employee_6283,34,IT,44887,13,Mumbai,538644,4488.7,49375.7,Senior
employee_6284,37,IT,45826,15,Hyderabad,549912,4582.6,50408.6,Senior
employee_6285,23,QA,31180,5,Chennai,374160,3118.0,34298.0,Junior
employee_6286,54,Finance,71779,5,Delhi,861348,7177.900000000001,78956.9,Junior
employee_6287,60,HR,93095,7,Hyderabad,1117140,9309.5,102404.5,Mid-level
employee_6288,45,Sales,87288,0,Hyderabad,1047456,8728.800000000001,96016.8,Fresher
employee_6289,22,Finance,65905,3,Mumbai,790860,6590.5,72495.5,Junior
employee_6290,54,Data,94507,15,Mumbai,1134084,9450.7,103957.7,Senior
employee_6291,46,IT,81068,14,Pune,972816,8106.8,89174.8,Senior
employee_6292,51,Data,43113,0,Hyderabad,517356,4311.3,47424.3,Fresher
employee_6293,29,HR,67861,7,Chennai,814332,6786.1,74647.1,Mid-level
employee_6294,50,Data,103487,1,Mumbai,1241844,10348.7,113835.7,Fresher
employee_6295,40,Finance,50617,7,Chennai,607404,5061.700000000001,55678.7,Mid-level
employee_6296,41,Data,27583,2,Hyderabad,330996,2758.3,30341.3,Fresher
employee_6297,49,HR,116164,7,Mumbai,1393968,11616.400000000001,127780.4,Mid-level
employee_6298,45,HR,51250,5,Pune,615000,5125.0,56375.0,Junior
employee_6299,58,HR,28055,0,Hyderabad,336660,2805.5,30860.5,Fresher
employee_6300,45,Finance,97337,6,Chennai,1168044,9733.7,107070.7,Mid-level
employee_6301,29,HR,59426,12,Pune,713112,5942.6,65368.6,Senior
employee_6302,59,IT,85532,6,Hyderabad,1026384,8553.2,94085.2,Mid-level
employee_6303,46,HR,114376,5,Mumbai,1372512,11437.6,125813.6,Junior
employee_6304,57,Data,34933,14,Delhi,419196,3493.3,38426.3,Senior
employee_6305,36,Sales,56979,0,Hyderabad,683748,5697.900000000001,62676.9,Fresher
employee_6306,57,Data,70047,4,Bangalore,840564,7004.700000000001,77051.7,Junior
employee_6307,32,Sales,29137,15,Chennai,349644,2913.7000000000003,32050.7,Senior
employee_6308,44,Data,36423,0,Mumbai,437076,3642.3,40065.3,Fresher
employee_6309,46,Finance,114851,15,Mumbai,1378212,11485.1,126336.1,Senior
employee_6310,40,Data,59482,0,Bangalore,713784,5948.200000000001,65430.2,Fresher
employee_6311,29,Finance,69156,15,Delhi,829872,6915.6,76071.6,Senior
employee_6312,43,Finance,77483,5,Pune,929796,7748.3,85231.3,Junior
employee_6313,59,HR,59754,7,Mumbai,717048,5975.400000000001,65729.4,Mid-level
employee_6314,49,IT,61312,0,Pune,735744,6131.200000000001,67443.2,Fresher
employee_6315,51,Sales,48363,1,Pune,580356,4836.3,53199.3,Fresher
employee_6316,39,HR,42085,14,Pune,505020,4208.5,46293.5,Senior
employee_6317,40,HR,81889,4,Delhi,982668,8188.900000000001,90077.9,Junior
employee_6318,43,Finance,104951,7,Hyderabad,1259412,10495.1,115446.1,Mid-level
employee_6319,47,Finance,81414,10,Bangalore,976968,8141.400000000001,89555.4,Mid-level
employee_6320,50,Sales,72052,3,Chennai,864624,7205.200000000001,79257.2,Junior
employee_6321,41,Data,111934,14,Bangalore,1343208,11193.400000000001,123127.4,Senior
employee_6322,55,Data,57691,13,Mumbai,692292,5769.1,63460.1,Senior
employee_6323,27,HR,97195,4,Bangalore,1166340,9719.5,106914.5,Junior
employee_6324,42,QA,111180,9,Chennai,1334160,11118.0,122298.0,Mid-level
employee_6325,30,QA,79697,4,Hyderabad,956364,7969.700000000001,87666.7,Junior
employee_6326,43,Data,28044,2,Mumbai,336528,2804.4,30848.4,Fresher
employee_6327,35,QA,28883,5,Hyderabad,346596,2888.3,31771.3,Junior
employee_6328,50,Data,56712,4,Mumbai,680544,5671.200000000001,62383.2,Junior
employee_6329,54,Finance,109860,14,Chennai,1318320,10986.0,120846.0,Senior
employee_6330,33,HR,46545,1,Hyderabad,558540,4654.5,51199.5,Fresher
employee_6331,24,IT,43204,13,Chennai,518448,4320.400000000001,47524.4,Senior
employee_6332,38,HR,48268,9,Chennai,579216,4826.8,53094.8,Mid-level
employee_6333,43,Data,106298,13,Delhi,1275576,10629.800000000001,116927.8,Senior
employee_6334,53,Data,118907,3,Bangalore,1426884,11890.7,130797.7,Junior
employee_6335,54,HR,109383,10,Mumbai,1312596,10938.300000000001,120321.3,Mid-level
employee_6336,54,Sales,61139,3,Pune,733668,6113.900000000001,67252.9,Junior
employee_6337,56,Data,100652,6,Pune,1207824,10065.2,110717.2,Mid-level
employee_6338,55,QA,53436,14,Hyderabad,641232,5343.6,58779.6,Senior
employee_6339,37,QA,93324,6,Chennai,1119888,9332.4,102656.4,Mid-level
employee_6340,48,Data,29125,8,Bangalore,349500,2912.5,32037.5,Mid-level
employee_6341,34,Data,94142,14,Mumbai,1129704,9414.2,103556.2,Senior
employee_6342,54,Sales,66534,9,Hyderabad,798408,6653.400000000001,73187.4,Mid-level
employee_6343,31,QA,111842,11,Chennai,1342104,11184.2,123026.2,Senior
employee_6344,33,Data,67973,1,Delhi,815676,6797.3,74770.3,Fresher
employee_6345,53,Data,101369,5,Pune,1216428,10136.900000000001,111505.9,Junior
employee_6346,22,Sales,112533,15,Pune,1350396,11253.300000000001,123786.3,Senior
employee_6347,54,Sales,58521,1,Mumbai,702252,5852.1,64373.1,Fresher
employee_6348,49,HR,32488,8,Mumbai,389856,3248.8,35736.8,Mid-level
employee_6349,57,Sales,64974,1,Mumbai,779688,6497.400000000001,71471.4,Fresher
employee_6350,24,IT,67448,5,Hyderabad,809376,6744.8,74192.8,Junior
employee_6351,32,QA,32938,7,Mumbai,395256,3293.8,36231.8,Mid-level
employee_6352,46,HR,76113,5,Hyderabad,913356,7611.3,83724.3,Junior
employee_6353,48,IT,40770,11,Bangalore,489240,4077.0,44847.0,Senior
employee_6354,23,Data,77635,14,Chennai,931620,7763.5,85398.5,Senior
employee_6355,40,Data,97171,2,Pune,1166052,9717.1,106888.1,Fresher
employee_6356,30,HR,99165,4,Hyderabad,1189980,9916.5,109081.5,Junior
employee_6357,38,Sales,82822,15,Chennai,993864,8282.2,91104.2,Senior
employee_6358,47,Data,74934,3,Delhi,899208,7493.400000000001,82427.4,Junior
employee_6359,51,Finance,90526,15,Mumbai,1086312,9052.6,99578.6,Senior
employee_6360,47,HR,46487,0,Pune,557844,4648.7,51135.7,Fresher
employee_6361,21,IT,78319,4,Delhi,939828,7831.900000000001,86150.9,Junior
employee_6362,26,HR,37869,9,Hyderabad,454428,3786.9,41655.9,Mid-level
employee_6363,31,QA,99755,11,Mumbai,1197060,9975.5,109730.5,Senior
employee_6364,54,Sales,65797,4,Chennai,789564,6579.700000000001,72376.7,Junior
employee_6365,59,Sales,81298,6,Bangalore,975576,8129.8,89427.8,Mid-level
employee_6366,40,HR,107209,14,Chennai,1286508,10720.900000000001,117929.9,Senior
employee_6367,41,Data,107299,11,Hyderabad,1287588,10729.900000000001,118028.9,Senior
employee_6368,41,Data,69933,6,Bangalore,839196,6993.3,76926.3,Mid-level
employee_6369,38,Finance,101579,1,Bangalore,1218948,10157.900000000001,111736.9,Fresher
employee_6370,41,Finance,34570,13,Mumbai,414840,3457.0,38027.0,Senior
employee_6371,39,Sales,31886,3,Chennai,382632,3188.6000000000004,35074.6,Junior
employee_6372,24,Finance,92494,0,Hyderabad,1109928,9249.4,101743.4,Fresher
employee_6373,33,IT,68087,12,Delhi,817044,6808.700000000001,74895.7,Senior
employee_6374,38,Finance,115177,4,Delhi,1382124,11517.7,126694.7,Junior
employee_6375,49,IT,92719,4,Bangalore,1112628,9271.9,101990.9,Junior
employee_6376,45,Finance,119606,3,Mumbai,1435272,11960.6,131566.6,Junior
employee_6377,33,Sales,28774,9,Delhi,345288,2877.4,31651.4,Mid-level
employee_6378,47,Sales,54018,11,Bangalore,648216,5401.8,59419.8,Senior
employee_6379,39,IT,110839,11,Chennai,1330068,11083.900000000001,121922.9,Senior
employee_6380,21,HR,39272,6,Delhi,471264,3927.2000000000003,43199.2,Mid-level
employee_6381,58,Sales,47586,5,Pune,571032,4758.6,52344.6,Junior
employee_6382,39,HR,58545,12,Hyderabad,702540,5854.5,64399.5,Senior
employee_6383,21,Data,27566,9,Pune,330792,2756.6000000000004,30322.6,Mid-level
employee_6384,60,IT,101489,2,Chennai,1217868,10148.900000000001,111637.9,Fresher
employee_6385,37,Sales,90355,15,Pune,1084260,9035.5,99390.5,Senior
employee_6386,41,QA,56696,1,Chennai,680352,5669.6,62365.6,Fresher
employee_6387,42,Data,97940,14,Chennai,1175280,9794.0,107734.0,Senior
employee_6388,35,HR,92117,3,Mumbai,1105404,9211.7,101328.7,Junior
employee_6389,59,Sales,104602,8,Pune,1255224,10460.2,115062.2,Mid-level
employee_6390,59,IT,65735,9,Bangalore,788820,6573.5,72308.5,Mid-level
employee_6391,52,Finance,98375,4,Chennai,1180500,9837.5,108212.5,Junior
employee_6392,24,QA,75637,0,Pune,907644,7563.700000000001,83200.7,Fresher
employee_6393,52,HR,47129,10,Bangalore,565548,4712.900000000001,51841.9,Mid-level
employee_6394,24,Data,55845,2,Hyderabad,670140,5584.5,61429.5,Fresher
employee_6395,21,IT,104449,15,Bangalore,1253388,10444.900000000001,114893.9,Senior
employee_6396,53,QA,91500,8,Pune,1098000,9150.0,100650.0,Mid-level
employee_6397,27,IT,35739,6,Pune,428868,3573.9,39312.9,Mid-level
employee_6398,29,Sales,83172,2,Bangalore,998064,8317.2,91489.2,Fresher
employee_6399,21,Finance,27673,0,Bangalore,332076,2767.3,30440.3,Fresher
employee_6400,36,Data,56171,3,Delhi,674052,5617.1,61788.1,Junior
employee_6401,38,IT,114179,8,Chennai,1370148,11417.900000000001,125596.9,Mid-level
employee_6402,26,HR,35624,11,Pune,427488,3562.4,39186.4,Senior
employee_6403,22,Sales,91764,15,Chennai,1101168,9176.4,100940.4,Senior
employee_6404,29,Sales,77930,6,Chennai,935160,7793.0,85723.0,Mid-level
employee_6405,24,Data,59608,4,Hyderabad,715296,5960.8,65568.8,Junior
employee_6406,43,Sales,74649,12,Pune,895788,7464.900000000001,82113.9,Senior
employee_6407,28,HR,107456,10,Chennai,1289472,10745.6,118201.6,Mid-level
employee_6408,59,IT,44689,13,Hyderabad,536268,4468.900000000001,49157.9,Senior
employee_6409,45,Data,88503,5,Delhi,1062036,8850.300000000001,97353.3,Junior
employee_6410,36,Sales,97660,0,Chennai,1171920,9766.0,107426.0,Fresher
employee_6411,55,Sales,67124,6,Chennai,805488,6712.400000000001,73836.4,Mid-level
employee_6412,37,HR,32587,15,Delhi,391044,3258.7000000000003,35845.7,Senior
employee_6413,38,Finance,28527,11,Pune,342324,2852.7000000000003,31379.7,Senior
employee_6414,47,Finance,58067,4,Bangalore,696804,5806.700000000001,63873.7,Junior
employee_6415,35,Sales,76538,6,Delhi,918456,7653.8,84191.8,Mid-level
employee_6416,37,IT,94499,4,Bangalore,1133988,9449.9,103948.9,Junior
employee_6417,25,Data,62455,4,Pune,749460,6245.5,68700.5,Junior
employee_6418,36,Sales,45243,2,Bangalore,542916,4524.3,49767.3,Fresher
employee_6419,35,QA,57693,4,Mumbai,692316,5769.3,63462.3,Junior
employee_6420,54,Data,94231,7,Bangalore,1130772,9423.1,103654.1,Mid-level
employee_6421,39,Finance,99648,13,Delhi,1195776,9964.800000000001,109612.8,Senior
employee_6422,28,Sales,57059,7,Chennai,684708,5705.900000000001,62764.9,Mid-level
employee_6423,30,HR,83867,1,Chennai,1006404,8386.7,92253.7,Fresher
employee_6424,25,QA,97778,10,Hyderabad,1173336,9777.800000000001,107555.8,Mid-level
employee_6425,46,Sales,100477,0,Delhi,1205724,10047.7,110524.7,Fresher
employee_6426,42,IT,80283,1,Pune,963396,8028.3,88311.3,Fresher
employee_6427,43,QA,88853,10,Hyderabad,1066236,8885.300000000001,97738.3,Mid-level
employee_6428,33,Sales,45001,6,Chennai,540012,4500.1,49501.1,Mid-level
employee_6429,29,IT,27700,2,Chennai,332400,2770.0,30470.0,Fresher
employee_6430,40,QA,75157,7,Hyderabad,901884,7515.700000000001,82672.7,Mid-level
employee_6431,48,IT,43085,3,Delhi,517020,4308.5,47393.5,Junior
employee_6432,57,IT,88883,9,Mumbai,1066596,8888.300000000001,97771.3,Mid-level
employee_6433,44,QA,83147,9,Bangalore,997764,8314.7,91461.7,Mid-level
employee_6434,53,QA,38339,7,Mumbai,460068,3833.9,42172.9,Mid-level
employee_6435,40,IT,40834,13,Mumbai,490008,4083.4,44917.4,Senior
employee_6436,50,Finance,101620,1,Mumbai,1219440,10162.0,111782.0,Fresher
employee_6437,29,QA,54543,12,Delhi,654516,5454.3,59997.3,Senior
employee_6438,37,Sales,60930,13,Mumbai,731160,6093.0,67023.0,Senior
employee_6439,56,Data,66074,14,Bangalore,792888,6607.400000000001,72681.4,Senior
employee_6440,34,HR,85673,4,Pune,1028076,8567.300000000001,94240.3,Junior
employee_6441,39,IT,54044,5,Hyderabad,648528,5404.400000000001,59448.4,Junior
employee_6442,27,IT,103673,0,Mumbai,1244076,10367.300000000001,114040.3,Fresher
employee_6443,23,HR,59905,14,Mumbai,718860,5990.5,65895.5,Senior
employee_6444,53,Finance,79004,13,Hyderabad,948048,7900.400000000001,86904.4,Senior
employee_6445,52,HR,87761,0,Hyderabad,1053132,8776.1,96537.1,Fresher
employee_6446,31,QA,96484,13,Pune,1157808,9648.4,106132.4,Senior
employee_6447,22,HR,108725,8,Chennai,1304700,10872.5,119597.5,Mid-level
employee_6448,46,IT,113333,4,Pune,1359996,11333.300000000001,124666.3,Junior
employee_6449,24,HR,94105,14,Chennai,1129260,9410.5,103515.5,Senior
employee_6450,37,Data,51012,14,Delhi,612144,5101.200000000001,56113.2,Senior
employee_6451,37,Sales,88696,13,Bangalore,1064352,8869.6,97565.6,Senior
employee_6452,48,QA,103513,3,Pune,1242156,10351.300000000001,113864.3,Junior
employee_6453,50,HR,46694,13,Bangalore,560328,4669.400000000001,51363.4,Senior
employee_6454,60,IT,69388,0,Hyderabad,832656,6938.8,76326.8,Fresher
employee_6455,43,Sales,107368,14,Pune,1288416,10736.800000000001,118104.8,Senior
employee_6456,44,QA,57835,2,Delhi,694020,5783.5,63618.5,Fresher
employee_6457,49,IT,92398,12,Hyderabad,1108776,9239.800000000001,101637.8,Senior
employee_6458,24,Finance,43186,3,Delhi,518232,4318.6,47504.6,Junior
employee_6459,58,Data,54545,10,Delhi,654540,5454.5,59999.5,Mid-level
employee_6460,49,Finance,69391,15,Mumbai,832692,6939.1,76330.1,Senior
employee_6461,39,Data,98855,10,Hyderabad,1186260,9885.5,108740.5,Mid-level
employee_6462,47,HR,70788,4,Delhi,849456,7078.8,77866.8,Junior
employee_6463,49,QA,53401,13,Mumbai,640812,5340.1,58741.1,Senior
employee_6464,56,HR,83611,9,Chennai,1003332,8361.1,91972.1,Mid-level
employee_6465,55,Data,37202,11,Mumbai,446424,3720.2000000000003,40922.2,Senior
employee_6466,26,Data,88368,13,Chennai,1060416,8836.800000000001,97204.8,Senior
employee_6467,43,Data,110658,4,Mumbai,1327896,11065.800000000001,121723.8,Junior
employee_6468,59,Sales,58135,9,Mumbai,697620,5813.5,63948.5,Mid-level
employee_6469,28,IT,113121,7,Bangalore,1357452,11312.1,124433.1,Mid-level
employee_6470,22,QA,88535,12,Bangalore,1062420,8853.5,97388.5,Senior
employee_6471,33,HR,39897,12,Hyderabad,478764,3989.7000000000003,43886.7,Senior
employee_6472,60,HR,46291,2,Delhi,555492,4629.1,50920.1,Fresher
employee_6473,41,Finance,78408,6,Bangalore,940896,7840.8,86248.8,Mid-level
employee_6474,51,Data,98830,13,Chennai,1185960,9883.0,108713.0,Senior
employee_6475,56,Data,79093,15,Bangalore,949116,7909.3,87002.3,Senior
employee_6476,58,Data,29507,12,Hyderabad,354084,2950.7000000000003,32457.7,Senior
employee_6477,47,HR,53854,5,Pune,646248,5385.400000000001,59239.4,Junior
employee_6478,56,Finance,40475,9,Chennai,485700,4047.5,44522.5,Mid-level
employee_6479,43,IT,69905,10,Pune,838860,6990.5,76895.5,Mid-level
employee_6480,41,Sales,104870,9,Chennai,1258440,10487.0,115357.0,Mid-level
employee_6481,33,QA,109366,9,Delhi,1312392,10936.6,120302.6,Mid-level
employee_6482,57,IT,117814,10,Delhi,1413768,11781.400000000001,129595.4,Mid-level
employee_6483,46,HR,109285,5,Delhi,1311420,10928.5,120213.5,Junior
employee_6484,60,Sales,65185,9,Hyderabad,782220,6518.5,71703.5,Mid-level
employee_6485,27,Sales,89398,8,Bangalore,1072776,8939.800000000001,98337.8,Mid-level
employee_6486,59,Sales,115608,13,Pune,1387296,11560.800000000001,127168.8,Senior
employee_6487,42,Data,101593,14,Pune,1219116,10159.300000000001,111752.3,Senior
employee_6488,59,QA,51427,6,Bangalore,617124,5142.700000000001,56569.7,Mid-level
employee_6489,43,HR,80535,12,Hyderabad,966420,8053.5,88588.5,Senior
employee_6490,50,HR,101572,10,Bangalore,1218864,10157.2,111729.2,Mid-level
employee_6491,38,Sales,88690,6,Mumbai,1064280,8869.0,97559.0,Mid-level
employee_6492,38,HR,39060,10,Mumbai,468720,3906.0,42966.0,Mid-level
employee_6493,30,QA,75641,13,Delhi,907692,7564.1,83205.1,Senior
employee_6494,59,QA,38607,0,Mumbai,463284,3860.7000000000003,42467.7,Fresher
employee_6495,50,Finance,88560,15,Pune,1062720,8856.0,97416.0,Senior
employee_6496,46,Finance,89213,0,Delhi,1070556,8921.300000000001,98134.3,Fresher
employee_6497,27,IT,114610,8,Pune,1375320,11461.0,126071.0,Mid-level
employee_6498,27,QA,86776,8,Hyderabad,1041312,8677.6,95453.6,Mid-level
employee_6499,25,QA,73864,11,Chennai,886368,7386.400000000001,81250.4,Senior
employee_6500,21,QA,110309,15,Bangalore,1323708,11030.900000000001,121339.9,Senior
employee_6501,38,Finance,57970,10,Chennai,695640,5797.0,63767.0,Mid-level
employee_6502,33,Sales,53210,9,Pune,638520,5321.0,58531.0,Mid-level
employee_6503,45,Sales,69088,2,Bangalore,829056,6908.8,75996.8,Fresher
employee_6504,60,HR,85035,14,Pune,1020420,8503.5,93538.5,Senior
employee_6505,28,Sales,36683,15,Hyderabad,440196,3668.3,40351.3,Senior
employee_6506,30,Data,27962,10,Delhi,335544,2796.2000000000003,30758.2,Mid-level
employee_6507,52,Finance,87248,10,Bangalore,1046976,8724.800000000001,95972.8,Mid-level
employee_6508,37,QA,119673,7,Pune,1436076,11967.300000000001,131640.3,Mid-level
employee_6509,58,Sales,60552,8,Mumbai,726624,6055.200000000001,66607.2,Mid-level
employee_6510,35,Finance,70321,0,Mumbai,843852,7032.1,77353.1,Fresher
employee_6511,35,Sales,72350,11,Pune,868200,7235.0,79585.0,Senior
employee_6512,60,IT,88565,13,Chennai,1062780,8856.5,97421.5,Senior
employee_6513,40,QA,68861,2,Delhi,826332,6886.1,75747.1,Fresher
employee_6514,35,IT,64164,12,Hyderabad,769968,6416.400000000001,70580.4,Senior
employee_6515,55,QA,107095,15,Hyderabad,1285140,10709.5,117804.5,Senior
employee_6516,26,Finance,69963,5,Pune,839556,6996.3,76959.3,Junior
employee_6517,50,HR,96227,14,Hyderabad,1154724,9622.7,105849.7,Senior
employee_6518,28,Sales,28532,15,Bangalore,342384,2853.2000000000003,31385.2,Senior
employee_6519,51,Sales,45733,3,Hyderabad,548796,4573.3,50306.3,Junior
employee_6520,52,Data,108463,7,Mumbai,1301556,10846.300000000001,119309.3,Mid-level
employee_6521,35,IT,68114,14,Pune,817368,6811.400000000001,74925.4,Senior
employee_6522,38,Sales,104018,8,Bangalore,1248216,10401.800000000001,114419.8,Mid-level
employee_6523,33,Finance,117217,6,Hyderabad,1406604,11721.7,128938.7,Mid-level
employee_6524,44,HR,30456,10,Mumbai,365472,3045.6000000000004,33501.6,Mid-level
employee_6525,60,Finance,28413,0,Delhi,340956,2841.3,31254.3,Fresher
employee_6526,34,IT,32085,15,Chennai,385020,3208.5,35293.5,Senior
employee_6527,48,Data,52937,13,Hyderabad,635244,5293.700000000001,58230.7,Senior
employee_6528,31,Sales,45563,1,Mumbai,546756,4556.3,50119.3,Fresher
employee_6529,26,Finance,99868,0,Delhi,1198416,9986.800000000001,109854.8,Fresher
employee_6530,45,QA,62575,8,Delhi,750900,6257.5,68832.5,Mid-level
employee_6531,21,HR,32386,3,Mumbai,388632,3238.6000000000004,35624.6,Junior
employee_6532,45,Finance,116873,9,Mumbai,1402476,11687.300000000001,128560.3,Mid-level
employee_6533,22,HR,84150,13,Mumbai,1009800,8415.0,92565.0,Senior
employee_6534,52,Sales,54572,7,Chennai,654864,5457.200000000001,60029.2,Mid-level
employee_6535,33,QA,60271,4,Pune,723252,6027.1,66298.1,Junior
employee_6536,53,Data,74810,4,Mumbai,897720,7481.0,82291.0,Junior
employee_6537,52,Data,89260,15,Pune,1071120,8926.0,98186.0,Senior
employee_6538,44,QA,101566,4,Delhi,1218792,10156.6,111722.6,Junior
employee_6539,47,HR,38138,10,Chennai,457656,3813.8,41951.8,Mid-level
employee_6540,24,Sales,72369,4,Delhi,868428,7236.900000000001,79605.9,Junior
employee_6541,44,Finance,40646,2,Chennai,487752,4064.6000000000004,44710.6,Fresher
employee_6542,43,QA,53812,5,Delhi,645744,5381.200000000001,59193.2,Junior
employee_6543,49,IT,113958,13,Bangalore,1367496,11395.800000000001,125353.8,Senior
employee_6544,54,HR,101181,0,Bangalore,1214172,10118.1,111299.1,Fresher
employee_6545,41,Data,39628,7,Mumbai,475536,3962.8,43590.8,Mid-level
employee_6546,50,QA,49486,12,Pune,593832,4948.6,54434.6,Senior
employee_6547,46,Data,112945,3,Delhi,1355340,11294.5,124239.5,Junior
employee_6548,40,HR,64266,5,Chennai,771192,6426.6,70692.6,Junior
employee_6549,36,Data,113268,1,Hyderabad,1359216,11326.800000000001,124594.8,Fresher
employee_6550,23,QA,71557,1,Bangalore,858684,7155.700000000001,78712.7,Fresher
employee_6551,57,HR,109961,15,Bangalore,1319532,10996.1,120957.1,Senior
employee_6552,60,IT,102731,7,Delhi,1232772,10273.1,113004.1,Mid-level
employee_6553,45,QA,109258,13,Hyderabad,1311096,10925.800000000001,120183.8,Senior
employee_6554,43,Finance,41494,0,Pune,497928,4149.400000000001,45643.4,Fresher
employee_6555,21,Sales,46571,7,Pune,558852,4657.1,51228.1,Mid-level
employee_6556,53,QA,59486,14,Pune,713832,5948.6,65434.6,Senior
employee_6557,35,HR,113436,9,Mumbai,1361232,11343.6,124779.6,Mid-level
employee_6558,37,Sales,86635,15,Mumbai,1039620,8663.5,95298.5,Senior
employee_6559,54,QA,25125,9,Delhi,301500,2512.5,27637.5,Mid-level
employee_6560,37,IT,73814,14,Hyderabad,885768,7381.400000000001,81195.4,Senior
employee_6561,24,IT,44318,0,Delhi,531816,4431.8,48749.8,Fresher
employee_6562,33,Finance,87363,14,Chennai,1048356,8736.300000000001,96099.3,Senior
employee_6563,24,Data,68162,8,Hyderabad,817944,6816.200000000001,74978.2,Mid-level
employee_6564,27,Sales,32590,0,Chennai,391080,3259.0,35849.0,Fresher
employee_6565,29,HR,59850,3,Hyderabad,718200,5985.0,65835.0,Junior
employee_6566,43,HR,37134,8,Mumbai,445608,3713.4,40847.4,Mid-level
employee_6567,53,Data,50230,0,Pune,602760,5023.0,55253.0,Fresher
employee_6568,53,IT,40058,8,Bangalore,480696,4005.8,44063.8,Mid-level
employee_6569,40,IT,104837,13,Hyderabad,1258044,10483.7,115320.7,Senior
employee_6570,24,QA,52039,7,Hyderabad,624468,5203.900000000001,57242.9,Mid-level
employee_6571,21,Finance,90820,15,Bangalore,1089840,9082.0,99902.0,Senior
employee_6572,54,Sales,63334,4,Hyderabad,760008,6333.400000000001,69667.4,Junior
employee_6573,47,Finance,68525,5,Pune,822300,6852.5,75377.5,Junior
employee_6574,41,Finance,109194,4,Delhi,1310328,10919.400000000001,120113.4,Junior
employee_6575,44,QA,53443,3,Bangalore,641316,5344.3,58787.3,Junior
employee_6576,35,Finance,28972,11,Bangalore,347664,2897.2000000000003,31869.2,Senior
employee_6577,55,Data,89936,15,Pune,1079232,8993.6,98929.6,Senior
employee_6578,45,QA,116703,15,Pune,1400436,11670.300000000001,128373.3,Senior
employee_6579,29,Data,104215,9,Bangalore,1250580,10421.5,114636.5,Mid-level
employee_6580,37,QA,54519,14,Pune,654228,5451.900000000001,59970.9,Senior
employee_6581,41,Finance,116240,14,Delhi,1394880,11624.0,127864.0,Senior
employee_6582,33,Data,104914,13,Pune,1258968,10491.400000000001,115405.4,Senior
employee_6583,23,Data,100864,12,Delhi,1210368,10086.400000000001,110950.4,Senior
employee_6584,24,Data,80881,11,Pune,970572,8088.1,88969.1,Senior
employee_6585,24,QA,49732,3,Bangalore,596784,4973.200000000001,54705.2,Junior
employee_6586,48,HR,42673,15,Hyderabad,512076,4267.3,46940.3,Senior
employee_6587,27,Finance,100909,13,Chennai,1210908,10090.900000000001,110999.9,Senior
employee_6588,46,Data,30720,9,Bangalore,368640,3072.0,33792.0,Mid-level
employee_6589,31,Sales,84115,7,Chennai,1009380,8411.5,92526.5,Mid-level
employee_6590,44,HR,76940,7,Pune,923280,7694.0,84634.0,Mid-level
employee_6591,30,Sales,30153,8,Pune,361836,3015.3,33168.3,Mid-level
employee_6592,57,Finance,96762,2,Hyderabad,1161144,9676.2,106438.2,Fresher
employee_6593,33,Finance,93512,9,Pune,1122144,9351.2,102863.2,Mid-level
employee_6594,59,Data,63019,14,Chennai,756228,6301.900000000001,69320.9,Senior
employee_6595,39,Data,109833,7,Bangalore,1317996,10983.300000000001,120816.3,Mid-level
employee_6596,39,QA,41587,14,Bangalore,499044,4158.7,45745.7,Senior
employee_6597,32,HR,43206,2,Delhi,518472,4320.6,47526.6,Fresher
employee_6598,42,HR,116471,1,Hyderabad,1397652,11647.1,128118.1,Fresher
employee_6599,57,Data,35736,1,Chennai,428832,3573.6000000000004,39309.6,Fresher
employee_6600,50,Finance,31971,8,Pune,383652,3197.1000000000004,35168.1,Mid-level
employee_6601,32,Data,81577,3,Mumbai,978924,8157.700000000001,89734.7,Junior
employee_6602,49,Finance,100043,4,Hyderabad,1200516,10004.300000000001,110047.3,Junior
employee_6603,41,Finance,50724,1,Hyderabad,608688,5072.400000000001,55796.4,Fresher
employee_6604,31,Data,112702,8,Mumbai,1352424,11270.2,123972.2,Mid-level
employee_6605,57,IT,103694,6,Bangalore,1244328,10369.400000000001,114063.4,Mid-level
employee_6606,38,HR,116310,2,Delhi,1395720,11631.0,127941.0,Fresher
employee_6607,47,Sales,80155,5,Bangalore,961860,8015.5,88170.5,Junior
employee_6608,57,Finance,36108,6,Bangalore,433296,3610.8,39718.8,Mid-level
employee_6609,32,Finance,102613,15,Mumbai,1231356,10261.300000000001,112874.3,Senior
employee_6610,43,IT,94711,13,Pune,1136532,9471.1,104182.1,Senior
employee_6611,54,Sales,81938,11,Pune,983256,8193.800000000001,90131.8,Senior
employee_6612,58,QA,93498,5,Delhi,1121976,9349.800000000001,102847.8,Junior
employee_6613,43,IT,104152,9,Delhi,1249824,10415.2,114567.2,Mid-level
employee_6614,45,Sales,42751,10,Chennai,513012,4275.1,47026.1,Mid-level
employee_6615,24,IT,95746,9,Chennai,1148952,9574.6,105320.6,Mid-level
employee_6616,50,Finance,57390,5,Bangalore,688680,5739.0,63129.0,Junior
employee_6617,50,HR,40993,12,Mumbai,491916,4099.3,45092.3,Senior
employee_6618,33,IT,85403,14,Delhi,1024836,8540.300000000001,93943.3,Senior
employee_6619,34,QA,51859,7,Hyderabad,622308,5185.900000000001,57044.9,Mid-level
employee_6620,28,Data,45878,13,Pune,550536,4587.8,50465.8,Senior
employee_6621,44,Sales,105459,7,Mumbai,1265508,10545.900000000001,116004.9,Mid-level
employee_6622,38,IT,52100,4,Delhi,625200,5210.0,57310.0,Junior
employee_6623,55,IT,114622,13,Chennai,1375464,11462.2,126084.2,Senior
employee_6624,45,QA,87284,3,Delhi,1047408,8728.4,96012.4,Junior
employee_6625,37,HR,84976,10,Pune,1019712,8497.6,93473.6,Mid-level
employee_6626,52,IT,65023,4,Delhi,780276,6502.3,71525.3,Junior
employee_6627,44,IT,72709,8,Pune,872508,7270.900000000001,79979.9,Mid-level
employee_6628,27,HR,101553,11,Mumbai,1218636,10155.300000000001,111708.3,Senior
employee_6629,33,QA,79524,9,Delhi,954288,7952.400000000001,87476.4,Mid-level
employee_6630,47,Sales,110049,5,Delhi,1320588,11004.900000000001,121053.9,Junior
employee_6631,25,Sales,69974,2,Chennai,839688,6997.400000000001,76971.4,Fresher
employee_6632,56,IT,71478,2,Mumbai,857736,7147.8,78625.8,Fresher
employee_6633,46,HR,78768,13,Hyderabad,945216,7876.8,86644.8,Senior
employee_6634,51,IT,105396,0,Pune,1264752,10539.6,115935.6,Fresher
employee_6635,30,Data,98622,14,Mumbai,1183464,9862.2,108484.2,Senior
employee_6636,46,Sales,73544,14,Mumbai,882528,7354.400000000001,80898.4,Senior
employee_6637,42,Finance,43050,4,Hyderabad,516600,4305.0,47355.0,Junior
employee_6638,32,Data,44784,5,Mumbai,537408,4478.400000000001,49262.4,Junior
employee_6639,52,IT,36774,7,Pune,441288,3677.4,40451.4,Mid-level
employee_6640,47,QA,59968,10,Bangalore,719616,5996.8,65964.8,Mid-level
employee_6641,53,Sales,83236,8,Bangalore,998832,8323.6,91559.6,Mid-level
employee_6642,40,Finance,102678,6,Chennai,1232136,10267.800000000001,112945.8,Mid-level
employee_6643,59,Data,75135,0,Hyderabad,901620,7513.5,82648.5,Fresher
employee_6644,60,Sales,48007,6,Chennai,576084,4800.7,52807.7,Mid-level
employee_6645,33,HR,50158,9,Bangalore,601896,5015.8,55173.8,Mid-level
employee_6646,34,QA,96587,8,Hyderabad,1159044,9658.7,106245.7,Mid-level
employee_6647,60,Data,29115,3,Mumbai,349380,2911.5,32026.5,Junior
employee_6648,42,HR,109560,15,Mumbai,1314720,10956.0,120516.0,Senior
employee_6649,38,IT,84317,10,Pune,1011804,8431.7,92748.7,Mid-level
employee_6650,49,HR,31371,11,Delhi,376452,3137.1000000000004,34508.1,Senior
employee_6651,36,Data,119226,6,Bangalore,1430712,11922.6,131148.6,Mid-level
employee_6652,55,Data,64355,8,Mumbai,772260,6435.5,70790.5,Mid-level
employee_6653,54,IT,68375,0,Hyderabad,820500,6837.5,75212.5,Fresher
employee_6654,23,HR,99616,15,Delhi,1195392,9961.6,109577.6,Senior
employee_6655,24,HR,92419,11,Delhi,1109028,9241.9,101660.9,Senior
employee_6656,25,IT,95357,9,Mumbai,1144284,9535.7,104892.7,Mid-level
employee_6657,30,HR,33338,8,Chennai,400056,3333.8,36671.8,Mid-level
employee_6658,49,Sales,47007,3,Chennai,564084,4700.7,51707.7,Junior
employee_6659,52,IT,27477,11,Chennai,329724,2747.7000000000003,30224.7,Senior
employee_6660,51,QA,103671,7,Delhi,1244052,10367.1,114038.1,Mid-level
employee_6661,22,Data,67423,2,Chennai,809076,6742.3,74165.3,Fresher
employee_6662,32,QA,100973,1,Chennai,1211676,10097.300000000001,111070.3,Fresher
employee_6663,47,Sales,73100,12,Delhi,877200,7310.0,80410.0,Senior
employee_6664,25,Sales,100038,11,Pune,1200456,10003.800000000001,110041.8,Senior
employee_6665,57,Finance,54236,7,Chennai,650832,5423.6,59659.6,Mid-level
employee_6666,47,Finance,25368,7,Pune,304416,2536.8,27904.8,Mid-level
employee_6667,43,Finance,50839,2,Pune,610068,5083.900000000001,55922.9,Fresher
employee_6668,53,IT,98098,12,Mumbai,1177176,9809.800000000001,107907.8,Senior
employee_6669,24,HR,32139,15,Delhi,385668,3213.9,35352.9,Senior
employee_6670,41,Sales,52141,7,Hyderabad,625692,5214.1,57355.1,Mid-level
employee_6671,44,QA,89262,10,Chennai,1071144,8926.2,98188.2,Mid-level
employee_6672,51,QA,31704,10,Hyderabad,380448,3170.4,34874.4,Mid-level
employee_6673,44,QA,26887,5,Bangalore,322644,2688.7000000000003,29575.7,Junior
employee_6674,30,QA,36975,9,Pune,443700,3697.5,40672.5,Mid-level
employee_6675,22,Finance,25544,8,Bangalore,306528,2554.4,28098.4,Mid-level
employee_6676,51,QA,109984,9,Pune,1319808,10998.400000000001,120982.4,Mid-level
employee_6677,45,HR,113366,12,Chennai,1360392,11336.6,124702.6,Senior
employee_6678,24,Finance,71323,5,Bangalore,855876,7132.3,78455.3,Junior
employee_6679,31,QA,75382,7,Delhi,904584,7538.200000000001,82920.2,Mid-level
employee_6680,37,IT,48926,1,Mumbai,587112,4892.6,53818.6,Fresher
employee_6681,22,Data,38333,15,Bangalore,459996,3833.3,42166.3,Senior
employee_6682,26,Data,41942,0,Pune,503304,4194.2,46136.2,Fresher
employee_6683,29,Data,105220,9,Delhi,1262640,10522.0,115742.0,Mid-level
employee_6684,25,Finance,116624,9,Pune,1399488,11662.400000000001,128286.4,Mid-level
employee_6685,40,QA,47447,1,Hyderabad,569364,4744.7,52191.7,Fresher
employee_6686,49,Sales,99397,11,Bangalore,1192764,9939.7,109336.7,Senior
employee_6687,41,Sales,49833,3,Mumbai,597996,4983.3,54816.3,Junior
employee_6688,29,Sales,107990,9,Chennai,1295880,10799.0,118789.0,Mid-level
employee_6689,48,Finance,91586,8,Hyderabad,1099032,9158.6,100744.6,Mid-level
employee_6690,28,HR,110958,15,Bangalore,1331496,11095.800000000001,122053.8,Senior
employee_6691,51,IT,46530,6,Hyderabad,558360,4653.0,51183.0,Mid-level
employee_6692,40,IT,72060,8,Bangalore,864720,7206.0,79266.0,Mid-level
employee_6693,47,Data,106292,8,Chennai,1275504,10629.2,116921.2,Mid-level
employee_6694,28,Data,94558,8,Chennai,1134696,9455.800000000001,104013.8,Mid-level
employee_6695,41,Sales,66104,7,Mumbai,793248,6610.400000000001,72714.4,Mid-level
employee_6696,48,Sales,27634,5,Hyderabad,331608,2763.4,30397.4,Junior
employee_6697,43,Data,90210,13,Mumbai,1082520,9021.0,99231.0,Senior
employee_6698,26,QA,117681,10,Bangalore,1412172,11768.1,129449.1,Mid-level
employee_6699,23,HR,32288,9,Chennai,387456,3228.8,35516.8,Mid-level
employee_6700,25,HR,99528,6,Chennai,1194336,9952.800000000001,109480.8,Mid-level
employee_6701,29,HR,59253,14,Pune,711036,5925.3,65178.3,Senior
employee_6702,27,HR,52005,1,Pune,624060,5200.5,57205.5,Fresher
employee_6703,24,Data,74824,10,Mumbai,897888,7482.400000000001,82306.4,Mid-level
employee_6704,59,IT,102702,0,Hyderabad,1232424,10270.2,112972.2,Fresher
employee_6705,25,Data,118601,12,Bangalore,1423212,11860.1,130461.1,Senior
employee_6706,31,HR,78574,4,Mumbai,942888,7857.400000000001,86431.4,Junior
employee_6707,35,Data,42798,7,Chennai,513576,4279.8,47077.8,Mid-level
employee_6708,54,HR,85712,2,Chennai,1028544,8571.2,94283.2,Fresher
employee_6709,33,Finance,54301,6,Chennai,651612,5430.1,59731.1,Mid-level
employee_6710,27,Sales,80267,4,Bangalore,963204,8026.700000000001,88293.7,Junior
employee_6711,60,IT,28894,11,Mumbai,346728,2889.4,31783.4,Senior
employee_6712,26,Finance,28846,9,Bangalore,346152,2884.6000000000004,31730.6,Mid-level
employee_6713,59,QA,88571,12,Delhi,1062852,8857.1,97428.1,Senior
employee_6714,50,Data,39481,7,Chennai,473772,3948.1000000000004,43429.1,Mid-level
employee_6715,42,QA,67154,5,Pune,805848,6715.400000000001,73869.4,Junior
employee_6716,45,Data,76176,15,Mumbai,914112,7617.6,83793.6,Senior
employee_6717,48,Sales,81628,5,Pune,979536,8162.8,89790.8,Junior
employee_6718,40,Finance,33048,6,Mumbai,396576,3304.8,36352.8,Mid-level
employee_6719,59,Sales,52386,6,Chennai,628632,5238.6,57624.6,Mid-level
employee_6720,23,HR,58336,3,Pune,700032,5833.6,64169.6,Junior
employee_6721,25,Sales,48853,15,Pune,586236,4885.3,53738.3,Senior
employee_6722,21,Sales,59713,9,Mumbai,716556,5971.3,65684.3,Mid-level
employee_6723,35,HR,82690,15,Delhi,992280,8269.0,90959.0,Senior
employee_6724,46,Data,41791,11,Delhi,501492,4179.1,45970.1,Senior
employee_6725,23,HR,94764,9,Pune,1137168,9476.4,104240.4,Mid-level
employee_6726,60,Finance,102481,9,Pune,1229772,10248.1,112729.1,Mid-level
employee_6727,54,Sales,66573,14,Chennai,798876,6657.3,73230.3,Senior
employee_6728,25,HR,64899,12,Mumbai,778788,6489.900000000001,71388.9,Senior
employee_6729,51,Sales,115217,7,Mumbai,1382604,11521.7,126738.7,Mid-level
employee_6730,33,Finance,39975,5,Hyderabad,479700,3997.5,43972.5,Junior
employee_6731,21,QA,98247,10,Mumbai,1178964,9824.7,108071.7,Mid-level
employee_6732,42,Finance,37105,12,Chennai,445260,3710.5,40815.5,Senior
employee_6733,35,IT,74645,7,Pune,895740,7464.5,82109.5,Mid-level
employee_6734,46,IT,55146,6,Hyderabad,661752,5514.6,60660.6,Mid-level
employee_6735,38,IT,105774,0,Pune,1269288,10577.400000000001,116351.4,Fresher
employee_6736,29,Sales,28868,3,Mumbai,346416,2886.8,31754.8,Junior
employee_6737,21,Data,78537,6,Bangalore,942444,7853.700000000001,86390.7,Mid-level
employee_6738,29,Data,69294,15,Pune,831528,6929.400000000001,76223.4,Senior
employee_6739,43,Data,86264,8,Delhi,1035168,8626.4,94890.4,Mid-level
employee_6740,22,Sales,100596,1,Mumbai,1207152,10059.6,110655.6,Fresher
employee_6741,34,Finance,30433,14,Delhi,365196,3043.3,33476.3,Senior
employee_6742,58,Data,47612,4,Chennai,571344,4761.2,52373.2,Junior
employee_6743,60,QA,42822,15,Delhi,513864,4282.2,47104.2,Senior
employee_6744,38,IT,59120,8,Mumbai,709440,5912.0,65032.0,Mid-level
employee_6745,36,Finance,66004,8,Hyderabad,792048,6600.400000000001,72604.4,Mid-level
employee_6746,49,IT,46294,5,Delhi,555528,4629.400000000001,50923.4,Junior
employee_6747,31,Data,109300,6,Bangalore,1311600,10930.0,120230.0,Mid-level
employee_6748,26,Finance,95096,8,Bangalore,1141152,9509.6,104605.6,Mid-level
employee_6749,23,HR,107119,13,Bangalore,1285428,10711.900000000001,117830.9,Senior
employee_6750,34,QA,106096,13,Delhi,1273152,10609.6,116705.6,Senior
employee_6751,22,Data,29424,9,Chennai,353088,2942.4,32366.4,Mid-level
employee_6752,52,Data,65615,7,Bangalore,787380,6561.5,72176.5,Mid-level
employee_6753,51,QA,51863,13,Pune,622356,5186.3,57049.3,Senior
employee_6754,31,QA,54469,9,Chennai,653628,5446.900000000001,59915.9,Mid-level
employee_6755,42,HR,48184,5,Mumbai,578208,4818.400000000001,53002.4,Junior
employee_6756,23,Data,114446,5,Hyderabad,1373352,11444.6,125890.6,Junior
employee_6757,51,Sales,112940,6,Chennai,1355280,11294.0,124234.0,Mid-level
employee_6758,53,Data,60175,6,Hyderabad,722100,6017.5,66192.5,Mid-level
employee_6759,44,IT,79649,1,Chennai,955788,7964.900000000001,87613.9,Fresher
employee_6760,21,Finance,88872,8,Mumbai,1066464,8887.2,97759.2,Mid-level
employee_6761,35,Finance,94327,3,Hyderabad,1131924,9432.7,103759.7,Junior
employee_6762,57,IT,57208,12,Chennai,686496,5720.8,62928.8,Senior
employee_6763,47,Finance,77445,12,Hyderabad,929340,7744.5,85189.5,Senior
employee_6764,58,QA,76998,9,Bangalore,923976,7699.8,84697.8,Mid-level
employee_6765,47,Finance,81994,8,Bangalore,983928,8199.4,90193.4,Mid-level
employee_6766,32,Finance,77463,14,Delhi,929556,7746.3,85209.3,Senior
employee_6767,23,IT,84895,14,Bangalore,1018740,8489.5,93384.5,Senior
employee_6768,50,HR,100165,11,Pune,1201980,10016.5,110181.5,Senior
employee_6769,52,Finance,57894,10,Bangalore,694728,5789.400000000001,63683.4,Mid-level
employee_6770,43,Sales,46990,14,Bangalore,563880,4699.0,51689.0,Senior
employee_6771,22,Finance,67580,9,Mumbai,810960,6758.0,74338.0,Mid-level
employee_6772,27,HR,98230,2,Hyderabad,1178760,9823.0,108053.0,Fresher
employee_6773,54,IT,61087,4,Hyderabad,733044,6108.700000000001,67195.7,Junior
employee_6774,52,HR,33673,4,Bangalore,404076,3367.3,37040.3,Junior
employee_6775,59,IT,63199,6,Hyderabad,758388,6319.900000000001,69518.9,Mid-level
employee_6776,52,QA,57187,11,Chennai,686244,5718.700000000001,62905.7,Senior
employee_6777,34,IT,94914,15,Delhi,1138968,9491.4,104405.4,Senior
employee_6778,23,QA,48553,3,Bangalore,582636,4855.3,53408.3,Junior
employee_6779,52,QA,77287,10,Delhi,927444,7728.700000000001,85015.7,Mid-level
employee_6780,56,IT,68780,15,Bangalore,825360,6878.0,75658.0,Senior
employee_6781,37,Sales,113060,14,Pune,1356720,11306.0,124366.0,Senior
employee_6782,23,Data,107158,12,Delhi,1285896,10715.800000000001,117873.8,Senior
employee_6783,30,IT,26420,11,Chennai,317040,2642.0,29062.0,Senior
employee_6784,60,Finance,72440,3,Bangalore,869280,7244.0,79684.0,Junior
employee_6785,38,Sales,90876,15,Bangalore,1090512,9087.6,99963.6,Senior
employee_6786,23,Sales,69310,12,Hyderabad,831720,6931.0,76241.0,Senior
employee_6787,59,Finance,68953,14,Bangalore,827436,6895.3,75848.3,Senior
employee_6788,30,Data,29987,12,Delhi,359844,2998.7000000000003,32985.7,Senior
employee_6789,29,Sales,116598,0,Delhi,1399176,11659.800000000001,128257.8,Fresher
employee_6790,31,QA,70517,5,Bangalore,846204,7051.700000000001,77568.7,Junior
employee_6791,53,Data,57456,3,Bangalore,689472,5745.6,63201.6,Junior
employee_6792,56,Finance,63180,10,Bangalore,758160,6318.0,69498.0,Mid-level
employee_6793,46,Data,87237,14,Pune,1046844,8723.7,95960.7,Senior
employee_6794,47,IT,115844,9,Chennai,1390128,11584.400000000001,127428.4,Mid-level
employee_6795,58,Data,110398,9,Delhi,1324776,11039.800000000001,121437.8,Mid-level
employee_6796,42,QA,82505,4,Pune,990060,8250.5,90755.5,Junior
employee_6797,46,IT,98206,13,Hyderabad,1178472,9820.6,108026.6,Senior
employee_6798,42,HR,114782,14,Mumbai,1377384,11478.2,126260.2,Senior
employee_6799,25,Finance,104302,14,Bangalore,1251624,10430.2,114732.2,Senior
employee_6800,55,Finance,54681,10,Delhi,656172,5468.1,60149.1,Mid-level
employee_6801,22,Data,33323,8,Hyderabad,399876,3332.3,36655.3,Mid-level
employee_6802,55,Sales,92393,15,Delhi,1108716,9239.300000000001,101632.3,Senior
employee_6803,29,IT,72223,3,Mumbai,866676,7222.3,79445.3,Junior
employee_6804,38,HR,116354,0,Bangalore,1396248,11635.400000000001,127989.4,Fresher
employee_6805,32,IT,85832,14,Delhi,1029984,8583.2,94415.2,Senior
employee_6806,23,Finance,50247,10,Bangalore,602964,5024.700000000001,55271.7,Mid-level
employee_6807,38,IT,109076,8,Mumbai,1308912,10907.6,119983.6,Mid-level
employee_6808,58,HR,116373,4,Pune,1396476,11637.300000000001,128010.3,Junior
employee_6809,27,Sales,33484,9,Mumbai,401808,3348.4,36832.4,Mid-level
employee_6810,53,Data,55682,12,Mumbai,668184,5568.200000000001,61250.2,Senior
employee_6811,26,QA,95459,11,Delhi,1145508,9545.9,105004.9,Senior
employee_6812,38,IT,67019,12,Chennai,804228,6701.900000000001,73720.9,Senior
employee_6813,42,QA,106456,10,Bangalore,1277472,10645.6,117101.6,Mid-level
employee_6814,59,Finance,68263,6,Delhi,819156,6826.3,75089.3,Mid-level
employee_6815,29,Data,46938,2,Bangalore,563256,4693.8,51631.8,Fresher
employee_6816,55,Data,79890,3,Pune,958680,7989.0,87879.0,Junior
employee_6817,43,IT,38319,11,Pune,459828,3831.9,42150.9,Senior
employee_6818,32,Sales,84432,9,Chennai,1013184,8443.2,92875.2,Mid-level
employee_6819,44,Data,85772,8,Chennai,1029264,8577.2,94349.2,Mid-level
employee_6820,60,IT,31900,9,Chennai,382800,3190.0,35090.0,Mid-level
employee_6821,29,IT,92696,12,Pune,1112352,9269.6,101965.6,Senior
employee_6822,33,QA,41236,0,Mumbai,494832,4123.6,45359.6,Fresher
employee_6823,60,Data,89255,11,Delhi,1071060,8925.5,98180.5,Senior
employee_6824,37,IT,81485,10,Bangalore,977820,8148.5,89633.5,Mid-level
employee_6825,27,QA,87293,4,Bangalore,1047516,8729.300000000001,96022.3,Junior
employee_6826,37,HR,31221,7,Delhi,374652,3122.1000000000004,34343.1,Mid-level
employee_6827,44,QA,50294,9,Hyderabad,603528,5029.400000000001,55323.4,Mid-level
employee_6828,22,QA,35038,6,Pune,420456,3503.8,38541.8,Mid-level
employee_6829,55,IT,110187,13,Pune,1322244,11018.7,121205.7,Senior
employee_6830,48,Finance,78649,13,Chennai,943788,7864.900000000001,86513.9,Senior
employee_6831,39,Finance,48360,3,Delhi,580320,4836.0,53196.0,Junior
employee_6832,53,Sales,33255,6,Hyderabad,399060,3325.5,36580.5,Mid-level
employee_6833,41,Finance,93235,0,Hyderabad,1118820,9323.5,102558.5,Fresher
employee_6834,30,QA,112464,5,Pune,1349568,11246.400000000001,123710.4,Junior
employee_6835,29,Sales,73169,8,Chennai,878028,7316.900000000001,80485.9,Mid-level
employee_6836,58,IT,25372,2,Bangalore,304464,2537.2000000000003,27909.2,Fresher
employee_6837,26,Data,78179,3,Chennai,938148,7817.900000000001,85996.9,Junior
employee_6838,55,QA,82649,7,Bangalore,991788,8264.9,90913.9,Mid-level
employee_6839,38,QA,43898,11,Pune,526776,4389.8,48287.8,Senior
employee_6840,39,Sales,75083,4,Chennai,900996,7508.3,82591.3,Junior
employee_6841,25,IT,48855,4,Hyderabad,586260,4885.5,53740.5,Junior
employee_6842,45,HR,59758,14,Delhi,717096,5975.8,65733.8,Senior
employee_6843,31,QA,34607,0,Mumbai,415284,3460.7000000000003,38067.7,Fresher
employee_6844,30,HR,99089,15,Hyderabad,1189068,9908.900000000001,108997.9,Senior
employee_6845,37,HR,30383,5,Delhi,364596,3038.3,33421.3,Junior
employee_6846,56,Finance,85112,13,Bangalore,1021344,8511.2,93623.2,Senior
employee_6847,46,IT,25715,1,Pune,308580,2571.5,28286.5,Fresher
employee_6848,51,HR,34837,15,Chennai,418044,3483.7000000000003,38320.7,Senior
employee_6849,52,IT,82886,0,Pune,994632,8288.6,91174.6,Fresher
employee_6850,41,Finance,75699,5,Pune,908388,7569.900000000001,83268.9,Junior
employee_6851,38,IT,104486,4,Bangalore,1253832,10448.6,114934.6,Junior
employee_6852,38,QA,98528,12,Pune,1182336,9852.800000000001,108380.8,Senior
employee_6853,21,HR,51817,15,Chennai,621804,5181.700000000001,56998.7,Senior
employee_6854,34,IT,74803,4,Hyderabad,897636,7480.3,82283.3,Junior
employee_6855,28,Data,103893,8,Pune,1246716,10389.300000000001,114282.3,Mid-level
employee_6856,22,IT,95278,11,Chennai,1143336,9527.800000000001,104805.8,Senior
employee_6857,35,HR,85345,14,Chennai,1024140,8534.5,93879.5,Senior
employee_6858,54,Finance,38369,9,Bangalore,460428,3836.9,42205.9,Mid-level
employee_6859,56,Finance,85428,9,Pune,1025136,8542.800000000001,93970.8,Mid-level
employee_6860,21,HR,30044,12,Bangalore,360528,3004.4,33048.4,Senior
employee_6861,41,QA,90123,2,Hyderabad,1081476,9012.300000000001,99135.3,Fresher
employee_6862,21,QA,100824,15,Hyderabad,1209888,10082.400000000001,110906.4,Senior
employee_6863,52,Finance,115914,0,Delhi,1390968,11591.400000000001,127505.4,Fresher
employee_6864,40,Finance,32261,15,Chennai,387132,3226.1000000000004,35487.1,Senior
employee_6865,56,HR,43064,13,Pune,516768,4306.400000000001,47370.4,Senior
employee_6866,59,QA,100335,15,Delhi,1204020,10033.5,110368.5,Senior
employee_6867,50,Finance,94058,13,Chennai,1128696,9405.800000000001,103463.8,Senior
employee_6868,27,QA,38690,15,Pune,464280,3869.0,42559.0,Senior
employee_6869,42,Finance,27057,7,Bangalore,324684,2705.7000000000003,29762.7,Mid-level
employee_6870,30,IT,62589,14,Hyderabad,751068,6258.900000000001,68847.9,Senior
employee_6871,28,Data,39559,11,Delhi,474708,3955.9,43514.9,Senior
employee_6872,47,Sales,38692,4,Delhi,464304,3869.2000000000003,42561.2,Junior
employee_6873,30,IT,73429,10,Hyderabad,881148,7342.900000000001,80771.9,Mid-level
employee_6874,34,Sales,90738,4,Bangalore,1088856,9073.800000000001,99811.8,Junior
employee_6875,31,Finance,41972,7,Mumbai,503664,4197.2,46169.2,Mid-level
employee_6876,26,Data,66530,7,Mumbai,798360,6653.0,73183.0,Mid-level
employee_6877,41,Data,100073,10,Mumbai,1200876,10007.300000000001,110080.3,Mid-level
employee_6878,53,Finance,92178,1,Pune,1106136,9217.800000000001,101395.8,Fresher
employee_6879,39,Finance,26365,2,Delhi,316380,2636.5,29001.5,Fresher
employee_6880,59,QA,90544,9,Bangalore,1086528,9054.4,99598.4,Mid-level
employee_6881,44,Finance,74683,9,Pune,896196,7468.3,82151.3,Mid-level
employee_6882,38,HR,119356,15,Pune,1432272,11935.6,131291.6,Senior
employee_6883,55,Finance,83896,0,Bangalore,1006752,8389.6,92285.6,Fresher
employee_6884,57,HR,43001,14,Pune,516012,4300.1,47301.1,Senior
employee_6885,39,Finance,31722,2,Delhi,380664,3172.2000000000003,34894.2,Fresher
employee_6886,44,QA,45100,11,Bangalore,541200,4510.0,49610.0,Senior
employee_6887,54,HR,42460,3,Mumbai,509520,4246.0,46706.0,Junior
employee_6888,42,IT,114523,10,Mumbai,1374276,11452.300000000001,125975.3,Mid-level
employee_6889,24,HR,86645,6,Pune,1039740,8664.5,95309.5,Mid-level
employee_6890,30,QA,94551,8,Hyderabad,1134612,9455.1,104006.1,Mid-level
employee_6891,22,Sales,93498,11,Bangalore,1121976,9349.800000000001,102847.8,Senior
employee_6892,28,HR,29840,4,Chennai,358080,2984.0,32824.0,Junior
employee_6893,53,Finance,75064,11,Chennai,900768,7506.400000000001,82570.4,Senior
employee_6894,58,Finance,111069,15,Pune,1332828,11106.900000000001,122175.9,Senior
employee_6895,48,Sales,110990,0,Hyderabad,1331880,11099.0,122089.0,Fresher
employee_6896,30,QA,73105,1,Bangalore,877260,7310.5,80415.5,Fresher
employee_6897,21,Data,30699,9,Mumbai,368388,3069.9,33768.9,Mid-level
employee_6898,54,Finance,30922,1,Pune,371064,3092.2000000000003,34014.2,Fresher
employee_6899,23,IT,49919,15,Bangalore,599028,4991.900000000001,54910.9,Senior
employee_6900,29,QA,83536,8,Bangalore,1002432,8353.6,91889.6,Mid-level
employee_6901,25,HR,51508,9,Bangalore,618096,5150.8,56658.8,Mid-level
employee_6902,30,HR,112200,6,Hyderabad,1346400,11220.0,123420.0,Mid-level
employee_6903,32,IT,50278,1,Bangalore,603336,5027.8,55305.8,Fresher
employee_6904,38,Finance,39862,0,Hyderabad,478344,3986.2000000000003,43848.2,Fresher
employee_6905,41,QA,38598,15,Hyderabad,463176,3859.8,42457.8,Senior
employee_6906,41,IT,92434,4,Delhi,1109208,9243.4,101677.4,Junior
employee_6907,21,Finance,113475,11,Bangalore,1361700,11347.5,124822.5,Senior
employee_6908,23,QA,49774,0,Delhi,597288,4977.400000000001,54751.4,Fresher
employee_6909,25,HR,77384,8,Mumbai,928608,7738.400000000001,85122.4,Mid-level
employee_6910,45,QA,27822,2,Delhi,333864,2782.2000000000003,30604.2,Fresher
employee_6911,28,Sales,62252,1,Delhi,747024,6225.200000000001,68477.2,Fresher
employee_6912,37,Data,115585,13,Bangalore,1387020,11558.5,127143.5,Senior
employee_6913,29,QA,112420,12,Mumbai,1349040,11242.0,123662.0,Senior
employee_6914,52,Data,38052,5,Pune,456624,3805.2000000000003,41857.2,Junior
employee_6915,26,QA,108574,2,Chennai,1302888,10857.400000000001,119431.4,Fresher
employee_6916,60,Data,107511,4,Pune,1290132,10751.1,118262.1,Junior
employee_6917,41,Sales,38269,9,Hyderabad,459228,3826.9,42095.9,Mid-level
employee_6918,27,HR,93577,13,Pune,1122924,9357.7,102934.7,Senior
employee_6919,27,Finance,41551,7,Chennai,498612,4155.1,45706.1,Mid-level
employee_6920,59,Data,94915,9,Chennai,1138980,9491.5,104406.5,Mid-level
employee_6921,47,Sales,32661,1,Mumbai,391932,3266.1000000000004,35927.1,Fresher
employee_6922,28,Data,89547,11,Pune,1074564,8954.7,98501.7,Senior
employee_6923,29,HR,97503,12,Hyderabad,1170036,9750.300000000001,107253.3,Senior
employee_6924,48,Data,85614,4,Delhi,1027368,8561.4,94175.4,Junior
employee_6925,35,Sales,106210,10,Delhi,1274520,10621.0,116831.0,Mid-level
employee_6926,22,Sales,110930,7,Hyderabad,1331160,11093.0,122023.0,Mid-level
employee_6927,27,IT,38531,0,Mumbai,462372,3853.1000000000004,42384.1,Fresher
employee_6928,38,HR,46370,9,Delhi,556440,4637.0,51007.0,Mid-level
employee_6929,42,IT,78000,9,Mumbai,936000,7800.0,85800.0,Mid-level
employee_6930,30,HR,43565,13,Delhi,522780,4356.5,47921.5,Senior
employee_6931,53,Data,25832,10,Delhi,309984,2583.2000000000003,28415.2,Mid-level
employee_6932,27,Sales,71978,12,Pune,863736,7197.8,79175.8,Senior
employee_6933,23,IT,107941,11,Mumbai,1295292,10794.1,118735.1,Senior
employee_6934,34,Data,35185,12,Chennai,422220,3518.5,38703.5,Senior
employee_6935,56,Sales,28492,11,Hyderabad,341904,2849.2000000000003,31341.2,Senior
employee_6936,33,HR,83238,3,Delhi,998856,8323.800000000001,91561.8,Junior
employee_6937,36,Sales,83859,4,Chennai,1006308,8385.9,92244.9,Junior
employee_6938,36,Data,69630,13,Bangalore,835560,6963.0,76593.0,Senior
employee_6939,25,IT,90824,9,Chennai,1089888,9082.4,99906.4,Mid-level
employee_6940,45,IT,65584,11,Hyderabad,787008,6558.400000000001,72142.4,Senior
employee_6941,58,Sales,26076,13,Bangalore,312912,2607.6000000000004,28683.6,Senior
employee_6942,58,Data,59139,10,Pune,709668,5913.900000000001,65052.9,Mid-level
employee_6943,58,QA,91610,2,Bangalore,1099320,9161.0,100771.0,Fresher
employee_6944,59,HR,62702,11,Mumbai,752424,6270.200000000001,68972.2,Senior
employee_6945,46,HR,52535,1,Hyderabad,630420,5253.5,57788.5,Fresher
employee_6946,33,Data,88737,11,Mumbai,1064844,8873.7,97610.7,Senior
employee_6947,46,QA,88705,2,Chennai,1064460,8870.5,97575.5,Fresher
employee_6948,21,IT,94810,14,Pune,1137720,9481.0,104291.0,Senior
employee_6949,28,Finance,53198,10,Hyderabad,638376,5319.8,58517.8,Mid-level
employee_6950,24,Finance,84113,4,Pune,1009356,8411.300000000001,92524.3,Junior
employee_6951,41,Data,70760,6,Delhi,849120,7076.0,77836.0,Mid-level
employee_6952,42,QA,82840,1,Hyderabad,994080,8284.0,91124.0,Fresher
employee_6953,57,QA,60276,12,Mumbai,723312,6027.6,66303.6,Senior
employee_6954,23,HR,102554,14,Chennai,1230648,10255.400000000001,112809.4,Senior
employee_6955,39,IT,86913,13,Bangalore,1042956,8691.300000000001,95604.3,Senior
employee_6956,21,Sales,83028,6,Pune,996336,8302.800000000001,91330.8,Mid-level
employee_6957,49,QA,98608,5,Hyderabad,1183296,9860.800000000001,108468.8,Junior
employee_6958,43,Sales,38348,13,Hyderabad,460176,3834.8,42182.8,Senior
employee_6959,53,Finance,71678,6,Delhi,860136,7167.8,78845.8,Mid-level
employee_6960,43,Sales,38952,6,Pune,467424,3895.2000000000003,42847.2,Mid-level
employee_6961,25,IT,25318,8,Bangalore,303816,2531.8,27849.8,Mid-level
employee_6962,27,IT,102354,6,Chennai,1228248,10235.400000000001,112589.4,Mid-level
employee_6963,26,Sales,51011,13,Hyderabad,612132,5101.1,56112.1,Senior
employee_6964,42,Data,43787,11,Hyderabad,525444,4378.7,48165.7,Senior
employee_6965,33,QA,88428,12,Pune,1061136,8842.800000000001,97270.8,Senior
employee_6966,32,Data,37516,5,Pune,450192,3751.6000000000004,41267.6,Junior
employee_6967,24,Sales,59055,9,Hyderabad,708660,5905.5,64960.5,Mid-level
employee_6968,28,QA,33752,7,Hyderabad,405024,3375.2000000000003,37127.2,Mid-level
employee_6969,57,HR,91911,6,Delhi,1102932,9191.1,101102.1,Mid-level
employee_6970,51,Data,105506,5,Hyderabad,1266072,10550.6,116056.6,Junior
employee_6971,57,Data,84850,3,Mumbai,1018200,8485.0,93335.0,Junior
employee_6972,46,Sales,42538,15,Hyderabad,510456,4253.8,46791.8,Senior
employee_6973,28,Finance,37657,6,Chennai,451884,3765.7000000000003,41422.7,Mid-level
employee_6974,60,Sales,42843,11,Chennai,514116,4284.3,47127.3,Senior
employee_6975,53,Data,106119,7,Delhi,1273428,10611.900000000001,116730.9,Mid-level
employee_6976,49,QA,46491,7,Bangalore,557892,4649.1,51140.1,Mid-level
employee_6977,25,Finance,71431,11,Pune,857172,7143.1,78574.1,Senior
employee_6978,48,Sales,88475,11,Bangalore,1061700,8847.5,97322.5,Senior
employee_6979,60,Sales,67180,3,Hyderabad,806160,6718.0,73898.0,Junior
employee_6980,37,Data,43540,9,Pune,522480,4354.0,47894.0,Mid-level
employee_6981,43,Data,96515,8,Hyderabad,1158180,9651.5,106166.5,Mid-level
employee_6982,29,HR,85635,2,Pune,1027620,8563.5,94198.5,Fresher
employee_6983,22,Sales,32943,8,Delhi,395316,3294.3,36237.3,Mid-level
employee_6984,52,Data,33911,2,Mumbai,406932,3391.1000000000004,37302.1,Fresher
employee_6985,51,IT,65254,12,Mumbai,783048,6525.400000000001,71779.4,Senior
employee_6986,27,Finance,88000,6,Mumbai,1056000,8800.0,96800.0,Mid-level
employee_6987,50,IT,94305,3,Delhi,1131660,9430.5,103735.5,Junior
employee_6988,23,Finance,27479,4,Bangalore,329748,2747.9,30226.9,Junior
employee_6989,29,Sales,35112,12,Pune,421344,3511.2000000000003,38623.2,Senior
employee_6990,30,HR,95267,14,Bangalore,1143204,9526.7,104793.7,Senior
employee_6991,46,Data,87612,2,Pune,1051344,8761.2,96373.2,Fresher
employee_6992,21,Data,101897,1,Hyderabad,1222764,10189.7,112086.7,Fresher
employee_6993,50,Data,71809,11,Mumbai,861708,7180.900000000001,78989.9,Senior
employee_6994,58,Sales,57205,7,Mumbai,686460,5720.5,62925.5,Mid-level
employee_6995,35,Finance,115105,13,Pune,1381260,11510.5,126615.5,Senior
employee_6996,45,Data,97604,6,Bangalore,1171248,9760.4,107364.4,Mid-level
employee_6997,26,IT,31557,15,Bangalore,378684,3155.7000000000003,34712.7,Senior
employee_6998,38,Data,61098,6,Chennai,733176,6109.8,67207.8,Mid-level
employee_6999,21,Sales,63790,7,Mumbai,765480,6379.0,70169.0,Mid-level
employee_7000,23,HR,59826,12,Mumbai,717912,5982.6,65808.6,Senior
employee_7001,37,IT,47074,0,Bangalore,564888,4707.400000000001,51781.4,Fresher
employee_7002,28,Data,112691,15,Mumbai,1352292,11269.1,123960.1,Senior
employee_7003,60,Data,57401,11,Bangalore,688812,5740.1,63141.1,Senior
employee_7004,37,QA,36565,7,Chennai,438780,3656.5,40221.5,Mid-level
employee_7005,45,Finance,115236,9,Pune,1382832,11523.6,126759.6,Mid-level
employee_7006,32,IT,89702,11,Pune,1076424,8970.2,98672.2,Senior
employee_7007,49,QA,74926,13,Chennai,899112,7492.6,82418.6,Senior
employee_7008,45,HR,105873,13,Mumbai,1270476,10587.300000000001,116460.3,Senior
employee_7009,56,Finance,36112,4,Hyderabad,433344,3611.2000000000003,39723.2,Junior
employee_7010,45,IT,104297,7,Mumbai,1251564,10429.7,114726.7,Mid-level
employee_7011,49,Data,33885,8,Bangalore,406620,3388.5,37273.5,Mid-level
employee_7012,31,IT,26376,12,Delhi,316512,2637.6000000000004,29013.6,Senior
employee_7013,24,Data,30939,1,Hyderabad,371268,3093.9,34032.9,Fresher
employee_7014,34,Finance,66949,2,Chennai,803388,6694.900000000001,73643.9,Fresher
employee_7015,58,Data,27846,5,Pune,334152,2784.6000000000004,30630.6,Junior
employee_7016,37,HR,97353,8,Pune,1168236,9735.300000000001,107088.3,Mid-level
employee_7017,22,Sales,32430,13,Mumbai,389160,3243.0,35673.0,Senior
employee_7018,28,Data,51328,9,Pune,615936,5132.8,56460.8,Mid-level
employee_7019,56,HR,36151,9,Mumbai,433812,3615.1000000000004,39766.1,Mid-level
employee_7020,30,Sales,84797,7,Bangalore,1017564,8479.7,93276.7,Mid-level
employee_7021,27,Finance,52619,13,Bangalore,631428,5261.900000000001,57880.9,Senior
employee_7022,56,Finance,59484,12,Chennai,713808,5948.400000000001,65432.4,Senior
employee_7023,36,IT,52664,5,Delhi,631968,5266.400000000001,57930.4,Junior
employee_7024,34,HR,31780,15,Bangalore,381360,3178.0,34958.0,Senior
employee_7025,36,HR,93867,4,Mumbai,1126404,9386.7,103253.7,Junior
employee_7026,45,QA,53604,13,Pune,643248,5360.400000000001,58964.4,Senior
employee_7027,24,QA,42762,12,Bangalore,513144,4276.2,47038.2,Senior
employee_7028,49,Sales,48765,15,Bangalore,585180,4876.5,53641.5,Senior
employee_7029,26,Sales,88726,2,Mumbai,1064712,8872.6,97598.6,Fresher
employee_7030,21,QA,62043,11,Bangalore,744516,6204.3,68247.3,Senior
employee_7031,59,Sales,112458,3,Pune,1349496,11245.800000000001,123703.8,Junior
employee_7032,21,Data,84051,12,Delhi,1008612,8405.1,92456.1,Senior
employee_7033,60,QA,114230,12,Pune,1370760,11423.0,125653.0,Senior
employee_7034,23,HR,35556,6,Delhi,426672,3555.6000000000004,39111.6,Mid-level
employee_7035,21,Data,104091,6,Pune,1249092,10409.1,114500.1,Mid-level
employee_7036,21,Sales,35004,2,Pune,420048,3500.4,38504.4,Fresher
employee_7037,59,Finance,83956,15,Hyderabad,1007472,8395.6,92351.6,Senior
employee_7038,41,IT,45810,3,Pune,549720,4581.0,50391.0,Junior
employee_7039,50,QA,87000,2,Hyderabad,1044000,8700.0,95700.0,Fresher
employee_7040,52,Finance,101724,14,Pune,1220688,10172.400000000001,111896.4,Senior
employee_7041,53,Sales,25247,14,Pune,302964,2524.7000000000003,27771.7,Senior
employee_7042,42,HR,45762,1,Mumbai,549144,4576.2,50338.2,Fresher
employee_7043,50,IT,70995,5,Delhi,851940,7099.5,78094.5,Junior
employee_7044,24,Finance,84423,6,Pune,1013076,8442.300000000001,92865.3,Mid-level
employee_7045,43,IT,104347,3,Bangalore,1252164,10434.7,114781.7,Junior
employee_7046,45,QA,94277,4,Pune,1131324,9427.7,103704.7,Junior
employee_7047,32,Sales,86969,7,Chennai,1043628,8696.9,95665.9,Mid-level
employee_7048,37,HR,54052,8,Mumbai,648624,5405.200000000001,59457.2,Mid-level
employee_7049,35,Sales,74214,6,Mumbai,890568,7421.400000000001,81635.4,Mid-level
employee_7050,30,IT,59319,9,Pune,711828,5931.900000000001,65250.9,Mid-level
employee_7051,55,Finance,96842,13,Chennai,1162104,9684.2,106526.2,Senior
employee_7052,49,QA,93541,0,Delhi,1122492,9354.1,102895.1,Fresher
employee_7053,32,QA,93858,10,Pune,1126296,9385.800000000001,103243.8,Mid-level
employee_7054,21,Sales,106544,13,Bangalore,1278528,10654.400000000001,117198.4,Senior
employee_7055,21,Finance,65765,2,Mumbai,789180,6576.5,72341.5,Fresher
employee_7056,30,Finance,49870,10,Mumbai,598440,4987.0,54857.0,Mid-level
employee_7057,38,IT,37466,4,Delhi,449592,3746.6000000000004,41212.6,Junior
employee_7058,22,Sales,70284,2,Chennai,843408,7028.400000000001,77312.4,Fresher
employee_7059,28,Sales,75034,14,Hyderabad,900408,7503.400000000001,82537.4,Senior
employee_7060,42,Data,58161,0,Delhi,697932,5816.1,63977.1,Fresher
employee_7061,42,Sales,93275,1,Chennai,1119300,9327.5,102602.5,Fresher
employee_7062,46,QA,85811,7,Bangalore,1029732,8581.1,94392.1,Mid-level
employee_7063,46,IT,78565,6,Chennai,942780,7856.5,86421.5,Mid-level
employee_7064,29,Finance,86314,12,Delhi,1035768,8631.4,94945.4,Senior
employee_7065,41,Sales,78626,9,Hyderabad,943512,7862.6,86488.6,Mid-level
employee_7066,51,IT,103730,2,Bangalore,1244760,10373.0,114103.0,Fresher
employee_7067,26,Sales,94767,3,Bangalore,1137204,9476.7,104243.7,Junior
employee_7068,34,Finance,76929,13,Hyderabad,923148,7692.900000000001,84621.9,Senior
employee_7069,53,HR,118804,12,Pune,1425648,11880.400000000001,130684.4,Senior
employee_7070,27,Finance,91937,2,Chennai,1103244,9193.7,101130.7,Fresher
employee_7071,44,Finance,33086,12,Delhi,397032,3308.6000000000004,36394.6,Senior
employee_7072,29,Finance,87582,3,Bangalore,1050984,8758.2,96340.2,Junior
employee_7073,31,Sales,91065,7,Delhi,1092780,9106.5,100171.5,Mid-level
employee_7074,43,Data,65779,8,Chennai,789348,6577.900000000001,72356.9,Mid-level
employee_7075,22,Finance,48462,6,Hyderabad,581544,4846.2,53308.2,Mid-level
employee_7076,35,QA,72769,8,Mumbai,873228,7276.900000000001,80045.9,Mid-level
employee_7077,55,QA,80878,13,Hyderabad,970536,8087.8,88965.8,Senior
employee_7078,56,IT,41956,8,Chennai,503472,4195.6,46151.6,Mid-level
employee_7079,48,Data,107563,15,Bangalore,1290756,10756.300000000001,118319.3,Senior
employee_7080,59,IT,110991,6,Chennai,1331892,11099.1,122090.1,Mid-level
employee_7081,24,QA,69555,6,Mumbai,834660,6955.5,76510.5,Mid-level
employee_7082,30,QA,70602,7,Bangalore,847224,7060.200000000001,77662.2,Mid-level
employee_7083,26,HR,30605,11,Mumbai,367260,3060.5,33665.5,Senior
employee_7084,50,Finance,101213,9,Pune,1214556,10121.300000000001,111334.3,Mid-level
employee_7085,55,QA,41938,15,Delhi,503256,4193.8,46131.8,Senior
employee_7086,30,Sales,84502,11,Hyderabad,1014024,8450.2,92952.2,Senior
employee_7087,52,Sales,77545,11,Pune,930540,7754.5,85299.5,Senior
employee_7088,23,IT,68534,2,Chennai,822408,6853.400000000001,75387.4,Fresher
employee_7089,46,IT,40009,7,Pune,480108,4000.9,44009.9,Mid-level
employee_7090,35,Finance,55246,0,Hyderabad,662952,5524.6,60770.6,Fresher
employee_7091,37,Finance,53185,12,Bangalore,638220,5318.5,58503.5,Senior
employee_7092,47,HR,119831,14,Delhi,1437972,11983.1,131814.1,Senior
employee_7093,38,Data,116055,5,Mumbai,1392660,11605.5,127660.5,Junior
employee_7094,39,IT,111488,1,Bangalore,1337856,11148.800000000001,122636.8,Fresher
employee_7095,32,Finance,71642,6,Delhi,859704,7164.200000000001,78806.2,Mid-level
employee_7096,44,IT,34185,12,Pune,410220,3418.5,37603.5,Senior
employee_7097,25,Finance,89366,2,Chennai,1072392,8936.6,98302.6,Fresher
employee_7098,44,QA,44843,15,Pune,538116,4484.3,49327.3,Senior
employee_7099,47,IT,42505,10,Hyderabad,510060,4250.5,46755.5,Mid-level
employee_7100,50,QA,53022,9,Hyderabad,636264,5302.200000000001,58324.2,Mid-level
employee_7101,35,IT,86609,4,Chennai,1039308,8660.9,95269.9,Junior
employee_7102,58,Data,79261,9,Delhi,951132,7926.1,87187.1,Mid-level
employee_7103,54,HR,41439,1,Bangalore,497268,4143.900000000001,45582.9,Fresher
employee_7104,47,Sales,105196,0,Hyderabad,1262352,10519.6,115715.6,Fresher
employee_7105,40,Sales,99385,15,Hyderabad,1192620,9938.5,109323.5,Senior
employee_7106,52,Sales,115371,4,Chennai,1384452,11537.1,126908.1,Junior
employee_7107,24,QA,95272,8,Bangalore,1143264,9527.2,104799.2,Mid-level
employee_7108,25,Finance,60377,14,Pune,724524,6037.700000000001,66414.7,Senior
employee_7109,28,Sales,28909,8,Mumbai,346908,2890.9,31799.9,Mid-level
employee_7110,42,Data,39867,6,Chennai,478404,3986.7000000000003,43853.7,Mid-level
employee_7111,27,Sales,89685,13,Bangalore,1076220,8968.5,98653.5,Senior
employee_7112,42,IT,25794,8,Mumbai,309528,2579.4,28373.4,Mid-level
employee_7113,50,QA,108481,3,Chennai,1301772,10848.1,119329.1,Junior
employee_7114,57,IT,83527,2,Pune,1002324,8352.7,91879.7,Fresher
employee_7115,36,IT,40369,10,Pune,484428,4036.9,44405.9,Mid-level
employee_7116,35,IT,48807,3,Bangalore,585684,4880.7,53687.7,Junior
employee_7117,25,HR,35856,14,Bangalore,430272,3585.6000000000004,39441.6,Senior
employee_7118,23,HR,31795,6,Pune,381540,3179.5,34974.5,Mid-level
employee_7119,43,Finance,119921,7,Pune,1439052,11992.1,131913.1,Mid-level
employee_7120,30,QA,56063,1,Chennai,672756,5606.3,61669.3,Fresher
employee_7121,25,Data,85951,4,Delhi,1031412,8595.1,94546.1,Junior
employee_7122,43,Data,63260,4,Delhi,759120,6326.0,69586.0,Junior
employee_7123,35,Data,35149,12,Bangalore,421788,3514.9,38663.9,Senior
employee_7124,38,IT,117205,8,Mumbai,1406460,11720.5,128925.5,Mid-level
employee_7125,45,HR,51328,12,Pune,615936,5132.8,56460.8,Senior
employee_7126,28,QA,94098,12,Mumbai,1129176,9409.800000000001,103507.8,Senior
employee_7127,51,IT,58623,14,Bangalore,703476,5862.3,64485.3,Senior
employee_7128,41,HR,67255,12,Bangalore,807060,6725.5,73980.5,Senior
employee_7129,22,HR,61389,2,Hyderabad,736668,6138.900000000001,67527.9,Fresher
employee_7130,42,Sales,29206,11,Pune,350472,2920.6000000000004,32126.6,Senior
employee_7131,28,Sales,88565,5,Delhi,1062780,8856.5,97421.5,Junior
employee_7132,43,QA,45897,14,Delhi,550764,4589.7,50486.7,Senior
employee_7133,52,QA,104687,9,Bangalore,1256244,10468.7,115155.7,Mid-level
employee_7134,28,QA,29370,11,Bangalore,352440,2937.0,32307.0,Senior
employee_7135,24,IT,49045,4,Pune,588540,4904.5,53949.5,Junior
employee_7136,50,Finance,112236,1,Hyderabad,1346832,11223.6,123459.6,Fresher
employee_7137,39,QA,112770,1,Hyderabad,1353240,11277.0,124047.0,Fresher
employee_7138,43,Sales,77584,3,Hyderabad,931008,7758.400000000001,85342.4,Junior
employee_7139,38,Finance,73671,11,Hyderabad,884052,7367.1,81038.1,Senior
employee_7140,49,IT,40326,3,Chennai,483912,4032.6000000000004,44358.6,Junior
employee_7141,43,Finance,92777,14,Pune,1113324,9277.7,102054.7,Senior
employee_7142,53,Data,55639,6,Pune,667668,5563.900000000001,61202.9,Mid-level
employee_7143,38,Finance,85874,13,Pune,1030488,8587.4,94461.4,Senior
employee_7144,53,QA,64766,11,Delhi,777192,6476.6,71242.6,Senior
employee_7145,27,IT,46278,13,Hyderabad,555336,4627.8,50905.8,Senior
employee_7146,48,QA,96980,0,Hyderabad,1163760,9698.0,106678.0,Fresher
employee_7147,21,Sales,93551,15,Delhi,1122612,9355.1,102906.1,Senior
employee_7148,59,Data,105439,10,Delhi,1265268,10543.900000000001,115982.9,Mid-level
employee_7149,54,Sales,64583,15,Bangalore,774996,6458.3,71041.3,Senior
employee_7150,59,QA,118679,5,Chennai,1424148,11867.900000000001,130546.9,Junior
employee_7151,39,QA,95400,10,Delhi,1144800,9540.0,104940.0,Mid-level
employee_7152,51,QA,34676,12,Pune,416112,3467.6000000000004,38143.6,Senior
employee_7153,33,HR,29234,8,Chennai,350808,2923.4,32157.4,Mid-level
employee_7154,44,Data,46340,1,Delhi,556080,4634.0,50974.0,Fresher
employee_7155,25,QA,109259,11,Pune,1311108,10925.900000000001,120184.9,Senior
employee_7156,43,QA,33526,4,Hyderabad,402312,3352.6000000000004,36878.6,Junior
employee_7157,39,Sales,97378,9,Hyderabad,1168536,9737.800000000001,107115.8,Mid-level
employee_7158,21,Sales,59626,14,Pune,715512,5962.6,65588.6,Senior
employee_7159,53,QA,26207,10,Mumbai,314484,2620.7000000000003,28827.7,Mid-level
employee_7160,53,IT,107844,9,Hyderabad,1294128,10784.400000000001,118628.4,Mid-level
employee_7161,52,HR,87420,15,Bangalore,1049040,8742.0,96162.0,Senior
employee_7162,48,Sales,77097,3,Delhi,925164,7709.700000000001,84806.7,Junior
employee_7163,57,IT,89414,3,Hyderabad,1072968,8941.4,98355.4,Junior
employee_7164,32,HR,30429,7,Bangalore,365148,3042.9,33471.9,Mid-level
employee_7165,29,QA,78591,13,Chennai,943092,7859.1,86450.1,Senior
employee_7166,31,Data,32591,5,Hyderabad,391092,3259.1000000000004,35850.1,Junior
employee_7167,53,Finance,63660,6,Delhi,763920,6366.0,70026.0,Mid-level
employee_7168,39,Finance,102313,10,Hyderabad,1227756,10231.300000000001,112544.3,Mid-level
employee_7169,54,QA,65459,11,Delhi,785508,6545.900000000001,72004.9,Senior
employee_7170,27,Sales,103084,8,Chennai,1237008,10308.400000000001,113392.4,Mid-level
employee_7171,51,IT,87099,12,Delhi,1045188,8709.9,95808.9,Senior
employee_7172,22,Data,87848,2,Bangalore,1054176,8784.800000000001,96632.8,Fresher
employee_7173,39,HR,103405,10,Mumbai,1240860,10340.5,113745.5,Mid-level
employee_7174,58,QA,114399,1,Delhi,1372788,11439.900000000001,125838.9,Fresher
employee_7175,52,Data,29661,2,Delhi,355932,2966.1000000000004,32627.1,Fresher
employee_7176,30,Data,69802,14,Bangalore,837624,6980.200000000001,76782.2,Senior
employee_7177,28,Sales,43782,7,Pune,525384,4378.2,48160.2,Mid-level
employee_7178,46,HR,74179,12,Pune,890148,7417.900000000001,81596.9,Senior
employee_7179,50,Data,26898,8,Pune,322776,2689.8,29587.8,Mid-level
employee_7180,31,Sales,103455,9,Delhi,1241460,10345.5,113800.5,Mid-level
employee_7181,40,IT,65068,4,Chennai,780816,6506.8,71574.8,Junior
employee_7182,40,Sales,92963,15,Bangalore,1115556,9296.300000000001,102259.3,Senior
employee_7183,29,IT,101303,7,Delhi,1215636,10130.300000000001,111433.3,Mid-level
employee_7184,28,IT,108956,13,Hyderabad,1307472,10895.6,119851.6,Senior
employee_7185,35,Data,83654,10,Delhi,1003848,8365.4,92019.4,Mid-level
employee_7186,54,Sales,61123,6,Pune,733476,6112.3,67235.3,Mid-level
employee_7187,44,IT,81198,11,Bangalore,974376,8119.8,89317.8,Senior
employee_7188,53,HR,77872,13,Hyderabad,934464,7787.200000000001,85659.2,Senior
employee_7189,60,Data,29902,11,Bangalore,358824,2990.2000000000003,32892.2,Senior
employee_7190,47,Sales,51850,12,Chennai,622200,5185.0,57035.0,Senior
employee_7191,41,Sales,73554,8,Pune,882648,7355.400000000001,80909.4,Mid-level
employee_7192,25,Finance,68034,3,Mumbai,816408,6803.400000000001,74837.4,Junior
employee_7193,55,Sales,89843,14,Delhi,1078116,8984.300000000001,98827.3,Senior
employee_7194,41,Data,112156,12,Pune,1345872,11215.6,123371.6,Senior
employee_7195,24,HR,33280,9,Pune,399360,3328.0,36608.0,Mid-level
employee_7196,36,Sales,105490,2,Chennai,1265880,10549.0,116039.0,Fresher
employee_7197,51,Finance,71814,8,Hyderabad,861768,7181.400000000001,78995.4,Mid-level
employee_7198,46,Data,82465,7,Pune,989580,8246.5,90711.5,Mid-level
employee_7199,55,IT,71973,14,Hyderabad,863676,7197.3,79170.3,Senior
employee_7200,26,QA,62729,6,Hyderabad,752748,6272.900000000001,69001.9,Mid-level
employee_7201,53,QA,57800,0,Chennai,693600,5780.0,63580.0,Fresher
employee_7202,41,IT,99423,1,Pune,1193076,9942.300000000001,109365.3,Fresher
employee_7203,36,Sales,103871,8,Delhi,1246452,10387.1,114258.1,Mid-level
employee_7204,59,QA,96713,4,Chennai,1160556,9671.300000000001,106384.3,Junior
employee_7205,54,QA,66206,0,Chennai,794472,6620.6,72826.6,Fresher
employee_7206,35,IT,28926,8,Mumbai,347112,2892.6000000000004,31818.6,Mid-level
employee_7207,26,Sales,85445,0,Delhi,1025340,8544.5,93989.5,Fresher
employee_7208,22,Sales,68056,7,Chennai,816672,6805.6,74861.6,Mid-level
employee_7209,44,IT,100690,4,Mumbai,1208280,10069.0,110759.0,Junior
employee_7210,48,Sales,93495,13,Hyderabad,1121940,9349.5,102844.5,Senior
employee_7211,21,Sales,109147,10,Delhi,1309764,10914.7,120061.7,Mid-level
employee_7212,21,Data,59161,11,Delhi,709932,5916.1,65077.1,Senior
employee_7213,48,Data,84251,5,Hyderabad,1011012,8425.1,92676.1,Junior
employee_7214,56,IT,43407,0,Bangalore,520884,4340.7,47747.7,Fresher
employee_7215,40,HR,103561,1,Delhi,1242732,10356.1,113917.1,Fresher
employee_7216,28,QA,96600,6,Bangalore,1159200,9660.0,106260.0,Mid-level
employee_7217,21,Data,81714,1,Hyderabad,980568,8171.400000000001,89885.4,Fresher
employee_7218,46,QA,31639,4,Pune,379668,3163.9,34802.9,Junior
employee_7219,45,Finance,27478,10,Bangalore,329736,2747.8,30225.8,Mid-level
employee_7220,30,IT,89546,8,Chennai,1074552,8954.6,98500.6,Mid-level
employee_7221,32,HR,98465,4,Delhi,1181580,9846.5,108311.5,Junior
employee_7222,27,Finance,87876,11,Bangalore,1054512,8787.6,96663.6,Senior
employee_7223,32,Finance,113373,2,Delhi,1360476,11337.300000000001,124710.3,Fresher
employee_7224,60,Sales,66941,10,Hyderabad,803292,6694.1,73635.1,Mid-level
employee_7225,37,Finance,54974,12,Pune,659688,5497.400000000001,60471.4,Senior
employee_7226,25,IT,69183,5,Hyderabad,830196,6918.3,76101.3,Junior
employee_7227,34,Data,33418,6,Pune,401016,3341.8,36759.8,Mid-level
employee_7228,54,IT,108186,9,Delhi,1298232,10818.6,119004.6,Mid-level
employee_7229,37,Data,82148,13,Bangalore,985776,8214.800000000001,90362.8,Senior
employee_7230,55,Finance,104919,10,Chennai,1259028,10491.900000000001,115410.9,Mid-level
employee_7231,21,Finance,56708,9,Chennai,680496,5670.8,62378.8,Mid-level
employee_7232,56,HR,57924,10,Hyderabad,695088,5792.400000000001,63716.4,Mid-level
employee_7233,35,Data,48382,7,Delhi,580584,4838.2,53220.2,Mid-level
employee_7234,39,Finance,51649,14,Pune,619788,5164.900000000001,56813.9,Senior
employee_7235,25,Sales,55373,2,Bangalore,664476,5537.3,60910.3,Fresher
employee_7236,39,QA,107680,10,Pune,1292160,10768.0,118448.0,Mid-level
employee_7237,59,HR,99501,3,Pune,1194012,9950.1,109451.1,Junior
employee_7238,25,IT,47791,9,Pune,573492,4779.1,52570.1,Mid-level
employee_7239,32,HR,83896,3,Delhi,1006752,8389.6,92285.6,Junior
employee_7240,39,QA,48115,1,Bangalore,577380,4811.5,52926.5,Fresher
employee_7241,32,Data,42341,14,Delhi,508092,4234.1,46575.1,Senior
employee_7242,56,IT,41637,6,Pune,499644,4163.7,45800.7,Mid-level
employee_7243,32,IT,49269,15,Delhi,591228,4926.900000000001,54195.9,Senior
employee_7244,38,Data,108489,11,Chennai,1301868,10848.900000000001,119337.9,Senior
employee_7245,54,HR,118330,3,Hyderabad,1419960,11833.0,130163.0,Junior
employee_7246,53,Finance,48877,3,Mumbai,586524,4887.7,53764.7,Junior
employee_7247,38,HR,65273,14,Pune,783276,6527.3,71800.3,Senior
employee_7248,49,QA,81035,14,Chennai,972420,8103.5,89138.5,Senior
employee_7249,25,Sales,37405,12,Delhi,448860,3740.5,41145.5,Senior
employee_7250,45,Finance,118348,11,Chennai,1420176,11834.800000000001,130182.8,Senior
employee_7251,44,HR,87309,7,Hyderabad,1047708,8730.9,96039.9,Mid-level
employee_7252,49,Sales,66767,5,Hyderabad,801204,6676.700000000001,73443.7,Junior
employee_7253,58,Sales,34973,5,Mumbai,419676,3497.3,38470.3,Junior
employee_7254,53,Data,83565,10,Mumbai,1002780,8356.5,91921.5,Mid-level
employee_7255,30,QA,114461,8,Mumbai,1373532,11446.1,125907.1,Mid-level
employee_7256,57,QA,48091,3,Bangalore,577092,4809.1,52900.1,Junior
employee_7257,53,QA,44584,8,Bangalore,535008,4458.400000000001,49042.4,Mid-level
employee_7258,43,Finance,99607,0,Chennai,1195284,9960.7,109567.7,Fresher
employee_7259,31,IT,95624,10,Delhi,1147488,9562.4,105186.4,Mid-level
employee_7260,44,Finance,41550,8,Hyderabad,498600,4155.0,45705.0,Mid-level
employee_7261,44,HR,27063,15,Pune,324756,2706.3,29769.3,Senior
employee_7262,27,Sales,117816,14,Hyderabad,1413792,11781.6,129597.6,Senior
employee_7263,41,Sales,98839,0,Bangalore,1186068,9883.900000000001,108722.9,Fresher
employee_7264,40,IT,36631,14,Chennai,439572,3663.1000000000004,40294.1,Senior
employee_7265,30,HR,26125,6,Pune,313500,2612.5,28737.5,Mid-level
employee_7266,45,IT,60409,5,Mumbai,724908,6040.900000000001,66449.9,Junior
employee_7267,56,Sales,75581,6,Mumbai,906972,7558.1,83139.1,Mid-level
employee_7268,35,Finance,47485,8,Bangalore,569820,4748.5,52233.5,Mid-level
employee_7269,60,QA,103330,9,Chennai,1239960,10333.0,113663.0,Mid-level
employee_7270,60,Sales,108554,15,Delhi,1302648,10855.400000000001,119409.4,Senior
employee_7271,26,Data,99398,3,Hyderabad,1192776,9939.800000000001,109337.8,Junior
employee_7272,57,QA,26690,15,Bangalore,320280,2669.0,29359.0,Senior
employee_7273,22,Sales,40740,15,Delhi,488880,4074.0,44814.0,Senior
employee_7274,32,Finance,73643,11,Delhi,883716,7364.3,81007.3,Senior
employee_7275,24,IT,113560,8,Hyderabad,1362720,11356.0,124916.0,Mid-level
employee_7276,43,QA,110877,2,Pune,1330524,11087.7,121964.7,Fresher
employee_7277,33,Finance,34156,9,Hyderabad,409872,3415.6000000000004,37571.6,Mid-level
employee_7278,37,HR,62214,10,Pune,746568,6221.400000000001,68435.4,Mid-level
employee_7279,51,Data,88389,10,Delhi,1060668,8838.9,97227.9,Mid-level
employee_7280,36,QA,100694,8,Chennai,1208328,10069.400000000001,110763.4,Mid-level
employee_7281,46,IT,27808,12,Bangalore,333696,2780.8,30588.8,Senior
employee_7282,48,HR,87987,0,Hyderabad,1055844,8798.7,96785.7,Fresher
employee_7283,21,Finance,95938,13,Chennai,1151256,9593.800000000001,105531.8,Senior
employee_7284,32,Data,92500,4,Chennai,1110000,9250.0,101750.0,Junior
employee_7285,57,IT,87167,14,Hyderabad,1046004,8716.7,95883.7,Senior
employee_7286,40,Finance,85734,9,Mumbai,1028808,8573.4,94307.4,Mid-level
employee_7287,22,Finance,42206,4,Delhi,506472,4220.6,46426.6,Junior
employee_7288,56,QA,34629,0,Mumbai,415548,3462.9,38091.9,Fresher
employee_7289,35,QA,57337,0,Pune,688044,5733.700000000001,63070.7,Fresher
employee_7290,58,IT,112095,2,Chennai,1345140,11209.5,123304.5,Fresher
employee_7291,42,Sales,88829,8,Bangalore,1065948,8882.9,97711.9,Mid-level
employee_7292,52,Sales,94401,6,Bangalore,1132812,9440.1,103841.1,Mid-level
employee_7293,40,Finance,94830,5,Chennai,1137960,9483.0,104313.0,Junior
employee_7294,56,QA,71939,8,Mumbai,863268,7193.900000000001,79132.9,Mid-level
employee_7295,53,Data,37965,3,Delhi,455580,3796.5,41761.5,Junior
employee_7296,35,Data,37228,3,Chennai,446736,3722.8,40950.8,Junior
employee_7297,23,Finance,73419,2,Pune,881028,7341.900000000001,80760.9,Fresher
employee_7298,49,QA,74229,4,Chennai,890748,7422.900000000001,81651.9,Junior
employee_7299,47,IT,37822,4,Hyderabad,453864,3782.2000000000003,41604.2,Junior
employee_7300,25,IT,55070,11,Mumbai,660840,5507.0,60577.0,Senior
employee_7301,51,IT,93723,13,Hyderabad,1124676,9372.300000000001,103095.3,Senior
employee_7302,42,Data,32135,9,Hyderabad,385620,3213.5,35348.5,Mid-level
employee_7303,55,QA,104044,6,Chennai,1248528,10404.400000000001,114448.4,Mid-level
employee_7304,27,QA,64441,15,Delhi,773292,6444.1,70885.1,Senior
employee_7305,26,Data,64884,6,Chennai,778608,6488.400000000001,71372.4,Mid-level
employee_7306,46,IT,116603,14,Delhi,1399236,11660.300000000001,128263.3,Senior
employee_7307,21,IT,43043,5,Bangalore,516516,4304.3,47347.3,Junior
employee_7308,39,Finance,100043,3,Delhi,1200516,10004.300000000001,110047.3,Junior
employee_7309,27,Sales,28062,6,Hyderabad,336744,2806.2000000000003,30868.2,Mid-level
employee_7310,56,HR,115236,13,Chennai,1382832,11523.6,126759.6,Senior
employee_7311,32,Sales,77214,1,Bangalore,926568,7721.400000000001,84935.4,Fresher
employee_7312,40,QA,108990,12,Hyderabad,1307880,10899.0,119889.0,Senior
employee_7313,43,QA,78409,11,Bangalore,940908,7840.900000000001,86249.9,Senior
employee_7314,45,QA,35868,15,Mumbai,430416,3586.8,39454.8,Senior
employee_7315,50,Sales,93089,8,Pune,1117068,9308.9,102397.9,Mid-level
employee_7316,49,HR,119047,6,Hyderabad,1428564,11904.7,130951.7,Mid-level
employee_7317,51,Finance,42428,1,Chennai,509136,4242.8,46670.8,Fresher
employee_7318,38,Sales,96493,9,Delhi,1157916,9649.300000000001,106142.3,Mid-level
employee_7319,39,HR,95114,1,Mumbai,1141368,9511.4,104625.4,Fresher
employee_7320,24,IT,63389,12,Bangalore,760668,6338.900000000001,69727.9,Senior
employee_7321,21,IT,59734,5,Pune,716808,5973.400000000001,65707.4,Junior
employee_7322,35,QA,101084,10,Delhi,1213008,10108.400000000001,111192.4,Mid-level
employee_7323,28,Data,90107,6,Hyderabad,1081284,9010.7,99117.7,Mid-level
employee_7324,35,QA,111889,8,Pune,1342668,11188.900000000001,123077.9,Mid-level
employee_7325,35,Data,109170,14,Mumbai,1310040,10917.0,120087.0,Senior
employee_7326,59,HR,36679,3,Pune,440148,3667.9,40346.9,Junior
employee_7327,42,IT,72743,7,Hyderabad,872916,7274.3,80017.3,Mid-level
employee_7328,38,Sales,49717,13,Mumbai,596604,4971.700000000001,54688.7,Senior
employee_7329,36,Data,50579,9,Bangalore,606948,5057.900000000001,55636.9,Mid-level
employee_7330,22,HR,89102,15,Hyderabad,1069224,8910.2,98012.2,Senior
employee_7331,56,IT,117266,14,Pune,1407192,11726.6,128992.6,Senior
employee_7332,40,Sales,59782,12,Hyderabad,717384,5978.200000000001,65760.2,Senior
employee_7333,36,Data,95160,1,Mumbai,1141920,9516.0,104676.0,Fresher
employee_7334,23,QA,48103,5,Pune,577236,4810.3,52913.3,Junior
employee_7335,50,QA,116080,3,Bangalore,1392960,11608.0,127688.0,Junior
employee_7336,22,QA,78077,7,Delhi,936924,7807.700000000001,85884.7,Mid-level
employee_7337,55,HR,53534,8,Chennai,642408,5353.400000000001,58887.4,Mid-level
employee_7338,46,QA,63636,1,Bangalore,763632,6363.6,69999.6,Fresher
employee_7339,25,Finance,75486,6,Hyderabad,905832,7548.6,83034.6,Mid-level
employee_7340,22,IT,119096,6,Chennai,1429152,11909.6,131005.6,Mid-level
employee_7341,40,HR,58435,7,Delhi,701220,5843.5,64278.5,Mid-level
employee_7342,54,Sales,58152,12,Delhi,697824,5815.200000000001,63967.2,Senior
employee_7343,54,QA,83952,15,Mumbai,1007424,8395.2,92347.2,Senior
employee_7344,40,IT,44638,4,Delhi,535656,4463.8,49101.8,Junior
employee_7345,45,Data,41396,10,Pune,496752,4139.6,45535.6,Mid-level
employee_7346,40,QA,65494,12,Pune,785928,6549.400000000001,72043.4,Senior
employee_7347,45,IT,51783,2,Mumbai,621396,5178.3,56961.3,Fresher
employee_7348,34,Finance,30403,0,Delhi,364836,3040.3,33443.3,Fresher
employee_7349,59,Data,89052,3,Hyderabad,1068624,8905.2,97957.2,Junior
employee_7350,32,Finance,48838,2,Bangalore,586056,4883.8,53721.8,Fresher
employee_7351,25,Sales,63919,1,Chennai,767028,6391.900000000001,70310.9,Fresher
employee_7352,22,IT,102895,5,Mumbai,1234740,10289.5,113184.5,Junior
employee_7353,36,Finance,72995,6,Delhi,875940,7299.5,80294.5,Mid-level
employee_7354,50,Sales,47614,9,Hyderabad,571368,4761.400000000001,52375.4,Mid-level
employee_7355,58,IT,100593,6,Hyderabad,1207116,10059.300000000001,110652.3,Mid-level
employee_7356,44,IT,25100,11,Chennai,301200,2510.0,27610.0,Senior
employee_7357,50,Finance,119191,7,Mumbai,1430292,11919.1,131110.1,Mid-level
employee_7358,57,IT,86720,12,Bangalore,1040640,8672.0,95392.0,Senior
employee_7359,59,QA,95514,13,Bangalore,1146168,9551.4,105065.4,Senior
employee_7360,31,IT,35988,1,Mumbai,431856,3598.8,39586.8,Fresher
employee_7361,34,HR,105067,13,Pune,1260804,10506.7,115573.7,Senior
employee_7362,43,Sales,102167,10,Delhi,1226004,10216.7,112383.7,Mid-level
employee_7363,36,IT,102229,11,Bangalore,1226748,10222.900000000001,112451.9,Senior
employee_7364,41,HR,63148,9,Pune,757776,6314.8,69462.8,Mid-level
employee_7365,24,IT,38823,12,Mumbai,465876,3882.3,42705.3,Senior
employee_7366,53,IT,49696,5,Delhi,596352,4969.6,54665.6,Junior
employee_7367,34,Finance,36629,12,Hyderabad,439548,3662.9,40291.9,Senior
employee_7368,39,QA,28856,5,Mumbai,346272,2885.6000000000004,31741.6,Junior
employee_7369,25,Sales,56051,9,Hyderabad,672612,5605.1,61656.1,Mid-level
employee_7370,56,QA,91611,11,Mumbai,1099332,9161.1,100772.1,Senior
employee_7371,51,Data,111333,0,Pune,1335996,11133.300000000001,122466.3,Fresher
employee_7372,38,Finance,58469,1,Delhi,701628,5846.900000000001,64315.9,Fresher
employee_7373,51,Finance,98721,12,Pune,1184652,9872.1,108593.1,Senior
employee_7374,50,QA,118377,8,Delhi,1420524,11837.7,130214.7,Mid-level
employee_7375,41,Finance,97372,7,Mumbai,1168464,9737.2,107109.2,Mid-level
employee_7376,50,QA,71072,11,Hyderabad,852864,7107.200000000001,78179.2,Senior
employee_7377,24,Finance,115132,12,Mumbai,1381584,11513.2,126645.2,Senior
employee_7378,25,IT,68406,3,Hyderabad,820872,6840.6,75246.6,Junior
employee_7379,30,QA,112754,5,Pune,1353048,11275.400000000001,124029.4,Junior
employee_7380,47,QA,60017,1,Chennai,720204,6001.700000000001,66018.7,Fresher
employee_7381,36,HR,35705,11,Bangalore,428460,3570.5,39275.5,Senior
employee_7382,50,Finance,44606,4,Pune,535272,4460.6,49066.6,Junior
employee_7383,33,Finance,111911,1,Mumbai,1342932,11191.1,123102.1,Fresher
employee_7384,56,QA,117469,14,Mumbai,1409628,11746.900000000001,129215.9,Senior
employee_7385,41,IT,98654,12,Hyderabad,1183848,9865.400000000001,108519.4,Senior
employee_7386,60,IT,60319,4,Bangalore,723828,6031.900000000001,66350.9,Junior
employee_7387,35,Sales,117185,6,Delhi,1406220,11718.5,128903.5,Mid-level
employee_7388,40,IT,82254,6,Pune,987048,8225.4,90479.4,Mid-level
employee_7389,40,Finance,70318,8,Bangalore,843816,7031.8,77349.8,Mid-level
employee_7390,25,HR,27214,2,Bangalore,326568,2721.4,29935.4,Fresher
employee_7391,52,QA,99070,11,Pune,1188840,9907.0,108977.0,Senior
employee_7392,26,Data,74869,3,Hyderabad,898428,7486.900000000001,82355.9,Junior
employee_7393,50,HR,60228,8,Delhi,722736,6022.8,66250.8,Mid-level
employee_7394,46,Data,69696,15,Hyderabad,836352,6969.6,76665.6,Senior
employee_7395,57,HR,28255,13,Hyderabad,339060,2825.5,31080.5,Senior
employee_7396,33,IT,52841,7,Chennai,634092,5284.1,58125.1,Mid-level
employee_7397,49,Finance,30334,11,Bangalore,364008,3033.4,33367.4,Senior
employee_7398,25,Data,102817,6,Chennai,1233804,10281.7,113098.7,Mid-level
employee_7399,45,HR,65522,7,Hyderabad,786264,6552.200000000001,72074.2,Mid-level
employee_7400,33,Finance,64708,8,Delhi,776496,6470.8,71178.8,Mid-level
employee_7401,44,Data,90150,11,Pune,1081800,9015.0,99165.0,Senior
employee_7402,51,QA,55697,3,Bangalore,668364,5569.700000000001,61266.7,Junior
employee_7403,40,HR,35722,4,Pune,428664,3572.2000000000003,39294.2,Junior
employee_7404,28,QA,90480,8,Mumbai,1085760,9048.0,99528.0,Mid-level
employee_7405,29,IT,41029,6,Bangalore,492348,4102.900000000001,45131.9,Mid-level
employee_7406,41,QA,90550,13,Pune,1086600,9055.0,99605.0,Senior
employee_7407,40,QA,102042,3,Hyderabad,1224504,10204.2,112246.2,Junior
employee_7408,35,Sales,33208,5,Chennai,398496,3320.8,36528.8,Junior
employee_7409,46,HR,117693,10,Pune,1412316,11769.300000000001,129462.3,Mid-level
employee_7410,31,IT,100507,0,Delhi,1206084,10050.7,110557.7,Fresher
employee_7411,57,QA,113719,0,Mumbai,1364628,11371.900000000001,125090.9,Fresher
employee_7412,31,Finance,113499,8,Hyderabad,1361988,11349.900000000001,124848.9,Mid-level
employee_7413,47,Data,33127,14,Mumbai,397524,3312.7000000000003,36439.7,Senior
employee_7414,50,QA,72782,7,Delhi,873384,7278.200000000001,80060.2,Mid-level
employee_7415,39,IT,40646,14,Delhi,487752,4064.6000000000004,44710.6,Senior
employee_7416,54,QA,115891,12,Chennai,1390692,11589.1,127480.1,Senior
employee_7417,58,Data,108744,15,Mumbai,1304928,10874.400000000001,119618.4,Senior
employee_7418,43,IT,47713,0,Delhi,572556,4771.3,52484.3,Fresher
employee_7419,21,HR,57267,12,Pune,687204,5726.700000000001,62993.7,Senior
employee_7420,23,IT,28864,14,Delhi,346368,2886.4,31750.4,Senior
employee_7421,23,HR,101197,10,Delhi,1214364,10119.7,111316.7,Mid-level
employee_7422,48,IT,57559,1,Pune,690708,5755.900000000001,63314.9,Fresher
employee_7423,34,Data,100858,12,Hyderabad,1210296,10085.800000000001,110943.8,Senior
employee_7424,50,Data,97246,3,Chennai,1166952,9724.6,106970.6,Junior
employee_7425,25,IT,56362,0,Chennai,676344,5636.200000000001,61998.2,Fresher
employee_7426,35,QA,57380,15,Bangalore,688560,5738.0,63118.0,Senior
employee_7427,58,Data,89994,1,Bangalore,1079928,8999.4,98993.4,Fresher
employee_7428,34,HR,66284,4,Pune,795408,6628.400000000001,72912.4,Junior
employee_7429,34,HR,104922,15,Delhi,1259064,10492.2,115414.2,Senior
employee_7430,28,Finance,103874,7,Mumbai,1246488,10387.400000000001,114261.4,Mid-level
employee_7431,28,Sales,80277,5,Delhi,963324,8027.700000000001,88304.7,Junior
employee_7432,39,Sales,40316,14,Delhi,483792,4031.6000000000004,44347.6,Senior
employee_7433,52,Sales,49463,5,Mumbai,593556,4946.3,54409.3,Junior
employee_7434,51,HR,100739,3,Hyderabad,1208868,10073.900000000001,110812.9,Junior
employee_7435,49,Finance,29888,1,Chennai,358656,2988.8,32876.8,Fresher
employee_7436,31,Sales,118728,2,Pune,1424736,11872.800000000001,130600.8,Fresher
employee_7437,33,Sales,36325,12,Mumbai,435900,3632.5,39957.5,Senior
employee_7438,47,IT,44088,5,Bangalore,529056,4408.8,48496.8,Junior
employee_7439,39,IT,99922,5,Pune,1199064,9992.2,109914.2,Junior
employee_7440,46,IT,101803,4,Hyderabad,1221636,10180.300000000001,111983.3,Junior
employee_7441,57,QA,40419,5,Pune,485028,4041.9,44460.9,Junior
employee_7442,29,Sales,116016,10,Mumbai,1392192,11601.6,127617.6,Mid-level
employee_7443,48,QA,78749,15,Hyderabad,944988,7874.900000000001,86623.9,Senior
employee_7444,52,Finance,70854,5,Delhi,850248,7085.400000000001,77939.4,Junior
employee_7445,23,HR,27904,12,Bangalore,334848,2790.4,30694.4,Senior
employee_7446,52,Sales,103966,0,Bangalore,1247592,10396.6,114362.6,Fresher
employee_7447,25,HR,88556,5,Mumbai,1062672,8855.6,97411.6,Junior
employee_7448,28,IT,105535,4,Hyderabad,1266420,10553.5,116088.5,Junior
employee_7449,34,Sales,113855,7,Bangalore,1366260,11385.5,125240.5,Mid-level
employee_7450,23,Data,45700,15,Hyderabad,548400,4570.0,50270.0,Senior
employee_7451,44,QA,52633,8,Pune,631596,5263.3,57896.3,Mid-level
employee_7452,33,QA,109644,13,Chennai,1315728,10964.400000000001,120608.4,Senior
employee_7453,49,Sales,49055,5,Chennai,588660,4905.5,53960.5,Junior
employee_7454,28,IT,43642,12,Chennai,523704,4364.2,48006.2,Senior
employee_7455,51,QA,78014,11,Bangalore,936168,7801.400000000001,85815.4,Senior
employee_7456,46,IT,83274,11,Mumbai,999288,8327.4,91601.4,Senior
employee_7457,38,Finance,28646,9,Chennai,343752,2864.6000000000004,31510.6,Mid-level
employee_7458,38,HR,38173,3,Delhi,458076,3817.3,41990.3,Junior
employee_7459,27,Data,32025,2,Mumbai,384300,3202.5,35227.5,Fresher
employee_7460,58,HR,37549,15,Chennai,450588,3754.9,41303.9,Senior
employee_7461,36,HR,39853,9,Pune,478236,3985.3,43838.3,Mid-level
employee_7462,53,Finance,75423,15,Chennai,905076,7542.3,82965.3,Senior
employee_7463,23,QA,86156,11,Mumbai,1033872,8615.6,94771.6,Senior
employee_7464,58,Data,36326,0,Bangalore,435912,3632.6000000000004,39958.6,Fresher
employee_7465,24,QA,28463,6,Delhi,341556,2846.3,31309.3,Mid-level
employee_7466,56,Sales,52163,4,Pune,625956,5216.3,57379.3,Junior
employee_7467,24,HR,39075,15,Mumbai,468900,3907.5,42982.5,Senior
employee_7468,29,Sales,119245,3,Hyderabad,1430940,11924.5,131169.5,Junior
employee_7469,60,IT,68315,8,Chennai,819780,6831.5,75146.5,Mid-level
employee_7470,37,HR,41010,6,Pune,492120,4101.0,45111.0,Mid-level
employee_7471,37,QA,91433,9,Bangalore,1097196,9143.300000000001,100576.3,Mid-level
employee_7472,53,HR,25605,12,Hyderabad,307260,2560.5,28165.5,Senior
employee_7473,40,IT,61445,7,Chennai,737340,6144.5,67589.5,Mid-level
employee_7474,34,Finance,62315,3,Pune,747780,6231.5,68546.5,Junior
employee_7475,42,Sales,33652,9,Delhi,403824,3365.2000000000003,37017.2,Mid-level
employee_7476,47,Sales,57229,15,Mumbai,686748,5722.900000000001,62951.9,Senior
employee_7477,23,QA,55530,11,Chennai,666360,5553.0,61083.0,Senior
employee_7478,44,HR,74101,9,Pune,889212,7410.1,81511.1,Mid-level
employee_7479,50,QA,110950,7,Chennai,1331400,11095.0,122045.0,Mid-level
employee_7480,28,Finance,118439,3,Delhi,1421268,11843.900000000001,130282.9,Junior
employee_7481,42,HR,105266,14,Pune,1263192,10526.6,115792.6,Senior
employee_7482,45,HR,62924,0,Mumbai,755088,6292.400000000001,69216.4,Fresher
employee_7483,30,QA,63541,10,Chennai,762492,6354.1,69895.1,Mid-level
employee_7484,49,QA,89658,14,Pune,1075896,8965.800000000001,98623.8,Senior
employee_7485,60,IT,81327,7,Hyderabad,975924,8132.700000000001,89459.7,Mid-level
employee_7486,21,Finance,118434,0,Bangalore,1421208,11843.400000000001,130277.4,Fresher
employee_7487,41,IT,68654,12,Delhi,823848,6865.400000000001,75519.4,Senior
employee_7488,59,Sales,40930,11,Pune,491160,4093.0,45023.0,Senior
employee_7489,44,HR,28518,2,Pune,342216,2851.8,31369.8,Fresher
employee_7490,29,QA,55982,6,Pune,671784,5598.200000000001,61580.2,Mid-level
employee_7491,46,HR,31775,2,Chennai,381300,3177.5,34952.5,Fresher
employee_7492,29,HR,48990,12,Delhi,587880,4899.0,53889.0,Senior
employee_7493,40,Data,30378,7,Bangalore,364536,3037.8,33415.8,Mid-level
employee_7494,55,Sales,71402,4,Delhi,856824,7140.200000000001,78542.2,Junior
employee_7495,56,Data,64441,2,Chennai,773292,6444.1,70885.1,Fresher
employee_7496,56,HR,96980,4,Pune,1163760,9698.0,106678.0,Junior
employee_7497,29,QA,104712,4,Delhi,1256544,10471.2,115183.2,Junior
employee_7498,42,HR,50060,7,Pune,600720,5006.0,55066.0,Mid-level
employee_7499,21,Sales,99915,11,Bangalore,1198980,9991.5,109906.5,Senior
employee_7500,25,Data,71993,8,Hyderabad,863916,7199.3,79192.3,Mid-level
employee_7501,29,QA,118104,5,Chennai,1417248,11810.400000000001,129914.4,Junior
employee_7502,57,HR,47765,15,Hyderabad,573180,4776.5,52541.5,Senior
employee_7503,58,Finance,84053,9,Delhi,1008636,8405.300000000001,92458.3,Mid-level
employee_7504,39,Sales,48196,15,Pune,578352,4819.6,53015.6,Senior
employee_7505,28,Sales,40468,2,Pune,485616,4046.8,44514.8,Fresher
employee_7506,52,Finance,119385,1,Mumbai,1432620,11938.5,131323.5,Fresher
employee_7507,33,HR,33174,10,Mumbai,398088,3317.4,36491.4,Mid-level
employee_7508,40,Sales,70820,2,Hyderabad,849840,7082.0,77902.0,Fresher
employee_7509,56,QA,44098,8,Mumbai,529176,4409.8,48507.8,Mid-level
employee_7510,57,HR,97582,6,Delhi,1170984,9758.2,107340.2,Mid-level
employee_7511,50,HR,29186,14,Bangalore,350232,2918.6000000000004,32104.6,Senior
employee_7512,30,Data,41722,10,Delhi,500664,4172.2,45894.2,Mid-level
employee_7513,51,Sales,96504,10,Hyderabad,1158048,9650.4,106154.4,Mid-level
employee_7514,45,Sales,65452,8,Delhi,785424,6545.200000000001,71997.2,Mid-level
employee_7515,49,Finance,53270,12,Mumbai,639240,5327.0,58597.0,Senior
employee_7516,44,Data,73311,14,Mumbai,879732,7331.1,80642.1,Senior
employee_7517,59,Data,66129,5,Bangalore,793548,6612.900000000001,72741.9,Junior
employee_7518,41,Sales,31387,7,Delhi,376644,3138.7000000000003,34525.7,Mid-level
employee_7519,29,HR,49394,9,Bangalore,592728,4939.400000000001,54333.4,Mid-level
employee_7520,22,Data,101827,10,Hyderabad,1221924,10182.7,112009.7,Mid-level
employee_7521,24,Finance,55093,8,Chennai,661116,5509.3,60602.3,Mid-level
employee_7522,28,Data,81636,2,Delhi,979632,8163.6,89799.6,Fresher
employee_7523,52,Finance,93146,6,Delhi,1117752,9314.6,102460.6,Mid-level
employee_7524,34,Data,60241,8,Bangalore,722892,6024.1,66265.1,Mid-level
employee_7525,33,Finance,79407,1,Mumbai,952884,7940.700000000001,87347.7,Fresher
employee_7526,41,Data,53337,11,Hyderabad,640044,5333.700000000001,58670.7,Senior
employee_7527,44,Data,29804,6,Chennai,357648,2980.4,32784.4,Mid-level
employee_7528,38,QA,59058,4,Delhi,708696,5905.8,64963.8,Junior
employee_7529,60,Finance,100763,7,Hyderabad,1209156,10076.300000000001,110839.3,Mid-level
employee_7530,46,Finance,82450,15,Mumbai,989400,8245.0,90695.0,Senior
employee_7531,52,Finance,76759,3,Chennai,921108,7675.900000000001,84434.9,Junior
employee_7532,53,IT,84529,0,Chennai,1014348,8452.9,92981.9,Fresher
employee_7533,51,Data,56334,10,Bangalore,676008,5633.400000000001,61967.4,Mid-level
employee_7534,38,Finance,88534,12,Pune,1062408,8853.4,97387.4,Senior
employee_7535,55,Sales,88452,14,Mumbai,1061424,8845.2,97297.2,Senior
employee_7536,32,IT,31511,9,Pune,378132,3151.1000000000004,34662.1,Mid-level
employee_7537,45,QA,65965,7,Mumbai,791580,6596.5,72561.5,Mid-level
employee_7538,51,Finance,64440,14,Hyderabad,773280,6444.0,70884.0,Senior
employee_7539,30,Finance,88118,5,Pune,1057416,8811.800000000001,96929.8,Junior
employee_7540,54,IT,110263,12,Delhi,1323156,11026.300000000001,121289.3,Senior
employee_7541,23,Data,74217,7,Delhi,890604,7421.700000000001,81638.7,Mid-level
employee_7542,59,Sales,56139,2,Delhi,673668,5613.900000000001,61752.9,Fresher
employee_7543,28,QA,110330,7,Chennai,1323960,11033.0,121363.0,Mid-level
employee_7544,52,Finance,93517,7,Bangalore,1122204,9351.7,102868.7,Mid-level
employee_7545,49,Data,37785,11,Mumbai,453420,3778.5,41563.5,Senior
employee_7546,42,Sales,79740,0,Bangalore,956880,7974.0,87714.0,Fresher
employee_7547,40,Sales,105202,3,Mumbai,1262424,10520.2,115722.2,Junior
employee_7548,26,QA,95632,6,Delhi,1147584,9563.2,105195.2,Mid-level
employee_7549,49,HR,38950,12,Chennai,467400,3895.0,42845.0,Senior
employee_7550,37,Sales,89642,13,Chennai,1075704,8964.2,98606.2,Senior
employee_7551,51,HR,76169,10,Chennai,914028,7616.900000000001,83785.9,Mid-level
employee_7552,54,Sales,97209,0,Chennai,1166508,9720.9,106929.9,Fresher
employee_7553,58,QA,92278,2,Chennai,1107336,9227.800000000001,101505.8,Fresher
employee_7554,57,IT,63488,2,Delhi,761856,6348.8,69836.8,Fresher
employee_7555,24,QA,61277,5,Bangalore,735324,6127.700000000001,67404.7,Junior
employee_7556,22,QA,70041,4,Hyderabad,840492,7004.1,77045.1,Junior
employee_7557,32,IT,28534,11,Pune,342408,2853.4,31387.4,Senior
employee_7558,55,IT,105221,10,Bangalore,1262652,10522.1,115743.1,Mid-level
employee_7559,26,Data,95672,14,Delhi,1148064,9567.2,105239.2,Senior
employee_7560,28,Sales,96121,6,Pune,1153452,9612.1,105733.1,Mid-level
employee_7561,41,Data,117894,2,Hyderabad,1414728,11789.400000000001,129683.4,Fresher
employee_7562,55,IT,99090,10,Mumbai,1189080,9909.0,108999.0,Mid-level
employee_7563,35,HR,81310,0,Hyderabad,975720,8131.0,89441.0,Fresher
employee_7564,27,HR,26634,10,Hyderabad,319608,2663.4,29297.4,Mid-level
employee_7565,35,QA,41908,14,Delhi,502896,4190.8,46098.8,Senior
employee_7566,26,Finance,46310,2,Mumbai,555720,4631.0,50941.0,Fresher
employee_7567,37,QA,105653,7,Pune,1267836,10565.300000000001,116218.3,Mid-level
employee_7568,24,QA,92258,15,Chennai,1107096,9225.800000000001,101483.8,Senior
employee_7569,42,Finance,99147,4,Mumbai,1189764,9914.7,109061.7,Junior
employee_7570,52,Sales,81081,14,Mumbai,972972,8108.1,89189.1,Senior
employee_7571,42,IT,86572,2,Hyderabad,1038864,8657.2,95229.2,Fresher
employee_7572,47,HR,94400,13,Mumbai,1132800,9440.0,103840.0,Senior
employee_7573,35,QA,91603,7,Bangalore,1099236,9160.300000000001,100763.3,Mid-level
employee_7574,42,Finance,116512,5,Chennai,1398144,11651.2,128163.2,Junior
employee_7575,48,Data,97807,14,Hyderabad,1173684,9780.7,107587.7,Senior
employee_7576,58,QA,102364,2,Pune,1228368,10236.400000000001,112600.4,Fresher
employee_7577,29,HR,56131,13,Pune,673572,5613.1,61744.1,Senior
employee_7578,54,IT,45386,4,Pune,544632,4538.6,49924.6,Junior
employee_7579,56,QA,74781,0,Pune,897372,7478.1,82259.1,Fresher
employee_7580,29,QA,86760,5,Pune,1041120,8676.0,95436.0,Junior
employee_7581,35,Sales,92370,14,Hyderabad,1108440,9237.0,101607.0,Senior
employee_7582,40,Finance,79470,13,Bangalore,953640,7947.0,87417.0,Senior
employee_7583,28,Data,78283,11,Bangalore,939396,7828.3,86111.3,Senior
employee_7584,48,Data,27353,12,Pune,328236,2735.3,30088.3,Senior
employee_7585,39,IT,38878,13,Bangalore,466536,3887.8,42765.8,Senior
employee_7586,36,HR,101668,8,Chennai,1220016,10166.800000000001,111834.8,Mid-level
employee_7587,31,IT,33203,11,Bangalore,398436,3320.3,36523.3,Senior
employee_7588,28,QA,35322,6,Mumbai,423864,3532.2000000000003,38854.2,Mid-level
employee_7589,53,QA,101831,14,Pune,1221972,10183.1,112014.1,Senior
employee_7590,30,Data,83775,10,Mumbai,1005300,8377.5,92152.5,Mid-level
employee_7591,38,HR,60925,12,Mumbai,731100,6092.5,67017.5,Senior
employee_7592,55,Finance,47247,7,Pune,566964,4724.7,51971.7,Mid-level
employee_7593,23,HR,42340,5,Delhi,508080,4234.0,46574.0,Junior
employee_7594,60,QA,110778,10,Hyderabad,1329336,11077.800000000001,121855.8,Mid-level
employee_7595,47,Finance,47522,4,Delhi,570264,4752.2,52274.2,Junior
employee_7596,48,HR,69594,14,Bangalore,835128,6959.400000000001,76553.4,Senior
employee_7597,26,HR,102631,11,Delhi,1231572,10263.1,112894.1,Senior
employee_7598,34,Finance,71335,5,Chennai,856020,7133.5,78468.5,Junior
employee_7599,27,QA,113961,6,Delhi,1367532,11396.1,125357.1,Mid-level
employee_7600,30,HR,59723,15,Delhi,716676,5972.3,65695.3,Senior
employee_7601,35,Finance,100740,8,Hyderabad,1208880,10074.0,110814.0,Mid-level
employee_7602,51,Sales,29991,7,Chennai,359892,2999.1000000000004,32990.1,Mid-level
employee_7603,49,Sales,61833,4,Delhi,741996,6183.3,68016.3,Junior
employee_7604,37,QA,41067,14,Pune,492804,4106.7,45173.7,Senior
employee_7605,49,Finance,38763,6,Bangalore,465156,3876.3,42639.3,Mid-level
employee_7606,35,Sales,76955,7,Delhi,923460,7695.5,84650.5,Mid-level
employee_7607,46,Finance,69863,0,Hyderabad,838356,6986.3,76849.3,Fresher
employee_7608,32,HR,42408,15,Pune,508896,4240.8,46648.8,Senior
employee_7609,45,QA,50176,7,Hyderabad,602112,5017.6,55193.6,Mid-level
employee_7610,25,Sales,60097,10,Mumbai,721164,6009.700000000001,66106.7,Mid-level
employee_7611,24,HR,76850,6,Delhi,922200,7685.0,84535.0,Mid-level
employee_7612,51,IT,78846,10,Bangalore,946152,7884.6,86730.6,Mid-level
employee_7613,23,IT,60794,11,Bangalore,729528,6079.400000000001,66873.4,Senior
employee_7614,23,QA,88324,11,Pune,1059888,8832.4,97156.4,Senior
employee_7615,46,Sales,114767,1,Pune,1377204,11476.7,126243.7,Fresher
employee_7616,37,Sales,83486,1,Pune,1001832,8348.6,91834.6,Fresher
employee_7617,30,Sales,26011,11,Bangalore,312132,2601.1000000000004,28612.1,Senior
employee_7618,22,Finance,48427,5,Delhi,581124,4842.7,53269.7,Junior
employee_7619,44,HR,63392,15,Mumbai,760704,6339.200000000001,69731.2,Senior
employee_7620,31,Sales,83990,2,Bangalore,1007880,8399.0,92389.0,Fresher
employee_7621,44,HR,75852,0,Pune,910224,7585.200000000001,83437.2,Fresher
employee_7622,55,QA,40229,14,Chennai,482748,4022.9,44251.9,Senior
employee_7623,43,Sales,103780,7,Delhi,1245360,10378.0,114158.0,Mid-level
employee_7624,52,QA,107138,6,Mumbai,1285656,10713.800000000001,117851.8,Mid-level
employee_7625,43,Sales,114998,3,Bangalore,1379976,11499.800000000001,126497.8,Junior
employee_7626,54,IT,50302,15,Chennai,603624,5030.200000000001,55332.2,Senior
employee_7627,39,Data,48536,13,Delhi,582432,4853.6,53389.6,Senior
employee_7628,22,QA,112746,15,Mumbai,1352952,11274.6,124020.6,Senior
employee_7629,22,Sales,30585,0,Bangalore,367020,3058.5,33643.5,Fresher
employee_7630,35,Data,74130,1,Delhi,889560,7413.0,81543.0,Fresher
employee_7631,41,QA,86957,8,Delhi,1043484,8695.7,95652.7,Mid-level
employee_7632,55,Finance,82210,3,Pune,986520,8221.0,90431.0,Junior
employee_7633,25,Sales,107731,2,Bangalore,1292772,10773.1,118504.1,Fresher
employee_7634,47,Finance,105373,7,Delhi,1264476,10537.300000000001,115910.3,Mid-level
employee_7635,44,IT,30456,3,Mumbai,365472,3045.6000000000004,33501.6,Junior
employee_7636,27,Sales,78861,6,Pune,946332,7886.1,86747.1,Mid-level
employee_7637,26,IT,62289,14,Delhi,747468,6228.900000000001,68517.9,Senior
employee_7638,53,Data,34775,12,Hyderabad,417300,3477.5,38252.5,Senior
employee_7639,37,QA,89881,13,Chennai,1078572,8988.1,98869.1,Senior
employee_7640,50,HR,39099,13,Delhi,469188,3909.9,43008.9,Senior
employee_7641,28,IT,66842,13,Pune,802104,6684.200000000001,73526.2,Senior
employee_7642,60,HR,82163,4,Pune,985956,8216.300000000001,90379.3,Junior
employee_7643,27,HR,107351,4,Mumbai,1288212,10735.1,118086.1,Junior
employee_7644,26,QA,102762,10,Delhi,1233144,10276.2,113038.2,Mid-level
employee_7645,24,Data,99675,5,Delhi,1196100,9967.5,109642.5,Junior
employee_7646,21,QA,69867,11,Mumbai,838404,6986.700000000001,76853.7,Senior
employee_7647,35,Sales,34859,12,Chennai,418308,3485.9,38344.9,Senior
employee_7648,51,IT,80700,3,Mumbai,968400,8070.0,88770.0,Junior
employee_7649,45,HR,27539,1,Pune,330468,2753.9,30292.9,Fresher
employee_7650,53,QA,103735,5,Chennai,1244820,10373.5,114108.5,Junior
employee_7651,55,QA,58158,12,Chennai,697896,5815.8,63973.8,Senior
employee_7652,25,QA,90618,4,Bangalore,1087416,9061.800000000001,99679.8,Junior
employee_7653,25,IT,75154,2,Pune,901848,7515.400000000001,82669.4,Fresher
employee_7654,56,Data,82824,3,Pune,993888,8282.4,91106.4,Junior
employee_7655,37,QA,37281,2,Mumbai,447372,3728.1000000000004,41009.1,Fresher
employee_7656,34,IT,40120,2,Pune,481440,4012.0,44132.0,Fresher
employee_7657,49,HR,34946,3,Delhi,419352,3494.6000000000004,38440.6,Junior
employee_7658,28,Sales,101427,1,Mumbai,1217124,10142.7,111569.7,Fresher
employee_7659,54,Finance,110176,3,Pune,1322112,11017.6,121193.6,Junior
employee_7660,60,IT,51111,9,Delhi,613332,5111.1,56222.1,Mid-level
employee_7661,21,Finance,77396,10,Bangalore,928752,7739.6,85135.6,Mid-level
employee_7662,49,QA,58290,1,Pune,699480,5829.0,64119.0,Fresher
employee_7663,56,QA,59462,13,Bangalore,713544,5946.200000000001,65408.2,Senior
employee_7664,57,IT,109172,9,Pune,1310064,10917.2,120089.2,Mid-level
employee_7665,49,Finance,29837,7,Pune,358044,2983.7000000000003,32820.7,Mid-level
employee_7666,25,QA,36801,9,Hyderabad,441612,3680.1000000000004,40481.1,Mid-level
employee_7667,52,HR,48710,15,Delhi,584520,4871.0,53581.0,Senior
employee_7668,44,Data,65916,4,Pune,790992,6591.6,72507.6,Junior
employee_7669,39,Data,38065,12,Bangalore,456780,3806.5,41871.5,Senior
employee_7670,32,QA,87546,6,Chennai,1050552,8754.6,96300.6,Mid-level
employee_7671,21,Finance,70474,10,Bangalore,845688,7047.400000000001,77521.4,Mid-level
employee_7672,27,Sales,118766,3,Delhi,1425192,11876.6,130642.6,Junior
employee_7673,37,QA,61388,9,Pune,736656,6138.8,67526.8,Mid-level
employee_7674,54,Sales,101167,5,Mumbai,1214004,10116.7,111283.7,Junior
employee_7675,27,Sales,99667,12,Hyderabad,1196004,9966.7,109633.7,Senior
employee_7676,37,Finance,104843,11,Mumbai,1258116,10484.300000000001,115327.3,Senior
employee_7677,23,Sales,28709,13,Hyderabad,344508,2870.9,31579.9,Senior
employee_7678,49,HR,73754,9,Hyderabad,885048,7375.400000000001,81129.4,Mid-level
employee_7679,42,Finance,111257,3,Mumbai,1335084,11125.7,122382.7,Junior
employee_7680,58,QA,30094,14,Delhi,361128,3009.4,33103.4,Senior
employee_7681,49,HR,34415,15,Pune,412980,3441.5,37856.5,Senior
employee_7682,25,IT,73846,15,Bangalore,886152,7384.6,81230.6,Senior
employee_7683,50,Data,104066,5,Mumbai,1248792,10406.6,114472.6,Junior
employee_7684,43,QA,32472,0,Chennai,389664,3247.2000000000003,35719.2,Fresher
employee_7685,41,QA,88730,5,Hyderabad,1064760,8873.0,97603.0,Junior
employee_7686,46,QA,61131,5,Bangalore,733572,6113.1,67244.1,Junior
employee_7687,41,HR,109943,1,Chennai,1319316,10994.300000000001,120937.3,Fresher
employee_7688,40,IT,108737,15,Bangalore,1304844,10873.7,119610.7,Senior
employee_7689,43,Finance,52948,11,Pune,635376,5294.8,58242.8,Senior
employee_7690,24,IT,71908,9,Chennai,862896,7190.8,79098.8,Mid-level
employee_7691,41,HR,74835,9,Delhi,898020,7483.5,82318.5,Mid-level
employee_7692,41,QA,48115,8,Delhi,577380,4811.5,52926.5,Mid-level
employee_7693,21,Data,52961,14,Mumbai,635532,5296.1,58257.1,Senior
employee_7694,35,QA,72083,5,Bangalore,864996,7208.3,79291.3,Junior
employee_7695,37,Finance,84417,11,Delhi,1013004,8441.7,92858.7,Senior
employee_7696,34,Sales,77062,14,Delhi,924744,7706.200000000001,84768.2,Senior
employee_7697,39,Data,72182,10,Mumbai,866184,7218.200000000001,79400.2,Mid-level
employee_7698,54,QA,27017,12,Mumbai,324204,2701.7000000000003,29718.7,Senior
employee_7699,26,Data,29223,6,Delhi,350676,2922.3,32145.3,Mid-level
employee_7700,26,Sales,86852,1,Bangalore,1042224,8685.2,95537.2,Fresher
employee_7701,25,IT,75509,1,Bangalore,906108,7550.900000000001,83059.9,Fresher
employee_7702,27,HR,48075,15,Hyderabad,576900,4807.5,52882.5,Senior
employee_7703,53,QA,31531,1,Hyderabad,378372,3153.1000000000004,34684.1,Fresher
employee_7704,33,Finance,29666,9,Chennai,355992,2966.6000000000004,32632.6,Mid-level
employee_7705,21,IT,114317,12,Chennai,1371804,11431.7,125748.7,Senior
employee_7706,33,QA,69023,10,Chennai,828276,6902.3,75925.3,Mid-level
employee_7707,47,IT,60236,8,Hyderabad,722832,6023.6,66259.6,Mid-level
employee_7708,27,Finance,65059,2,Mumbai,780708,6505.900000000001,71564.9,Fresher
employee_7709,23,QA,65023,12,Delhi,780276,6502.3,71525.3,Senior
employee_7710,45,Sales,29236,3,Pune,350832,2923.6000000000004,32159.6,Junior
employee_7711,53,Sales,92475,0,Pune,1109700,9247.5,101722.5,Fresher
employee_7712,60,Finance,61624,0,Delhi,739488,6162.400000000001,67786.4,Fresher
employee_7713,37,Data,57818,3,Bangalore,693816,5781.8,63599.8,Junior
employee_7714,34,Finance,106462,13,Hyderabad,1277544,10646.2,117108.2,Senior
employee_7715,57,Data,118088,1,Bangalore,1417056,11808.800000000001,129896.8,Fresher
employee_7716,43,QA,55100,15,Pune,661200,5510.0,60610.0,Senior
employee_7717,44,Data,91896,7,Bangalore,1102752,9189.6,101085.6,Mid-level
employee_7718,49,QA,69696,12,Hyderabad,836352,6969.6,76665.6,Senior
employee_7719,58,QA,102530,3,Hyderabad,1230360,10253.0,112783.0,Junior
employee_7720,47,HR,49941,15,Hyderabad,599292,4994.1,54935.1,Senior
employee_7721,58,QA,118067,2,Pune,1416804,11806.7,129873.7,Fresher
employee_7722,60,Data,84347,2,Hyderabad,1012164,8434.7,92781.7,Fresher
employee_7723,43,HR,101629,5,Chennai,1219548,10162.900000000001,111791.9,Junior
employee_7724,51,HR,58025,11,Chennai,696300,5802.5,63827.5,Senior
employee_7725,56,QA,36651,12,Delhi,439812,3665.1000000000004,40316.1,Senior
employee_7726,37,Finance,115380,5,Hyderabad,1384560,11538.0,126918.0,Junior
employee_7727,57,Finance,108254,5,Chennai,1299048,10825.400000000001,119079.4,Junior
employee_7728,23,Sales,74823,5,Hyderabad,897876,7482.3,82305.3,Junior
employee_7729,56,HR,73122,7,Pune,877464,7312.200000000001,80434.2,Mid-level
employee_7730,25,QA,38589,7,Chennai,463068,3858.9,42447.9,Mid-level
employee_7731,35,Finance,64768,8,Pune,777216,6476.8,71244.8,Mid-level
employee_7732,26,QA,89986,0,Chennai,1079832,8998.6,98984.6,Fresher
employee_7733,30,QA,110558,9,Mumbai,1326696,11055.800000000001,121613.8,Mid-level
employee_7734,52,HR,25234,7,Mumbai,302808,2523.4,27757.4,Mid-level
employee_7735,43,Sales,97370,4,Delhi,1168440,9737.0,107107.0,Junior
employee_7736,37,HR,40055,2,Delhi,480660,4005.5,44060.5,Fresher
employee_7737,40,IT,93743,10,Delhi,1124916,9374.300000000001,103117.3,Mid-level
employee_7738,35,Finance,27400,9,Pune,328800,2740.0,30140.0,Mid-level
employee_7739,42,Finance,100145,2,Chennai,1201740,10014.5,110159.5,Fresher
employee_7740,26,Finance,112009,5,Mumbai,1344108,11200.900000000001,123209.9,Junior
employee_7741,24,Data,114471,7,Hyderabad,1373652,11447.1,125918.1,Mid-level
employee_7742,43,QA,79157,9,Bangalore,949884,7915.700000000001,87072.7,Mid-level
employee_7743,39,HR,114410,1,Mumbai,1372920,11441.0,125851.0,Fresher
employee_7744,51,Finance,85598,11,Mumbai,1027176,8559.800000000001,94157.8,Senior
employee_7745,23,IT,50015,8,Hyderabad,600180,5001.5,55016.5,Mid-level
employee_7746,48,Finance,104720,4,Mumbai,1256640,10472.0,115192.0,Junior
employee_7747,23,Sales,91186,4,Mumbai,1094232,9118.6,100304.6,Junior
employee_7748,34,QA,89430,0,Mumbai,1073160,8943.0,98373.0,Fresher
employee_7749,38,QA,74185,5,Delhi,890220,7418.5,81603.5,Junior
employee_7750,47,HR,117864,12,Delhi,1414368,11786.400000000001,129650.4,Senior
employee_7751,30,Data,87306,10,Chennai,1047672,8730.6,96036.6,Mid-level
employee_7752,35,HR,44416,10,Delhi,532992,4441.6,48857.6,Mid-level
employee_7753,39,Finance,103655,4,Mumbai,1243860,10365.5,114020.5,Junior
employee_7754,29,Sales,98180,6,Bangalore,1178160,9818.0,107998.0,Mid-level
employee_7755,24,IT,75262,6,Delhi,903144,7526.200000000001,82788.2,Mid-level
employee_7756,35,HR,99189,15,Chennai,1190268,9918.900000000001,109107.9,Senior
employee_7757,28,Data,104952,3,Chennai,1259424,10495.2,115447.2,Junior
employee_7758,21,HR,115433,4,Pune,1385196,11543.300000000001,126976.3,Junior
employee_7759,27,QA,78662,9,Mumbai,943944,7866.200000000001,86528.2,Mid-level
employee_7760,51,Finance,92410,13,Bangalore,1108920,9241.0,101651.0,Senior
employee_7761,38,Finance,77191,15,Bangalore,926292,7719.1,84910.1,Senior
employee_7762,32,Finance,100965,7,Pune,1211580,10096.5,111061.5,Mid-level
employee_7763,50,Finance,37213,1,Bangalore,446556,3721.3,40934.3,Fresher
employee_7764,53,Finance,73987,0,Chennai,887844,7398.700000000001,81385.7,Fresher
employee_7765,27,Finance,108176,13,Hyderabad,1298112,10817.6,118993.6,Senior
employee_7766,48,IT,84783,5,Chennai,1017396,8478.300000000001,93261.3,Junior
employee_7767,23,Data,86353,10,Delhi,1036236,8635.300000000001,94988.3,Mid-level
employee_7768,26,Finance,40802,13,Hyderabad,489624,4080.2000000000003,44882.2,Senior
employee_7769,51,Data,106658,3,Bangalore,1279896,10665.800000000001,117323.8,Junior
employee_7770,58,Sales,85646,12,Mumbai,1027752,8564.6,94210.6,Senior
employee_7771,35,Finance,112189,9,Hyderabad,1346268,11218.900000000001,123407.9,Mid-level
employee_7772,27,HR,68671,2,Chennai,824052,6867.1,75538.1,Fresher
employee_7773,50,Finance,114637,15,Chennai,1375644,11463.7,126100.7,Senior
employee_7774,47,QA,91945,15,Delhi,1103340,9194.5,101139.5,Senior
employee_7775,37,IT,68388,6,Chennai,820656,6838.8,75226.8,Mid-level
employee_7776,38,HR,59600,7,Delhi,715200,5960.0,65560.0,Mid-level
employee_7777,42,HR,108944,10,Chennai,1307328,10894.400000000001,119838.4,Mid-level
employee_7778,46,QA,85690,11,Pune,1028280,8569.0,94259.0,Senior
employee_7779,47,Finance,30736,3,Bangalore,368832,3073.6000000000004,33809.6,Junior
employee_7780,60,IT,95529,11,Mumbai,1146348,9552.9,105081.9,Senior
employee_7781,44,HR,68871,11,Delhi,826452,6887.1,75758.1,Senior
employee_7782,28,IT,72165,14,Pune,865980,7216.5,79381.5,Senior
employee_7783,41,HR,81786,9,Bangalore,981432,8178.6,89964.6,Mid-level
employee_7784,49,Finance,56247,11,Delhi,674964,5624.700000000001,61871.7,Senior
employee_7785,41,Sales,53821,10,Hyderabad,645852,5382.1,59203.1,Mid-level
employee_7786,23,HR,28213,10,Pune,338556,2821.3,31034.3,Mid-level
employee_7787,51,Sales,54495,14,Delhi,653940,5449.5,59944.5,Senior
employee_7788,47,HR,96744,5,Pune,1160928,9674.4,106418.4,Junior
employee_7789,47,Data,34644,12,Pune,415728,3464.4,38108.4,Senior
employee_7790,29,Finance,31453,10,Pune,377436,3145.3,34598.3,Mid-level
employee_7791,53,QA,101629,10,Hyderabad,1219548,10162.900000000001,111791.9,Mid-level
employee_7792,53,Sales,36263,14,Chennai,435156,3626.3,39889.3,Senior
employee_7793,46,QA,81480,1,Pune,977760,8148.0,89628.0,Fresher
employee_7794,48,Finance,90841,7,Bangalore,1090092,9084.1,99925.1,Mid-level
employee_7795,51,QA,57021,5,Chennai,684252,5702.1,62723.1,Junior
employee_7796,21,Finance,42958,10,Hyderabad,515496,4295.8,47253.8,Mid-level
employee_7797,40,QA,91408,8,Mumbai,1096896,9140.800000000001,100548.8,Mid-level
employee_7798,32,Sales,66128,10,Hyderabad,793536,6612.8,72740.8,Mid-level
employee_7799,37,Data,112498,15,Mumbai,1349976,11249.800000000001,123747.8,Senior
employee_7800,35,QA,67563,12,Bangalore,810756,6756.3,74319.3,Senior
employee_7801,54,Sales,42414,12,Mumbai,508968,4241.400000000001,46655.4,Senior
employee_7802,36,HR,100462,5,Delhi,1205544,10046.2,110508.2,Junior
employee_7803,24,Finance,80883,5,Pune,970596,8088.3,88971.3,Junior
employee_7804,28,IT,62210,11,Chennai,746520,6221.0,68431.0,Senior
employee_7805,54,IT,40290,1,Delhi,483480,4029.0,44319.0,Fresher
employee_7806,45,Finance,28667,15,Chennai,344004,2866.7000000000003,31533.7,Senior
employee_7807,35,Data,42660,4,Pune,511920,4266.0,46926.0,Junior
employee_7808,48,QA,97089,8,Chennai,1165068,9708.9,106797.9,Mid-level
employee_7809,29,Data,107462,0,Hyderabad,1289544,10746.2,118208.2,Fresher
employee_7810,22,IT,82698,3,Pune,992376,8269.800000000001,90967.8,Junior
employee_7811,37,Sales,29808,9,Pune,357696,2980.8,32788.8,Mid-level
employee_7812,30,Finance,119148,9,Chennai,1429776,11914.800000000001,131062.8,Mid-level
employee_7813,29,Finance,65499,13,Delhi,785988,6549.900000000001,72048.9,Senior
employee_7814,51,Data,53015,2,Mumbai,636180,5301.5,58316.5,Fresher
employee_7815,22,Sales,58351,0,Bangalore,700212,5835.1,64186.1,Fresher
employee_7816,44,Data,74662,0,Mumbai,895944,7466.200000000001,82128.2,Fresher
employee_7817,39,QA,99674,14,Hyderabad,1196088,9967.400000000001,109641.4,Senior
employee_7818,37,HR,61241,0,Pune,734892,6124.1,67365.1,Fresher
employee_7819,30,Sales,26198,0,Pune,314376,2619.8,28817.8,Fresher
employee_7820,48,HR,117983,14,Hyderabad,1415796,11798.300000000001,129781.3,Senior
employee_7821,58,QA,37113,12,Bangalore,445356,3711.3,40824.3,Senior
employee_7822,48,HR,119285,1,Pune,1431420,11928.5,131213.5,Fresher
employee_7823,21,IT,63639,10,Mumbai,763668,6363.900000000001,70002.9,Mid-level
employee_7824,23,HR,89036,4,Hyderabad,1068432,8903.6,97939.6,Junior
employee_7825,35,QA,110223,1,Pune,1322676,11022.300000000001,121245.3,Fresher
employee_7826,30,HR,92983,3,Mumbai,1115796,9298.300000000001,102281.3,Junior
employee_7827,41,Finance,99944,8,Hyderabad,1199328,9994.400000000001,109938.4,Mid-level
employee_7828,57,Data,42674,2,Hyderabad,512088,4267.400000000001,46941.4,Fresher
employee_7829,35,IT,37413,1,Hyderabad,448956,3741.3,41154.3,Fresher
employee_7830,43,Finance,79986,15,Bangalore,959832,7998.6,87984.6,Senior
employee_7831,34,Finance,72937,3,Hyderabad,875244,7293.700000000001,80230.7,Junior
employee_7832,35,QA,98085,8,Delhi,1177020,9808.5,107893.5,Mid-level
employee_7833,30,Data,48071,3,Chennai,576852,4807.1,52878.1,Junior
employee_7834,29,Data,99229,14,Chennai,1190748,9922.900000000001,109151.9,Senior
employee_7835,59,Sales,68831,11,Hyderabad,825972,6883.1,75714.1,Senior
employee_7836,25,IT,107306,4,Pune,1287672,10730.6,118036.6,Junior
employee_7837,45,QA,66371,3,Chennai,796452,6637.1,73008.1,Junior
employee_7838,46,IT,92542,12,Mumbai,1110504,9254.2,101796.2,Senior
employee_7839,28,Sales,30213,7,Mumbai,362556,3021.3,33234.3,Mid-level
employee_7840,42,HR,88815,13,Pune,1065780,8881.5,97696.5,Senior
employee_7841,45,Finance,76299,12,Mumbai,915588,7629.900000000001,83928.9,Senior
employee_7842,32,IT,61636,14,Delhi,739632,6163.6,67799.6,Senior
employee_7843,29,Finance,88948,14,Pune,1067376,8894.800000000001,97842.8,Senior
employee_7844,30,QA,100066,3,Mumbai,1200792,10006.6,110072.6,Junior
employee_7845,30,HR,72128,1,Hyderabad,865536,7212.8,79340.8,Fresher
employee_7846,29,QA,97173,11,Mumbai,1166076,9717.300000000001,106890.3,Senior
employee_7847,46,HR,74504,3,Hyderabad,894048,7450.400000000001,81954.4,Junior
employee_7848,55,HR,95500,1,Mumbai,1146000,9550.0,105050.0,Fresher
employee_7849,47,Finance,77340,8,Mumbai,928080,7734.0,85074.0,Mid-level
employee_7850,51,QA,59070,10,Mumbai,708840,5907.0,64977.0,Mid-level
employee_7851,39,QA,98285,13,Hyderabad,1179420,9828.5,108113.5,Senior
employee_7852,58,IT,91382,7,Mumbai,1096584,9138.2,100520.2,Mid-level
employee_7853,26,QA,103926,8,Mumbai,1247112,10392.6,114318.6,Mid-level
employee_7854,35,IT,104271,3,Delhi,1251252,10427.1,114698.1,Junior
employee_7855,49,Data,114441,0,Bangalore,1373292,11444.1,125885.1,Fresher
employee_7856,25,Data,39876,2,Hyderabad,478512,3987.6000000000004,43863.6,Fresher
employee_7857,34,Data,104503,6,Delhi,1254036,10450.300000000001,114953.3,Mid-level
employee_7858,22,Sales,76676,0,Chennai,920112,7667.6,84343.6,Fresher
employee_7859,43,QA,43262,10,Pune,519144,4326.2,47588.2,Mid-level
employee_7860,39,Sales,110550,7,Bangalore,1326600,11055.0,121605.0,Mid-level
employee_7861,44,QA,49054,8,Delhi,588648,4905.400000000001,53959.4,Mid-level
employee_7862,40,IT,48051,7,Delhi,576612,4805.1,52856.1,Mid-level
employee_7863,47,Sales,53385,4,Mumbai,640620,5338.5,58723.5,Junior
employee_7864,44,Sales,60587,11,Chennai,727044,6058.700000000001,66645.7,Senior
employee_7865,37,Sales,80131,10,Chennai,961572,8013.1,88144.1,Mid-level
employee_7866,45,HR,118019,13,Mumbai,1416228,11801.900000000001,129820.9,Senior
employee_7867,51,IT,52653,11,Delhi,631836,5265.3,57918.3,Senior
employee_7868,48,Data,69790,12,Delhi,837480,6979.0,76769.0,Senior
employee_7869,48,IT,67018,14,Mumbai,804216,6701.8,73719.8,Senior
employee_7870,42,HR,85992,8,Bangalore,1031904,8599.2,94591.2,Mid-level
employee_7871,25,QA,79840,3,Hyderabad,958080,7984.0,87824.0,Junior
employee_7872,28,IT,110184,8,Bangalore,1322208,11018.400000000001,121202.4,Mid-level
employee_7873,58,Sales,112943,0,Hyderabad,1355316,11294.300000000001,124237.3,Fresher
employee_7874,48,Data,69561,11,Chennai,834732,6956.1,76517.1,Senior
employee_7875,32,Data,107594,10,Pune,1291128,10759.400000000001,118353.4,Mid-level
employee_7876,45,QA,35070,2,Mumbai,420840,3507.0,38577.0,Fresher
employee_7877,58,IT,64025,3,Bangalore,768300,6402.5,70427.5,Junior
employee_7878,35,HR,58779,10,Chennai,705348,5877.900000000001,64656.9,Mid-level
employee_7879,54,QA,41616,9,Bangalore,499392,4161.6,45777.6,Mid-level
employee_7880,33,IT,25797,0,Delhi,309564,2579.7000000000003,28376.7,Fresher
employee_7881,28,Finance,64889,11,Hyderabad,778668,6488.900000000001,71377.9,Senior
employee_7882,33,Data,89390,5,Mumbai,1072680,8939.0,98329.0,Junior
employee_7883,56,HR,38594,12,Delhi,463128,3859.4,42453.4,Senior
employee_7884,26,Sales,72754,15,Hyderabad,873048,7275.400000000001,80029.4,Senior
employee_7885,58,HR,78639,14,Delhi,943668,7863.900000000001,86502.9,Senior
employee_7886,52,Sales,98226,3,Hyderabad,1178712,9822.6,108048.6,Junior
employee_7887,41,HR,37669,3,Hyderabad,452028,3766.9,41435.9,Junior
employee_7888,27,Data,109509,0,Delhi,1314108,10950.900000000001,120459.9,Fresher
employee_7889,46,Sales,46085,4,Chennai,553020,4608.5,50693.5,Junior
employee_7890,35,IT,53787,8,Mumbai,645444,5378.700000000001,59165.7,Mid-level
employee_7891,43,Sales,115620,5,Pune,1387440,11562.0,127182.0,Junior
employee_7892,58,QA,49051,14,Bangalore,588612,4905.1,53956.1,Senior
employee_7893,35,IT,80566,7,Hyderabad,966792,8056.6,88622.6,Mid-level
employee_7894,60,QA,75615,15,Mumbai,907380,7561.5,83176.5,Senior
employee_7895,36,HR,102090,10,Bangalore,1225080,10209.0,112299.0,Mid-level
employee_7896,52,IT,77262,3,Mumbai,927144,7726.200000000001,84988.2,Junior
employee_7897,57,HR,62639,8,Delhi,751668,6263.900000000001,68902.9,Mid-level
employee_7898,38,Finance,103890,15,Bangalore,1246680,10389.0,114279.0,Senior
employee_7899,40,HR,30289,6,Mumbai,363468,3028.9,33317.9,Mid-level
employee_7900,22,HR,49744,13,Pune,596928,4974.400000000001,54718.4,Senior
employee_7901,43,QA,42945,13,Mumbai,515340,4294.5,47239.5,Senior
employee_7902,50,Sales,114779,6,Mumbai,1377348,11477.900000000001,126256.9,Mid-level
employee_7903,23,Finance,81964,7,Hyderabad,983568,8196.4,90160.4,Mid-level
employee_7904,59,HR,49227,15,Hyderabad,590724,4922.700000000001,54149.7,Senior
employee_7905,21,HR,118284,1,Hyderabad,1419408,11828.400000000001,130112.4,Fresher
employee_7906,42,Finance,107494,11,Delhi,1289928,10749.400000000001,118243.4,Senior
employee_7907,49,Finance,34934,5,Mumbai,419208,3493.4,38427.4,Junior
employee_7908,34,IT,70530,6,Pune,846360,7053.0,77583.0,Mid-level
employee_7909,48,QA,78168,2,Bangalore,938016,7816.8,85984.8,Fresher
employee_7910,41,Finance,101086,7,Hyderabad,1213032,10108.6,111194.6,Mid-level
employee_7911,52,Finance,90095,0,Chennai,1081140,9009.5,99104.5,Fresher
employee_7912,26,Data,94560,0,Mumbai,1134720,9456.0,104016.0,Fresher
employee_7913,21,Sales,56772,9,Pune,681264,5677.200000000001,62449.2,Mid-level
employee_7914,41,Finance,33722,2,Pune,404664,3372.2000000000003,37094.2,Fresher
employee_7915,24,QA,75142,5,Hyderabad,901704,7514.200000000001,82656.2,Junior
employee_7916,23,Sales,92656,6,Delhi,1111872,9265.6,101921.6,Mid-level
employee_7917,50,Sales,111884,1,Hyderabad,1342608,11188.400000000001,123072.4,Fresher
employee_7918,51,HR,30877,13,Delhi,370524,3087.7000000000003,33964.7,Senior
employee_7919,54,HR,43904,5,Chennai,526848,4390.400000000001,48294.4,Junior
employee_7920,39,HR,111328,11,Chennai,1335936,11132.800000000001,122460.8,Senior
employee_7921,40,HR,116573,4,Hyderabad,1398876,11657.300000000001,128230.3,Junior
employee_7922,43,Data,107871,14,Bangalore,1294452,10787.1,118658.1,Senior
employee_7923,60,Finance,105195,5,Hyderabad,1262340,10519.5,115714.5,Junior
employee_7924,45,HR,54684,0,Hyderabad,656208,5468.400000000001,60152.4,Fresher
employee_7925,35,IT,91500,13,Pune,1098000,9150.0,100650.0,Senior
employee_7926,58,HR,59902,9,Hyderabad,718824,5990.200000000001,65892.2,Mid-level
employee_7927,43,Finance,78606,6,Hyderabad,943272,7860.6,86466.6,Mid-level
employee_7928,22,HR,60571,7,Hyderabad,726852,6057.1,66628.1,Mid-level
employee_7929,35,Data,94447,13,Bangalore,1133364,9444.7,103891.7,Senior
employee_7930,55,QA,101752,6,Pune,1221024,10175.2,111927.2,Mid-level
employee_7931,30,QA,91944,15,Mumbai,1103328,9194.4,101138.4,Senior
employee_7932,34,Finance,112157,15,Mumbai,1345884,11215.7,123372.7,Senior
employee_7933,47,QA,111513,8,Mumbai,1338156,11151.300000000001,122664.3,Mid-level
employee_7934,34,QA,103731,0,Mumbai,1244772,10373.1,114104.1,Fresher
employee_7935,55,IT,68938,9,Pune,827256,6893.8,75831.8,Mid-level
employee_7936,53,Finance,82203,8,Hyderabad,986436,8220.300000000001,90423.3,Mid-level
employee_7937,21,Finance,82805,10,Mumbai,993660,8280.5,91085.5,Mid-level
employee_7938,54,QA,97649,10,Hyderabad,1171788,9764.9,107413.9,Mid-level
employee_7939,39,QA,65910,12,Mumbai,790920,6591.0,72501.0,Senior
employee_7940,44,QA,47761,14,Bangalore,573132,4776.1,52537.1,Senior
employee_7941,24,Sales,49992,2,Hyderabad,599904,4999.200000000001,54991.2,Fresher
employee_7942,56,Data,104314,1,Pune,1251768,10431.400000000001,114745.4,Fresher
employee_7943,33,HR,112521,5,Delhi,1350252,11252.1,123773.1,Junior
employee_7944,52,Data,80448,10,Bangalore,965376,8044.8,88492.8,Mid-level
employee_7945,29,Finance,94903,4,Delhi,1138836,9490.300000000001,104393.3,Junior
employee_7946,59,IT,70447,14,Bangalore,845364,7044.700000000001,77491.7,Senior
employee_7947,36,HR,35786,3,Pune,429432,3578.6000000000004,39364.6,Junior
employee_7948,23,IT,67706,3,Bangalore,812472,6770.6,74476.6,Junior
employee_7949,40,Sales,101587,7,Hyderabad,1219044,10158.7,111745.7,Mid-level
employee_7950,30,Finance,40611,9,Chennai,487332,4061.1000000000004,44672.1,Mid-level
employee_7951,42,Sales,29490,12,Chennai,353880,2949.0,32439.0,Senior
employee_7952,23,Finance,75004,2,Mumbai,900048,7500.400000000001,82504.4,Fresher
employee_7953,31,IT,85634,12,Mumbai,1027608,8563.4,94197.4,Senior
employee_7954,45,IT,31377,0,Hyderabad,376524,3137.7000000000003,34514.7,Fresher
employee_7955,28,IT,34903,4,Pune,418836,3490.3,38393.3,Junior
employee_7956,29,Finance,39567,7,Hyderabad,474804,3956.7000000000003,43523.7,Mid-level
employee_7957,35,QA,113421,2,Mumbai,1361052,11342.1,124763.1,Fresher
employee_7958,52,IT,118758,1,Bangalore,1425096,11875.800000000001,130633.8,Fresher
employee_7959,23,Sales,73556,0,Delhi,882672,7355.6,80911.6,Fresher
employee_7960,24,HR,51606,12,Hyderabad,619272,5160.6,56766.6,Senior
employee_7961,50,Finance,107976,3,Hyderabad,1295712,10797.6,118773.6,Junior
employee_7962,33,Sales,27260,15,Pune,327120,2726.0,29986.0,Senior
employee_7963,41,Data,55267,10,Mumbai,663204,5526.700000000001,60793.7,Mid-level
employee_7964,39,Data,117538,1,Hyderabad,1410456,11753.800000000001,129291.8,Fresher
employee_7965,59,HR,83369,13,Bangalore,1000428,8336.9,91705.9,Senior
employee_7966,42,QA,75060,7,Delhi,900720,7506.0,82566.0,Mid-level
employee_7967,40,IT,41833,10,Bangalore,501996,4183.3,46016.3,Mid-level
employee_7968,57,Finance,28498,12,Chennai,341976,2849.8,31347.8,Senior
employee_7969,51,Sales,90310,14,Mumbai,1083720,9031.0,99341.0,Senior
employee_7970,30,IT,71729,9,Bangalore,860748,7172.900000000001,78901.9,Mid-level
employee_7971,38,Sales,35518,11,Pune,426216,3551.8,39069.8,Senior
employee_7972,59,Finance,103037,8,Delhi,1236444,10303.7,113340.7,Mid-level
employee_7973,40,Data,47254,12,Mumbai,567048,4725.400000000001,51979.4,Senior
employee_7974,38,IT,106438,9,Bangalore,1277256,10643.800000000001,117081.8,Mid-level
employee_7975,31,HR,50545,0,Hyderabad,606540,5054.5,55599.5,Fresher
employee_7976,42,QA,28345,14,Mumbai,340140,2834.5,31179.5,Senior
employee_7977,38,HR,105906,1,Bangalore,1270872,10590.6,116496.6,Fresher
employee_7978,54,QA,81366,5,Hyderabad,976392,8136.6,89502.6,Junior
employee_7979,43,Sales,71721,12,Chennai,860652,7172.1,78893.1,Senior
employee_7980,21,IT,84829,9,Delhi,1017948,8482.9,93311.9,Mid-level
employee_7981,30,IT,118767,11,Mumbai,1425204,11876.7,130643.7,Senior
employee_7982,21,QA,34642,6,Mumbai,415704,3464.2000000000003,38106.2,Mid-level
employee_7983,58,Data,108375,1,Bangalore,1300500,10837.5,119212.5,Fresher
employee_7984,59,Finance,114217,7,Chennai,1370604,11421.7,125638.7,Mid-level
employee_7985,29,HR,89533,12,Pune,1074396,8953.300000000001,98486.3,Senior
employee_7986,51,Sales,97571,9,Bangalore,1170852,9757.1,107328.1,Mid-level
employee_7987,27,HR,78382,15,Bangalore,940584,7838.200000000001,86220.2,Senior
employee_7988,37,HR,58299,8,Pune,699588,5829.900000000001,64128.9,Mid-level
employee_7989,55,Sales,60035,7,Pune,720420,6003.5,66038.5,Mid-level
employee_7990,57,Sales,48583,8,Pune,582996,4858.3,53441.3,Mid-level
employee_7991,38,IT,47105,14,Delhi,565260,4710.5,51815.5,Senior
employee_7992,53,HR,106666,5,Pune,1279992,10666.6,117332.6,Junior
employee_7993,24,Finance,38736,10,Pune,464832,3873.6000000000004,42609.6,Mid-level
employee_7994,43,Finance,67281,6,Hyderabad,807372,6728.1,74009.1,Mid-level
employee_7995,31,QA,104351,5,Hyderabad,1252212,10435.1,114786.1,Junior
employee_7996,29,Sales,114932,6,Pune,1379184,11493.2,126425.2,Mid-level
employee_7997,50,IT,49312,2,Delhi,591744,4931.200000000001,54243.2,Fresher
employee_7998,28,Finance,102780,3,Delhi,1233360,10278.0,113058.0,Junior
employee_7999,60,Data,67668,8,Chennai,812016,6766.8,74434.8,Mid-level
employee_8000,25,IT,80652,2,Delhi,967824,8065.200000000001,88717.2,Fresher
employee_8001,32,IT,36718,1,Chennai,440616,3671.8,40389.8,Fresher
employee_8002,21,Finance,107320,11,Pune,1287840,10732.0,118052.0,Senior
employee_8003,35,Data,68997,12,Delhi,827964,6899.700000000001,75896.7,Senior
employee_8004,45,QA,56428,10,Hyderabad,677136,5642.8,62070.8,Mid-level
employee_8005,38,Finance,83822,6,Chennai,1005864,8382.2,92204.2,Mid-level
employee_8006,58,Data,51490,5,Hyderabad,617880,5149.0,56639.0,Junior
employee_8007,46,IT,75209,2,Bangalore,902508,7520.900000000001,82729.9,Fresher
employee_8008,60,Data,72351,5,Hyderabad,868212,7235.1,79586.1,Junior
employee_8009,23,IT,66001,14,Pune,792012,6600.1,72601.1,Senior
employee_8010,42,Finance,70856,6,Delhi,850272,7085.6,77941.6,Mid-level
employee_8011,46,Sales,41410,5,Delhi,496920,4141.0,45551.0,Junior
employee_8012,39,Finance,77685,0,Mumbai,932220,7768.5,85453.5,Fresher
employee_8013,59,HR,60386,11,Pune,724632,6038.6,66424.6,Senior
employee_8014,56,HR,99898,13,Bangalore,1198776,9989.800000000001,109887.8,Senior
employee_8015,41,HR,114547,0,Delhi,1374564,11454.7,126001.7,Fresher
employee_8016,46,Finance,97578,8,Hyderabad,1170936,9757.800000000001,107335.8,Mid-level
employee_8017,33,QA,50286,5,Chennai,603432,5028.6,55314.6,Junior
employee_8018,56,Finance,36391,11,Pune,436692,3639.1000000000004,40030.1,Senior
employee_8019,44,Sales,51999,1,Delhi,623988,5199.900000000001,57198.9,Fresher
employee_8020,46,Data,27018,14,Chennai,324216,2701.8,29719.8,Senior
employee_8021,41,Finance,37952,10,Hyderabad,455424,3795.2000000000003,41747.2,Mid-level
employee_8022,38,Finance,106776,0,Delhi,1281312,10677.6,117453.6,Fresher
employee_8023,35,IT,111798,10,Bangalore,1341576,11179.800000000001,122977.8,Mid-level
employee_8024,35,IT,44282,11,Pune,531384,4428.2,48710.2,Senior
employee_8025,26,IT,112995,1,Chennai,1355940,11299.5,124294.5,Fresher
employee_8026,51,Finance,79354,7,Delhi,952248,7935.400000000001,87289.4,Mid-level
employee_8027,48,QA,42942,4,Pune,515304,4294.2,47236.2,Junior
employee_8028,28,Data,85938,6,Delhi,1031256,8593.800000000001,94531.8,Mid-level
employee_8029,49,Data,26722,6,Pune,320664,2672.2000000000003,29394.2,Mid-level
employee_8030,41,Sales,61820,1,Chennai,741840,6182.0,68002.0,Fresher
employee_8031,37,QA,92187,15,Bangalore,1106244,9218.7,101405.7,Senior
employee_8032,44,QA,112142,3,Pune,1345704,11214.2,123356.2,Junior
employee_8033,56,Data,59546,1,Bangalore,714552,5954.6,65500.6,Fresher
employee_8034,51,HR,90030,6,Bangalore,1080360,9003.0,99033.0,Mid-level
employee_8035,54,IT,91219,4,Hyderabad,1094628,9121.9,100340.9,Junior
employee_8036,22,IT,43394,0,Delhi,520728,4339.400000000001,47733.4,Fresher
employee_8037,23,Data,83559,1,Chennai,1002708,8355.9,91914.9,Fresher
employee_8038,50,QA,71705,5,Hyderabad,860460,7170.5,78875.5,Junior
employee_8039,28,Sales,109502,13,Mumbai,1314024,10950.2,120452.2,Senior
employee_8040,27,HR,51469,3,Delhi,617628,5146.900000000001,56615.9,Junior
employee_8041,32,Data,99041,6,Hyderabad,1188492,9904.1,108945.1,Mid-level
employee_8042,39,IT,86338,14,Pune,1036056,8633.800000000001,94971.8,Senior
employee_8043,46,Finance,30492,1,Pune,365904,3049.2000000000003,33541.2,Fresher
employee_8044,48,QA,41827,12,Pune,501924,4182.7,46009.7,Senior
employee_8045,35,Finance,52492,11,Mumbai,629904,5249.200000000001,57741.2,Senior
employee_8046,34,Sales,93802,1,Bangalore,1125624,9380.2,103182.2,Fresher
employee_8047,34,Data,96445,11,Pune,1157340,9644.5,106089.5,Senior
employee_8048,23,IT,37869,5,Delhi,454428,3786.9,41655.9,Junior
employee_8049,49,HR,64782,7,Delhi,777384,6478.200000000001,71260.2,Mid-level
employee_8050,26,Finance,46863,12,Hyderabad,562356,4686.3,51549.3,Senior
employee_8051,43,HR,86987,0,Bangalore,1043844,8698.7,95685.7,Fresher
employee_8052,48,Sales,69055,4,Hyderabad,828660,6905.5,75960.5,Junior
employee_8053,34,IT,98355,0,Hyderabad,1180260,9835.5,108190.5,Fresher
employee_8054,34,Finance,54136,14,Pune,649632,5413.6,59549.6,Senior
employee_8055,40,Sales,39837,10,Hyderabad,478044,3983.7000000000003,43820.7,Mid-level
employee_8056,33,HR,100592,15,Mumbai,1207104,10059.2,110651.2,Senior
employee_8057,47,HR,25715,5,Delhi,308580,2571.5,28286.5,Junior
employee_8058,55,Finance,42275,6,Delhi,507300,4227.5,46502.5,Mid-level
employee_8059,22,IT,45191,5,Delhi,542292,4519.1,49710.1,Junior
employee_8060,60,HR,107420,15,Bangalore,1289040,10742.0,118162.0,Senior
employee_8061,44,Data,85126,13,Pune,1021512,8512.6,93638.6,Senior
employee_8062,49,Sales,76792,12,Pune,921504,7679.200000000001,84471.2,Senior
employee_8063,23,Finance,33894,8,Hyderabad,406728,3389.4,37283.4,Mid-level
employee_8064,24,QA,109253,2,Hyderabad,1311036,10925.300000000001,120178.3,Fresher
employee_8065,22,QA,109114,7,Chennai,1309368,10911.400000000001,120025.4,Mid-level
employee_8066,40,IT,48321,2,Chennai,579852,4832.1,53153.1,Fresher
employee_8067,35,Data,49959,10,Pune,599508,4995.900000000001,54954.9,Mid-level
employee_8068,52,HR,35515,14,Pune,426180,3551.5,39066.5,Senior
employee_8069,21,QA,99613,11,Hyderabad,1195356,9961.300000000001,109574.3,Senior
employee_8070,58,IT,90196,12,Mumbai,1082352,9019.6,99215.6,Senior
employee_8071,55,Sales,46443,12,Mumbai,557316,4644.3,51087.3,Senior
employee_8072,27,Data,78550,6,Delhi,942600,7855.0,86405.0,Mid-level
employee_8073,33,Data,100979,13,Hyderabad,1211748,10097.900000000001,111076.9,Senior
employee_8074,21,IT,62208,12,Chennai,746496,6220.8,68428.8,Senior
employee_8075,34,IT,26783,4,Chennai,321396,2678.3,29461.3,Junior
employee_8076,49,HR,103649,11,Mumbai,1243788,10364.900000000001,114013.9,Senior
employee_8077,23,IT,95921,12,Pune,1151052,9592.1,105513.1,Senior
employee_8078,44,HR,31982,0,Hyderabad,383784,3198.2000000000003,35180.2,Fresher
employee_8079,21,HR,103943,14,Delhi,1247316,10394.300000000001,114337.3,Senior
employee_8080,30,Finance,40316,10,Delhi,483792,4031.6000000000004,44347.6,Mid-level
employee_8081,33,Data,115374,11,Pune,1384488,11537.400000000001,126911.4,Senior
employee_8082,56,Sales,117743,3,Chennai,1412916,11774.300000000001,129517.3,Junior
employee_8083,29,Data,118938,13,Mumbai,1427256,11893.800000000001,130831.8,Senior
employee_8084,34,Data,92966,12,Pune,1115592,9296.6,102262.6,Senior
employee_8085,56,Finance,27936,10,Chennai,335232,2793.6000000000004,30729.6,Mid-level
employee_8086,30,HR,102400,14,Chennai,1228800,10240.0,112640.0,Senior
employee_8087,60,HR,115651,8,Delhi,1387812,11565.1,127216.1,Mid-level
employee_8088,43,IT,99843,15,Chennai,1198116,9984.300000000001,109827.3,Senior
employee_8089,55,Finance,31709,14,Pune,380508,3170.9,34879.9,Senior
employee_8090,27,IT,45707,7,Bangalore,548484,4570.7,50277.7,Mid-level
employee_8091,55,Finance,64384,2,Mumbai,772608,6438.400000000001,70822.4,Fresher
employee_8092,22,IT,60187,14,Chennai,722244,6018.700000000001,66205.7,Senior
employee_8093,35,QA,91935,1,Pune,1103220,9193.5,101128.5,Fresher
employee_8094,29,Data,67536,10,Delhi,810432,6753.6,74289.6,Mid-level
employee_8095,37,Data,49188,8,Hyderabad,590256,4918.8,54106.8,Mid-level
employee_8096,59,Sales,39245,0,Delhi,470940,3924.5,43169.5,Fresher
employee_8097,38,HR,113907,8,Mumbai,1366884,11390.7,125297.7,Mid-level
employee_8098,35,Sales,57286,11,Hyderabad,687432,5728.6,63014.6,Senior
employee_8099,38,QA,112229,6,Hyderabad,1346748,11222.900000000001,123451.9,Mid-level
employee_8100,44,Sales,59303,11,Delhi,711636,5930.3,65233.3,Senior
employee_8101,43,Data,111673,1,Pune,1340076,11167.300000000001,122840.3,Fresher
employee_8102,32,HR,66049,10,Delhi,792588,6604.900000000001,72653.9,Mid-level
employee_8103,43,QA,105901,4,Bangalore,1270812,10590.1,116491.1,Junior
employee_8104,41,Data,81200,13,Pune,974400,8120.0,89320.0,Senior
employee_8105,46,IT,103986,1,Pune,1247832,10398.6,114384.6,Fresher
employee_8106,28,Finance,94726,14,Mumbai,1136712,9472.6,104198.6,Senior
employee_8107,50,QA,67861,4,Pune,814332,6786.1,74647.1,Junior
employee_8108,54,HR,68639,15,Mumbai,823668,6863.900000000001,75502.9,Senior
employee_8109,22,Sales,48937,6,Chennai,587244,4893.7,53830.7,Mid-level
employee_8110,25,Sales,84514,4,Mumbai,1014168,8451.4,92965.4,Junior
employee_8111,51,QA,97988,1,Pune,1175856,9798.800000000001,107786.8,Fresher
employee_8112,53,HR,28960,10,Chennai,347520,2896.0,31856.0,Mid-level
employee_8113,24,QA,64602,13,Chennai,775224,6460.200000000001,71062.2,Senior
employee_8114,26,HR,35564,4,Bangalore,426768,3556.4,39120.4,Junior
employee_8115,43,Sales,90533,11,Delhi,1086396,9053.300000000001,99586.3,Senior
employee_8116,39,Data,72510,11,Pune,870120,7251.0,79761.0,Senior
employee_8117,28,IT,30091,9,Hyderabad,361092,3009.1000000000004,33100.1,Mid-level
employee_8118,59,Data,87335,13,Delhi,1048020,8733.5,96068.5,Senior
employee_8119,33,IT,55519,5,Pune,666228,5551.900000000001,61070.9,Junior
employee_8120,21,Sales,28710,14,Hyderabad,344520,2871.0,31581.0,Senior
employee_8121,26,Data,88564,4,Delhi,1062768,8856.4,97420.4,Junior
employee_8122,27,Data,84977,1,Bangalore,1019724,8497.7,93474.7,Fresher
employee_8123,47,QA,89975,5,Pune,1079700,8997.5,98972.5,Junior
employee_8124,35,Finance,82614,5,Delhi,991368,8261.4,90875.4,Junior
employee_8125,54,Sales,32988,11,Bangalore,395856,3298.8,36286.8,Senior
employee_8126,43,HR,60754,1,Hyderabad,729048,6075.400000000001,66829.4,Fresher
employee_8127,44,Sales,118650,12,Mumbai,1423800,11865.0,130515.0,Senior
employee_8128,35,HR,48074,15,Pune,576888,4807.400000000001,52881.4,Senior
employee_8129,55,HR,46198,12,Chennai,554376,4619.8,50817.8,Senior
employee_8130,24,IT,101045,3,Chennai,1212540,10104.5,111149.5,Junior
employee_8131,57,HR,50180,15,Bangalore,602160,5018.0,55198.0,Senior
employee_8132,37,HR,73068,6,Mumbai,876816,7306.8,80374.8,Mid-level
employee_8133,51,QA,41560,15,Chennai,498720,4156.0,45716.0,Senior
employee_8134,58,Data,67674,15,Chennai,812088,6767.400000000001,74441.4,Senior
employee_8135,30,Sales,90152,0,Pune,1081824,9015.2,99167.2,Fresher
employee_8136,47,Sales,63938,0,Chennai,767256,6393.8,70331.8,Fresher
employee_8137,26,HR,60391,13,Hyderabad,724692,6039.1,66430.1,Senior
employee_8138,26,Finance,53731,10,Bangalore,644772,5373.1,59104.1,Mid-level
employee_8139,35,Sales,109698,11,Delhi,1316376,10969.800000000001,120667.8,Senior
employee_8140,24,HR,50236,10,Chennai,602832,5023.6,55259.6,Mid-level
employee_8141,60,IT,62133,5,Pune,745596,6213.3,68346.3,Junior
employee_8142,27,IT,101915,6,Delhi,1222980,10191.5,112106.5,Mid-level
employee_8143,46,IT,29340,11,Hyderabad,352080,2934.0,32274.0,Senior
employee_8144,51,HR,95291,4,Delhi,1143492,9529.1,104820.1,Junior
employee_8145,22,QA,73731,14,Chennai,884772,7373.1,81104.1,Senior
employee_8146,48,Finance,82428,11,Bangalore,989136,8242.800000000001,90670.8,Senior
employee_8147,33,HR,77822,9,Bangalore,933864,7782.200000000001,85604.2,Mid-level
employee_8148,38,QA,66866,7,Bangalore,802392,6686.6,73552.6,Mid-level
employee_8149,50,QA,110441,10,Chennai,1325292,11044.1,121485.1,Mid-level
employee_8150,31,Sales,108795,3,Hyderabad,1305540,10879.5,119674.5,Junior
employee_8151,33,HR,66813,15,Mumbai,801756,6681.3,73494.3,Senior
employee_8152,44,HR,91042,2,Delhi,1092504,9104.2,100146.2,Fresher
employee_8153,49,QA,99135,6,Bangalore,1189620,9913.5,109048.5,Mid-level
employee_8154,25,QA,112310,13,Hyderabad,1347720,11231.0,123541.0,Senior
employee_8155,55,QA,33715,3,Pune,404580,3371.5,37086.5,Junior
employee_8156,39,Sales,112533,0,Pune,1350396,11253.300000000001,123786.3,Fresher
employee_8157,33,HR,80902,10,Hyderabad,970824,8090.200000000001,88992.2,Mid-level
employee_8158,25,QA,39783,7,Pune,477396,3978.3,43761.3,Mid-level
employee_8159,34,IT,114012,4,Pune,1368144,11401.2,125413.2,Junior
employee_8160,58,HR,92933,12,Bangalore,1115196,9293.300000000001,102226.3,Senior
employee_8161,42,Sales,65680,7,Chennai,788160,6568.0,72248.0,Mid-level
employee_8162,29,IT,118011,7,Chennai,1416132,11801.1,129812.1,Mid-level
employee_8163,60,Data,84179,11,Chennai,1010148,8417.9,92596.9,Senior
employee_8164,46,HR,64970,4,Chennai,779640,6497.0,71467.0,Junior
employee_8165,25,Data,98236,7,Hyderabad,1178832,9823.6,108059.6,Mid-level
employee_8166,49,QA,29718,6,Bangalore,356616,2971.8,32689.8,Mid-level
employee_8167,42,Sales,52111,12,Hyderabad,625332,5211.1,57322.1,Senior
employee_8168,23,QA,63718,2,Delhi,764616,6371.8,70089.8,Fresher
employee_8169,48,Sales,100769,14,Delhi,1209228,10076.900000000001,110845.9,Senior
employee_8170,58,Finance,104707,3,Pune,1256484,10470.7,115177.7,Junior
employee_8171,34,QA,35726,10,Bangalore,428712,3572.6000000000004,39298.6,Mid-level
employee_8172,34,Data,117304,11,Mumbai,1407648,11730.400000000001,129034.4,Senior
employee_8173,31,Sales,42139,12,Chennai,505668,4213.900000000001,46352.9,Senior
employee_8174,29,QA,90681,6,Delhi,1088172,9068.1,99749.1,Mid-level
employee_8175,58,HR,69782,3,Delhi,837384,6978.200000000001,76760.2,Junior
employee_8176,26,Sales,44958,5,Pune,539496,4495.8,49453.8,Junior
employee_8177,21,Sales,116739,11,Chennai,1400868,11673.900000000001,128412.9,Senior
employee_8178,45,QA,46307,1,Chennai,555684,4630.7,50937.7,Fresher
employee_8179,36,Finance,94134,11,Chennai,1129608,9413.4,103547.4,Senior
employee_8180,35,QA,38583,1,Delhi,462996,3858.3,42441.3,Fresher
employee_8181,54,Data,42013,2,Mumbai,504156,4201.3,46214.3,Fresher
employee_8182,37,Data,72984,9,Pune,875808,7298.400000000001,80282.4,Mid-level
employee_8183,23,Sales,69874,6,Chennai,838488,6987.400000000001,76861.4,Mid-level
employee_8184,23,Sales,65197,2,Chennai,782364,6519.700000000001,71716.7,Fresher
employee_8185,57,QA,34096,11,Bangalore,409152,3409.6000000000004,37505.6,Senior
employee_8186,37,Data,96091,2,Chennai,1153092,9609.1,105700.1,Fresher
employee_8187,58,Data,98533,12,Bangalore,1182396,9853.300000000001,108386.3,Senior
employee_8188,21,Finance,101345,13,Pune,1216140,10134.5,111479.5,Senior
employee_8189,27,HR,117901,3,Pune,1414812,11790.1,129691.1,Junior
employee_8190,46,Finance,50618,14,Pune,607416,5061.8,55679.8,Senior
employee_8191,59,IT,116500,9,Bangalore,1398000,11650.0,128150.0,Mid-level
employee_8192,39,Finance,34868,5,Delhi,418416,3486.8,38354.8,Junior
employee_8193,50,QA,46882,0,Delhi,562584,4688.2,51570.2,Fresher
employee_8194,34,HR,45639,5,Mumbai,547668,4563.900000000001,50202.9,Junior
employee_8195,33,QA,61963,7,Mumbai,743556,6196.3,68159.3,Mid-level
employee_8196,40,IT,85464,11,Delhi,1025568,8546.4,94010.4,Senior
employee_8197,46,HR,54470,14,Delhi,653640,5447.0,59917.0,Senior
employee_8198,47,Sales,95714,14,Chennai,1148568,9571.4,105285.4,Senior
employee_8199,45,Data,88670,7,Pune,1064040,8867.0,97537.0,Mid-level
employee_8200,29,Finance,101434,5,Delhi,1217208,10143.400000000001,111577.4,Junior
employee_8201,32,QA,96102,5,Hyderabad,1153224,9610.2,105712.2,Junior
employee_8202,30,IT,45353,12,Delhi,544236,4535.3,49888.3,Senior
employee_8203,26,Data,63188,2,Chennai,758256,6318.8,69506.8,Fresher
employee_8204,54,Finance,58375,13,Delhi,700500,5837.5,64212.5,Senior
employee_8205,39,Data,96210,1,Mumbai,1154520,9621.0,105831.0,Fresher
employee_8206,26,Finance,47272,6,Mumbai,567264,4727.2,51999.2,Mid-level
employee_8207,22,Sales,46716,7,Pune,560592,4671.6,51387.6,Mid-level
employee_8208,35,HR,114276,9,Bangalore,1371312,11427.6,125703.6,Mid-level
employee_8209,37,Data,113706,12,Chennai,1364472,11370.6,125076.6,Senior
employee_8210,36,Data,60162,13,Bangalore,721944,6016.200000000001,66178.2,Senior
employee_8211,48,Data,101587,5,Mumbai,1219044,10158.7,111745.7,Junior
employee_8212,41,HR,98606,4,Pune,1183272,9860.6,108466.6,Junior
employee_8213,28,IT,54472,3,Mumbai,653664,5447.200000000001,59919.2,Junior
employee_8214,30,Finance,83504,0,Pune,1002048,8350.4,91854.4,Fresher
employee_8215,30,Sales,80441,8,Delhi,965292,8044.1,88485.1,Mid-level
employee_8216,30,Data,86401,10,Hyderabad,1036812,8640.1,95041.1,Mid-level
employee_8217,29,HR,83835,9,Bangalore,1006020,8383.5,92218.5,Mid-level
employee_8218,48,IT,81936,3,Chennai,983232,8193.6,90129.6,Junior
employee_8219,44,Finance,111518,1,Pune,1338216,11151.800000000001,122669.8,Fresher
employee_8220,39,HR,56518,3,Delhi,678216,5651.8,62169.8,Junior
employee_8221,53,Sales,109935,12,Delhi,1319220,10993.5,120928.5,Senior
employee_8222,24,Sales,79462,10,Hyderabad,953544,7946.200000000001,87408.2,Mid-level
employee_8223,23,Finance,52313,4,Delhi,627756,5231.3,57544.3,Junior
employee_8224,32,Data,41110,1,Delhi,493320,4111.0,45221.0,Fresher
employee_8225,38,Sales,59816,6,Hyderabad,717792,5981.6,65797.6,Mid-level
employee_8226,43,IT,86549,2,Bangalore,1038588,8654.9,95203.9,Fresher
employee_8227,40,HR,112889,13,Delhi,1354668,11288.900000000001,124177.9,Senior
employee_8228,26,IT,53530,15,Pune,642360,5353.0,58883.0,Senior
employee_8229,54,Data,25893,14,Chennai,310716,2589.3,28482.3,Senior
employee_8230,22,IT,119260,7,Chennai,1431120,11926.0,131186.0,Mid-level
employee_8231,50,IT,51885,3,Chennai,622620,5188.5,57073.5,Junior
employee_8232,29,QA,69560,11,Mumbai,834720,6956.0,76516.0,Senior
employee_8233,47,IT,38613,10,Mumbai,463356,3861.3,42474.3,Mid-level
employee_8234,54,Finance,104852,4,Pune,1258224,10485.2,115337.2,Junior
employee_8235,60,HR,31087,2,Delhi,373044,3108.7000000000003,34195.7,Fresher
employee_8236,44,QA,60701,12,Delhi,728412,6070.1,66771.1,Senior
employee_8237,37,HR,43665,10,Chennai,523980,4366.5,48031.5,Mid-level
employee_8238,49,HR,54622,4,Hyderabad,655464,5462.200000000001,60084.2,Junior
employee_8239,56,Data,107403,8,Delhi,1288836,10740.300000000001,118143.3,Mid-level
employee_8240,32,Data,66989,10,Chennai,803868,6698.900000000001,73687.9,Mid-level
employee_8241,51,QA,69741,15,Pune,836892,6974.1,76715.1,Senior
employee_8242,29,Sales,103700,15,Chennai,1244400,10370.0,114070.0,Senior
employee_8243,39,Data,45163,12,Bangalore,541956,4516.3,49679.3,Senior
employee_8244,37,Data,96637,13,Chennai,1159644,9663.7,106300.7,Senior
employee_8245,22,Data,84175,1,Delhi,1010100,8417.5,92592.5,Fresher
employee_8246,60,HR,58546,6,Delhi,702552,5854.6,64400.6,Mid-level
employee_8247,25,QA,28475,14,Hyderabad,341700,2847.5,31322.5,Senior
employee_8248,59,HR,95259,14,Pune,1143108,9525.9,104784.9,Senior
employee_8249,36,Finance,39890,9,Pune,478680,3989.0,43879.0,Mid-level
employee_8250,37,HR,48270,7,Hyderabad,579240,4827.0,53097.0,Mid-level
employee_8251,47,Finance,31713,2,Pune,380556,3171.3,34884.3,Fresher
employee_8252,27,IT,118389,10,Chennai,1420668,11838.900000000001,130227.9,Mid-level
employee_8253,28,IT,99137,3,Pune,1189644,9913.7,109050.7,Junior
employee_8254,28,Finance,90317,12,Chennai,1083804,9031.7,99348.7,Senior
employee_8255,43,Finance,90117,10,Pune,1081404,9011.7,99128.7,Mid-level
employee_8256,52,HR,107979,9,Delhi,1295748,10797.900000000001,118776.9,Mid-level
employee_8257,38,Finance,87594,1,Chennai,1051128,8759.4,96353.4,Fresher
employee_8258,58,QA,108520,14,Chennai,1302240,10852.0,119372.0,Senior
employee_8259,32,IT,103271,9,Delhi,1239252,10327.1,113598.1,Mid-level
employee_8260,35,IT,109153,15,Hyderabad,1309836,10915.300000000001,120068.3,Senior
employee_8261,48,Sales,116764,12,Hyderabad,1401168,11676.400000000001,128440.4,Senior
employee_8262,58,Finance,81505,8,Delhi,978060,8150.5,89655.5,Mid-level
employee_8263,51,Data,67257,2,Mumbai,807084,6725.700000000001,73982.7,Fresher
employee_8264,29,Data,104510,14,Hyderabad,1254120,10451.0,114961.0,Senior
employee_8265,28,Finance,71492,8,Chennai,857904,7149.200000000001,78641.2,Mid-level
employee_8266,39,QA,101159,12,Chennai,1213908,10115.900000000001,111274.9,Senior
employee_8267,28,Data,40395,6,Pune,484740,4039.5,44434.5,Mid-level
employee_8268,54,Sales,97005,5,Pune,1164060,9700.5,106705.5,Junior
employee_8269,24,Finance,50040,10,Mumbai,600480,5004.0,55044.0,Mid-level
employee_8270,51,QA,93702,11,Chennai,1124424,9370.2,103072.2,Senior
employee_8271,58,QA,46637,10,Mumbai,559644,4663.7,51300.7,Mid-level
employee_8272,23,HR,92745,2,Chennai,1112940,9274.5,102019.5,Fresher
employee_8273,55,QA,33747,10,Hyderabad,404964,3374.7000000000003,37121.7,Mid-level
employee_8274,39,Data,45250,6,Pune,543000,4525.0,49775.0,Mid-level
employee_8275,49,Data,115467,14,Delhi,1385604,11546.7,127013.7,Senior
employee_8276,30,Finance,102737,10,Delhi,1232844,10273.7,113010.7,Mid-level
employee_8277,32,Finance,79040,13,Mumbai,948480,7904.0,86944.0,Senior
employee_8278,50,QA,56305,2,Bangalore,675660,5630.5,61935.5,Fresher
employee_8279,50,Sales,90318,12,Delhi,1083816,9031.800000000001,99349.8,Senior
employee_8280,38,IT,89237,10,Chennai,1070844,8923.7,98160.7,Mid-level
employee_8281,44,HR,108110,5,Hyderabad,1297320,10811.0,118921.0,Junior
employee_8282,52,IT,77362,7,Bangalore,928344,7736.200000000001,85098.2,Mid-level
employee_8283,29,QA,35096,4,Hyderabad,421152,3509.6000000000004,38605.6,Junior
employee_8284,44,QA,100764,10,Hyderabad,1209168,10076.400000000001,110840.4,Mid-level
employee_8285,46,IT,34218,10,Chennai,410616,3421.8,37639.8,Mid-level
employee_8286,23,HR,115367,12,Hyderabad,1384404,11536.7,126903.7,Senior
employee_8287,43,IT,109338,2,Mumbai,1312056,10933.800000000001,120271.8,Fresher
employee_8288,31,Finance,72381,5,Bangalore,868572,7238.1,79619.1,Junior
employee_8289,30,Data,109483,14,Hyderabad,1313796,10948.300000000001,120431.3,Senior
employee_8290,56,Sales,44335,7,Delhi,532020,4433.5,48768.5,Mid-level
employee_8291,33,Finance,71861,9,Delhi,862332,7186.1,79047.1,Mid-level
employee_8292,49,Data,54907,2,Hyderabad,658884,5490.700000000001,60397.7,Fresher
employee_8293,58,Sales,107189,11,Pune,1286268,10718.900000000001,117907.9,Senior
employee_8294,33,Sales,64387,12,Pune,772644,6438.700000000001,70825.7,Senior
employee_8295,46,Sales,112567,13,Mumbai,1350804,11256.7,123823.7,Senior
employee_8296,40,QA,99655,10,Delhi,1195860,9965.5,109620.5,Mid-level
employee_8297,25,Sales,82407,10,Pune,988884,8240.7,90647.7,Mid-level
employee_8298,40,HR,90262,4,Hyderabad,1083144,9026.2,99288.2,Junior
employee_8299,34,IT,29555,8,Delhi,354660,2955.5,32510.5,Mid-level
employee_8300,34,HR,71095,13,Hyderabad,853140,7109.5,78204.5,Senior
employee_8301,28,IT,89051,13,Bangalore,1068612,8905.1,97956.1,Senior
employee_8302,33,Finance,26042,9,Delhi,312504,2604.2000000000003,28646.2,Mid-level
employee_8303,44,Finance,29188,14,Pune,350256,2918.8,32106.8,Senior
employee_8304,35,IT,103596,14,Chennai,1243152,10359.6,113955.6,Senior
employee_8305,21,HR,83153,9,Pune,997836,8315.300000000001,91468.3,Mid-level
employee_8306,42,IT,35233,2,Hyderabad,422796,3523.3,38756.3,Fresher
employee_8307,54,Sales,28088,12,Bangalore,337056,2808.8,30896.8,Senior
employee_8308,60,QA,26646,11,Pune,319752,2664.6000000000004,29310.6,Senior
employee_8309,23,Finance,38127,10,Bangalore,457524,3812.7000000000003,41939.7,Mid-level
employee_8310,46,QA,57615,1,Pune,691380,5761.5,63376.5,Fresher
employee_8311,34,Sales,91023,10,Mumbai,1092276,9102.300000000001,100125.3,Mid-level
employee_8312,28,Sales,40453,12,Hyderabad,485436,4045.3,44498.3,Senior
employee_8313,36,Finance,77233,13,Hyderabad,926796,7723.3,84956.3,Senior
employee_8314,41,Finance,59515,7,Chennai,714180,5951.5,65466.5,Mid-level
employee_8315,30,Sales,83092,13,Hyderabad,997104,8309.2,91401.2,Senior
employee_8316,45,Data,107447,13,Chennai,1289364,10744.7,118191.7,Senior
employee_8317,58,QA,90000,13,Hyderabad,1080000,9000.0,99000.0,Senior
employee_8318,42,QA,108087,6,Pune,1297044,10808.7,118895.7,Mid-level
employee_8319,24,Data,86993,11,Pune,1043916,8699.300000000001,95692.3,Senior
employee_8320,24,HR,78762,8,Mumbai,945144,7876.200000000001,86638.2,Mid-level
employee_8321,50,QA,106814,14,Pune,1281768,10681.400000000001,117495.4,Senior
employee_8322,22,IT,111392,3,Bangalore,1336704,11139.2,122531.2,Junior
employee_8323,49,Sales,102467,15,Pune,1229604,10246.7,112713.7,Senior
employee_8324,56,Sales,47188,2,Chennai,566256,4718.8,51906.8,Fresher
employee_8325,41,Data,91019,9,Delhi,1092228,9101.9,100120.9,Mid-level
employee_8326,41,QA,25451,15,Mumbai,305412,2545.1000000000004,27996.1,Senior
employee_8327,41,HR,29069,4,Delhi,348828,2906.9,31975.9,Junior
employee_8328,24,QA,89274,10,Delhi,1071288,8927.4,98201.4,Mid-level
employee_8329,21,Sales,38386,15,Bangalore,460632,3838.6000000000004,42224.6,Senior
employee_8330,46,Finance,32207,0,Bangalore,386484,3220.7000000000003,35427.7,Fresher
employee_8331,22,IT,63439,4,Hyderabad,761268,6343.900000000001,69782.9,Junior
employee_8332,29,Data,77285,12,Chennai,927420,7728.5,85013.5,Senior
employee_8333,38,Finance,43157,12,Delhi,517884,4315.7,47472.7,Senior
employee_8334,31,HR,112542,2,Pune,1350504,11254.2,123796.2,Fresher
employee_8335,45,Finance,99726,0,Pune,1196712,9972.6,109698.6,Fresher
employee_8336,46,Finance,108985,2,Hyderabad,1307820,10898.5,119883.5,Fresher
employee_8337,56,HR,66357,4,Pune,796284,6635.700000000001,72992.7,Junior
employee_8338,55,Finance,39929,4,Bangalore,479148,3992.9,43921.9,Junior
employee_8339,58,Data,73747,14,Pune,884964,7374.700000000001,81121.7,Senior
employee_8340,23,Sales,32913,9,Delhi,394956,3291.3,36204.3,Mid-level
employee_8341,55,QA,100531,11,Pune,1206372,10053.1,110584.1,Senior
employee_8342,60,Finance,51727,7,Bangalore,620724,5172.700000000001,56899.7,Mid-level
employee_8343,42,Data,26946,10,Chennai,323352,2694.6000000000004,29640.6,Mid-level
employee_8344,28,QA,86061,0,Delhi,1032732,8606.1,94667.1,Fresher
employee_8345,35,QA,91930,6,Chennai,1103160,9193.0,101123.0,Mid-level
employee_8346,27,Finance,86472,4,Bangalore,1037664,8647.2,95119.2,Junior
employee_8347,39,Data,92957,2,Bangalore,1115484,9295.7,102252.7,Fresher
employee_8348,60,Sales,110839,3,Delhi,1330068,11083.900000000001,121922.9,Junior
employee_8349,37,Finance,44467,2,Mumbai,533604,4446.7,48913.7,Fresher
employee_8350,21,HR,49504,15,Mumbai,594048,4950.400000000001,54454.4,Senior
employee_8351,49,QA,101516,7,Pune,1218192,10151.6,111667.6,Mid-level
employee_8352,33,Finance,26844,3,Delhi,322128,2684.4,29528.4,Junior
employee_8353,49,QA,59572,2,Delhi,714864,5957.200000000001,65529.2,Fresher
employee_8354,26,Data,109423,1,Pune,1313076,10942.300000000001,120365.3,Fresher
employee_8355,25,IT,108813,2,Mumbai,1305756,10881.300000000001,119694.3,Fresher
employee_8356,54,Finance,47975,6,Pune,575700,4797.5,52772.5,Mid-level
employee_8357,31,Sales,44449,5,Chennai,533388,4444.900000000001,48893.9,Junior
employee_8358,29,Finance,44459,9,Chennai,533508,4445.900000000001,48904.9,Mid-level
employee_8359,58,QA,91795,11,Hyderabad,1101540,9179.5,100974.5,Senior
employee_8360,60,Data,43604,12,Mumbai,523248,4360.400000000001,47964.4,Senior
employee_8361,29,HR,104395,4,Chennai,1252740,10439.5,114834.5,Junior
employee_8362,28,Sales,85140,7,Hyderabad,1021680,8514.0,93654.0,Mid-level
employee_8363,60,Data,50362,10,Bangalore,604344,5036.200000000001,55398.2,Mid-level
employee_8364,23,Finance,52943,0,Delhi,635316,5294.3,58237.3,Fresher
employee_8365,33,HR,46319,2,Chennai,555828,4631.900000000001,50950.9,Fresher
employee_8366,39,Data,76050,1,Hyderabad,912600,7605.0,83655.0,Fresher
employee_8367,54,IT,32697,1,Pune,392364,3269.7000000000003,35966.7,Fresher
employee_8368,52,Sales,113611,11,Delhi,1363332,11361.1,124972.1,Senior
employee_8369,36,QA,78655,10,Hyderabad,943860,7865.5,86520.5,Mid-level
employee_8370,56,Data,118696,11,Chennai,1424352,11869.6,130565.6,Senior
employee_8371,38,Data,53735,0,Pune,644820,5373.5,59108.5,Fresher
employee_8372,34,IT,56293,4,Pune,675516,5629.3,61922.3,Junior
employee_8373,50,Finance,94485,4,Hyderabad,1133820,9448.5,103933.5,Junior
employee_8374,22,Sales,101195,2,Hyderabad,1214340,10119.5,111314.5,Fresher
employee_8375,33,Sales,33010,11,Chennai,396120,3301.0,36311.0,Senior
employee_8376,47,QA,117305,11,Pune,1407660,11730.5,129035.5,Senior
employee_8377,37,Data,114359,8,Mumbai,1372308,11435.900000000001,125794.9,Mid-level
employee_8378,51,HR,106936,11,Hyderabad,1283232,10693.6,117629.6,Senior
employee_8379,35,Data,65727,5,Mumbai,788724,6572.700000000001,72299.7,Junior
employee_8380,40,QA,39787,13,Mumbai,477444,3978.7000000000003,43765.7,Senior
employee_8381,25,Data,98442,9,Pune,1181304,9844.2,108286.2,Mid-level
employee_8382,27,IT,38303,13,Chennai,459636,3830.3,42133.3,Senior
employee_8383,38,Data,91802,15,Mumbai,1101624,9180.2,100982.2,Senior
employee_8384,31,Data,78448,5,Chennai,941376,7844.8,86292.8,Junior
employee_8385,52,HR,94513,9,Hyderabad,1134156,9451.300000000001,103964.3,Mid-level
employee_8386,47,IT,31068,5,Pune,372816,3106.8,34174.8,Junior
employee_8387,46,IT,56227,13,Bangalore,674724,5622.700000000001,61849.7,Senior
employee_8388,57,Data,37740,1,Pune,452880,3774.0,41514.0,Fresher
employee_8389,48,Sales,113333,10,Bangalore,1359996,11333.300000000001,124666.3,Mid-level
employee_8390,22,HR,89745,14,Delhi,1076940,8974.5,98719.5,Senior
employee_8391,40,Data,32791,9,Hyderabad,393492,3279.1000000000004,36070.1,Mid-level
employee_8392,24,Data,25485,9,Chennai,305820,2548.5,28033.5,Mid-level
employee_8393,33,QA,70048,7,Hyderabad,840576,7004.8,77052.8,Mid-level
employee_8394,44,QA,55695,5,Pune,668340,5569.5,61264.5,Junior
employee_8395,58,Sales,62441,12,Bangalore,749292,6244.1,68685.1,Senior
employee_8396,60,HR,25337,14,Delhi,304044,2533.7000000000003,27870.7,Senior
employee_8397,49,Finance,115972,13,Bangalore,1391664,11597.2,127569.2,Senior
employee_8398,56,QA,40092,2,Pune,481104,4009.2000000000003,44101.2,Fresher
employee_8399,22,Finance,81052,9,Pune,972624,8105.200000000001,89157.2,Mid-level
employee_8400,38,IT,26471,8,Hyderabad,317652,2647.1000000000004,29118.1,Mid-level
employee_8401,28,QA,76194,1,Mumbai,914328,7619.400000000001,83813.4,Fresher
employee_8402,35,QA,69388,6,Bangalore,832656,6938.8,76326.8,Mid-level
employee_8403,37,HR,118232,2,Pune,1418784,11823.2,130055.2,Fresher
employee_8404,43,Sales,97025,14,Hyderabad,1164300,9702.5,106727.5,Senior
employee_8405,22,Finance,83045,11,Mumbai,996540,8304.5,91349.5,Senior
employee_8406,26,QA,98392,14,Chennai,1180704,9839.2,108231.2,Senior
employee_8407,49,QA,119147,5,Pune,1429764,11914.7,131061.7,Junior
employee_8408,47,HR,86088,4,Mumbai,1033056,8608.800000000001,94696.8,Junior
employee_8409,57,HR,99901,12,Chennai,1198812,9990.1,109891.1,Senior
employee_8410,54,Sales,30664,5,Delhi,367968,3066.4,33730.4,Junior
employee_8411,38,Finance,113859,7,Chennai,1366308,11385.900000000001,125244.9,Mid-level
employee_8412,30,IT,116991,13,Hyderabad,1403892,11699.1,128690.1,Senior
employee_8413,58,Sales,30379,2,Bangalore,364548,3037.9,33416.9,Fresher
employee_8414,37,IT,92660,15,Pune,1111920,9266.0,101926.0,Senior
employee_8415,33,Data,56536,1,Mumbai,678432,5653.6,62189.6,Fresher
employee_8416,47,QA,29991,7,Delhi,359892,2999.1000000000004,32990.1,Mid-level
employee_8417,22,Finance,97330,0,Delhi,1167960,9733.0,107063.0,Fresher
employee_8418,54,Sales,119754,1,Chennai,1437048,11975.400000000001,131729.4,Fresher
employee_8419,51,QA,118513,9,Delhi,1422156,11851.300000000001,130364.3,Mid-level
employee_8420,43,Finance,53359,0,Bangalore,640308,5335.900000000001,58694.9,Fresher
employee_8421,27,Finance,74302,15,Chennai,891624,7430.200000000001,81732.2,Senior
employee_8422,58,Finance,43043,4,Pune,516516,4304.3,47347.3,Junior
employee_8423,53,QA,113059,7,Pune,1356708,11305.900000000001,124364.9,Mid-level
employee_8424,32,Sales,34070,1,Delhi,408840,3407.0,37477.0,Fresher
employee_8425,32,HR,97735,3,Hyderabad,1172820,9773.5,107508.5,Junior
employee_8426,39,QA,109239,3,Pune,1310868,10923.900000000001,120162.9,Junior
employee_8427,29,Finance,109803,10,Pune,1317636,10980.300000000001,120783.3,Mid-level
employee_8428,30,Sales,39133,10,Pune,469596,3913.3,43046.3,Mid-level
employee_8429,37,Data,81955,6,Bangalore,983460,8195.5,90150.5,Mid-level
employee_8430,60,IT,53571,0,Mumbai,642852,5357.1,58928.1,Fresher
employee_8431,59,Finance,51991,8,Mumbai,623892,5199.1,57190.1,Mid-level
employee_8432,30,Data,102115,2,Delhi,1225380,10211.5,112326.5,Fresher
employee_8433,32,HR,74741,5,Pune,896892,7474.1,82215.1,Junior
employee_8434,35,Finance,109539,9,Mumbai,1314468,10953.900000000001,120492.9,Mid-level
employee_8435,51,Data,46871,13,Delhi,562452,4687.1,51558.1,Senior
employee_8436,35,Finance,31223,4,Pune,374676,3122.3,34345.3,Junior
employee_8437,48,QA,39197,3,Mumbai,470364,3919.7000000000003,43116.7,Junior
employee_8438,24,Sales,99923,8,Mumbai,1199076,9992.300000000001,109915.3,Mid-level
employee_8439,56,Data,117438,10,Delhi,1409256,11743.800000000001,129181.8,Mid-level
employee_8440,21,Sales,105375,11,Chennai,1264500,10537.5,115912.5,Senior
employee_8441,54,QA,88196,13,Delhi,1058352,8819.6,97015.6,Senior
employee_8442,37,QA,104432,8,Bangalore,1253184,10443.2,114875.2,Mid-level
employee_8443,59,Sales,66525,0,Chennai,798300,6652.5,73177.5,Fresher
employee_8444,58,Data,41198,6,Chennai,494376,4119.8,45317.8,Mid-level
employee_8445,53,Sales,59524,9,Mumbai,714288,5952.400000000001,65476.4,Mid-level
employee_8446,41,Sales,119187,8,Hyderabad,1430244,11918.7,131105.7,Mid-level
employee_8447,46,IT,117680,4,Hyderabad,1412160,11768.0,129448.0,Junior
employee_8448,56,Data,109293,15,Bangalore,1311516,10929.300000000001,120222.3,Senior
employee_8449,25,IT,43515,0,Pune,522180,4351.5,47866.5,Fresher
employee_8450,53,Finance,47027,7,Mumbai,564324,4702.7,51729.7,Mid-level
employee_8451,21,Sales,38792,4,Bangalore,465504,3879.2000000000003,42671.2,Junior
employee_8452,26,Finance,106313,5,Chennai,1275756,10631.300000000001,116944.3,Junior
employee_8453,57,Data,110330,6,Mumbai,1323960,11033.0,121363.0,Mid-level
employee_8454,22,Sales,57544,9,Chennai,690528,5754.400000000001,63298.4,Mid-level
employee_8455,25,Finance,109287,6,Bangalore,1311444,10928.7,120215.7,Mid-level
employee_8456,46,HR,110263,12,Hyderabad,1323156,11026.300000000001,121289.3,Senior
employee_8457,33,QA,48665,13,Bangalore,583980,4866.5,53531.5,Senior
employee_8458,32,Sales,56126,11,Delhi,673512,5612.6,61738.6,Senior
employee_8459,25,QA,44481,6,Mumbai,533772,4448.1,48929.1,Mid-level
employee_8460,22,IT,116372,14,Mumbai,1396464,11637.2,128009.2,Senior
employee_8461,24,Finance,48549,0,Pune,582588,4854.900000000001,53403.9,Fresher
employee_8462,47,IT,93872,6,Hyderabad,1126464,9387.2,103259.2,Mid-level
employee_8463,30,Sales,98693,10,Mumbai,1184316,9869.300000000001,108562.3,Mid-level
employee_8464,33,QA,77236,2,Hyderabad,926832,7723.6,84959.6,Fresher
employee_8465,22,QA,88983,4,Mumbai,1067796,8898.300000000001,97881.3,Junior
employee_8466,46,Finance,61155,9,Hyderabad,733860,6115.5,67270.5,Mid-level
employee_8467,35,Sales,62481,4,Delhi,749772,6248.1,68729.1,Junior
employee_8468,30,HR,92967,7,Bangalore,1115604,9296.7,102263.7,Mid-level
employee_8469,42,HR,107561,6,Hyderabad,1290732,10756.1,118317.1,Mid-level
employee_8470,60,Finance,45446,6,Chennai,545352,4544.6,49990.6,Mid-level
employee_8471,45,Sales,33507,5,Delhi,402084,3350.7000000000003,36857.7,Junior
employee_8472,35,Finance,58208,6,Bangalore,698496,5820.8,64028.8,Mid-level
employee_8473,33,Sales,42522,13,Mumbai,510264,4252.2,46774.2,Senior
employee_8474,28,IT,72402,6,Mumbai,868824,7240.200000000001,79642.2,Mid-level
employee_8475,41,Finance,50490,14,Pune,605880,5049.0,55539.0,Senior
employee_8476,41,Sales,63011,4,Delhi,756132,6301.1,69312.1,Junior
employee_8477,42,HR,60071,4,Chennai,720852,6007.1,66078.1,Junior
employee_8478,53,Sales,72754,3,Delhi,873048,7275.400000000001,80029.4,Junior
employee_8479,47,Sales,70102,13,Pune,841224,7010.200000000001,77112.2,Senior
employee_8480,60,Finance,39040,3,Delhi,468480,3904.0,42944.0,Junior
employee_8481,42,IT,32046,4,Bangalore,384552,3204.6000000000004,35250.6,Junior
employee_8482,50,IT,64374,9,Pune,772488,6437.400000000001,70811.4,Mid-level
employee_8483,29,IT,61189,8,Bangalore,734268,6118.900000000001,67307.9,Mid-level
employee_8484,55,IT,108998,13,Pune,1307976,10899.800000000001,119897.8,Senior
employee_8485,38,Data,111070,10,Hyderabad,1332840,11107.0,122177.0,Mid-level
employee_8486,25,Finance,59968,11,Bangalore,719616,5996.8,65964.8,Senior
employee_8487,47,QA,45935,15,Bangalore,551220,4593.5,50528.5,Senior
employee_8488,26,Finance,80581,5,Hyderabad,966972,8058.1,88639.1,Junior
employee_8489,52,Data,34009,7,Hyderabad,408108,3400.9,37409.9,Mid-level
employee_8490,28,IT,71989,8,Chennai,863868,7198.900000000001,79187.9,Mid-level
employee_8491,59,Data,71876,11,Hyderabad,862512,7187.6,79063.6,Senior
employee_8492,41,HR,92482,13,Pune,1109784,9248.2,101730.2,Senior
employee_8493,38,HR,61724,3,Hyderabad,740688,6172.400000000001,67896.4,Junior
employee_8494,34,Finance,76377,11,Hyderabad,916524,7637.700000000001,84014.7,Senior
employee_8495,35,Finance,93861,12,Bangalore,1126332,9386.1,103247.1,Senior
employee_8496,46,QA,33699,6,Bangalore,404388,3369.9,37068.9,Mid-level
employee_8497,52,QA,28745,4,Delhi,344940,2874.5,31619.5,Junior
employee_8498,59,HR,69837,3,Hyderabad,838044,6983.700000000001,76820.7,Junior
employee_8499,48,IT,55794,11,Chennai,669528,5579.400000000001,61373.4,Senior
employee_8500,59,Data,115080,6,Bangalore,1380960,11508.0,126588.0,Mid-level
employee_8501,52,QA,46198,2,Pune,554376,4619.8,50817.8,Fresher
employee_8502,33,Sales,82803,0,Delhi,993636,8280.300000000001,91083.3,Fresher
employee_8503,35,QA,38489,6,Pune,461868,3848.9,42337.9,Mid-level
employee_8504,38,IT,75557,8,Hyderabad,906684,7555.700000000001,83112.7,Mid-level
employee_8505,59,IT,86439,1,Hyderabad,1037268,8643.9,95082.9,Fresher
employee_8506,26,Finance,47474,15,Chennai,569688,4747.400000000001,52221.4,Senior
employee_8507,31,Data,81439,6,Hyderabad,977268,8143.900000000001,89582.9,Mid-level
employee_8508,52,IT,108956,9,Delhi,1307472,10895.6,119851.6,Mid-level
employee_8509,60,QA,80186,1,Mumbai,962232,8018.6,88204.6,Fresher
employee_8510,40,QA,93213,12,Mumbai,1118556,9321.300000000001,102534.3,Senior
employee_8511,53,HR,80296,12,Hyderabad,963552,8029.6,88325.6,Senior
employee_8512,60,IT,59512,2,Delhi,714144,5951.200000000001,65463.2,Fresher
employee_8513,28,Sales,101711,12,Mumbai,1220532,10171.1,111882.1,Senior
employee_8514,55,Finance,26177,9,Pune,314124,2617.7000000000003,28794.7,Mid-level
employee_8515,25,Data,25761,13,Delhi,309132,2576.1000000000004,28337.1,Senior
employee_8516,55,Sales,31458,11,Delhi,377496,3145.8,34603.8,Senior
employee_8517,34,Finance,84698,9,Hyderabad,1016376,8469.800000000001,93167.8,Mid-level
employee_8518,41,QA,79775,2,Pune,957300,7977.5,87752.5,Fresher
employee_8519,44,Sales,78866,11,Pune,946392,7886.6,86752.6,Senior
employee_8520,37,Finance,45110,12,Mumbai,541320,4511.0,49621.0,Senior
employee_8521,38,QA,118789,3,Chennai,1425468,11878.900000000001,130667.9,Junior
employee_8522,54,QA,108853,5,Pune,1306236,10885.300000000001,119738.3,Junior
employee_8523,32,QA,86446,2,Mumbai,1037352,8644.6,95090.6,Fresher
employee_8524,36,QA,53433,12,Chennai,641196,5343.3,58776.3,Senior
employee_8525,24,QA,97715,8,Delhi,1172580,9771.5,107486.5,Mid-level
employee_8526,45,HR,39849,1,Mumbai,478188,3984.9,43833.9,Fresher
employee_8527,54,Sales,94980,6,Mumbai,1139760,9498.0,104478.0,Mid-level
employee_8528,48,Finance,93500,5,Hyderabad,1122000,9350.0,102850.0,Junior
employee_8529,31,HR,66990,13,Delhi,803880,6699.0,73689.0,Senior
employee_8530,33,HR,84891,14,Delhi,1018692,8489.1,93380.1,Senior
employee_8531,51,IT,84866,1,Bangalore,1018392,8486.6,93352.6,Fresher
employee_8532,45,IT,103347,10,Chennai,1240164,10334.7,113681.7,Mid-level
employee_8533,59,IT,100603,2,Mumbai,1207236,10060.300000000001,110663.3,Fresher
employee_8534,30,Data,64992,5,Pune,779904,6499.200000000001,71491.2,Junior
employee_8535,44,IT,90097,9,Pune,1081164,9009.7,99106.7,Mid-level
employee_8536,21,Finance,101008,3,Bangalore,1212096,10100.800000000001,111108.8,Junior
employee_8537,45,HR,105662,0,Chennai,1267944,10566.2,116228.2,Fresher
employee_8538,48,Finance,28101,0,Hyderabad,337212,2810.1000000000004,30911.1,Fresher
employee_8539,56,Sales,51990,2,Chennai,623880,5199.0,57189.0,Fresher
employee_8540,38,IT,94214,7,Pune,1130568,9421.4,103635.4,Mid-level
employee_8541,26,Data,59611,10,Pune,715332,5961.1,65572.1,Mid-level
employee_8542,22,Sales,86495,3,Hyderabad,1037940,8649.5,95144.5,Junior
employee_8543,23,Data,76090,10,Hyderabad,913080,7609.0,83699.0,Mid-level
employee_8544,28,Sales,119571,0,Pune,1434852,11957.1,131528.1,Fresher
employee_8545,51,HR,40958,7,Mumbai,491496,4095.8,45053.8,Mid-level
employee_8546,39,Finance,114786,9,Mumbai,1377432,11478.6,126264.6,Mid-level
employee_8547,26,QA,97619,5,Hyderabad,1171428,9761.9,107380.9,Junior
employee_8548,34,Finance,90256,0,Delhi,1083072,9025.6,99281.6,Fresher
employee_8549,23,IT,112292,11,Mumbai,1347504,11229.2,123521.2,Senior
employee_8550,21,QA,92002,9,Hyderabad,1104024,9200.2,101202.2,Mid-level
employee_8551,50,Data,74887,9,Chennai,898644,7488.700000000001,82375.7,Mid-level
employee_8552,39,HR,25339,5,Chennai,304068,2533.9,27872.9,Junior
employee_8553,39,HR,75528,0,Chennai,906336,7552.8,83080.8,Fresher
employee_8554,29,Data,111639,14,Hyderabad,1339668,11163.900000000001,122802.9,Senior
employee_8555,27,IT,107624,9,Hyderabad,1291488,10762.400000000001,118386.4,Mid-level
employee_8556,57,Data,94260,9,Mumbai,1131120,9426.0,103686.0,Mid-level
employee_8557,27,Sales,78570,2,Mumbai,942840,7857.0,86427.0,Fresher
employee_8558,29,IT,46643,1,Mumbai,559716,4664.3,51307.3,Fresher
employee_8559,24,QA,85252,3,Bangalore,1023024,8525.2,93777.2,Junior
employee_8560,45,Data,116580,1,Hyderabad,1398960,11658.0,128238.0,Fresher
employee_8561,32,IT,35334,10,Delhi,424008,3533.4,38867.4,Mid-level
employee_8562,26,QA,87977,12,Chennai,1055724,8797.7,96774.7,Senior
employee_8563,38,Data,25789,4,Chennai,309468,2578.9,28367.9,Junior
employee_8564,60,HR,58941,3,Bangalore,707292,5894.1,64835.1,Junior
employee_8565,41,Data,25552,5,Bangalore,306624,2555.2000000000003,28107.2,Junior
employee_8566,35,Finance,44806,13,Chennai,537672,4480.6,49286.6,Senior
employee_8567,23,Data,61979,14,Hyderabad,743748,6197.900000000001,68176.9,Senior
employee_8568,22,Finance,33823,6,Chennai,405876,3382.3,37205.3,Mid-level
employee_8569,60,QA,56980,11,Chennai,683760,5698.0,62678.0,Senior
employee_8570,24,Data,25860,15,Delhi,310320,2586.0,28446.0,Senior
employee_8571,52,QA,25290,1,Bangalore,303480,2529.0,27819.0,Fresher
employee_8572,22,QA,67417,1,Bangalore,809004,6741.700000000001,74158.7,Fresher
employee_8573,49,IT,104880,7,Mumbai,1258560,10488.0,115368.0,Mid-level
employee_8574,22,QA,30870,12,Bangalore,370440,3087.0,33957.0,Senior
employee_8575,54,QA,58397,12,Delhi,700764,5839.700000000001,64236.7,Senior
employee_8576,47,Data,41186,8,Delhi,494232,4118.6,45304.6,Mid-level
employee_8577,59,Data,46016,4,Chennai,552192,4601.6,50617.6,Junior
employee_8578,58,HR,94616,15,Delhi,1135392,9461.6,104077.6,Senior
employee_8579,38,IT,103508,6,Mumbai,1242096,10350.800000000001,113858.8,Mid-level
employee_8580,56,QA,92296,12,Chennai,1107552,9229.6,101525.6,Senior
employee_8581,39,IT,36274,11,Hyderabad,435288,3627.4,39901.4,Senior
employee_8582,47,Finance,48304,8,Hyderabad,579648,4830.400000000001,53134.4,Mid-level
employee_8583,40,QA,102702,13,Bangalore,1232424,10270.2,112972.2,Senior
employee_8584,41,IT,93934,0,Mumbai,1127208,9393.4,103327.4,Fresher
employee_8585,43,HR,72698,7,Delhi,872376,7269.8,79967.8,Mid-level
employee_8586,50,HR,101051,9,Pune,1212612,10105.1,111156.1,Mid-level
employee_8587,45,QA,39705,9,Hyderabad,476460,3970.5,43675.5,Mid-level
employee_8588,51,Finance,61329,8,Delhi,735948,6132.900000000001,67461.9,Mid-level
employee_8589,47,HR,84736,8,Hyderabad,1016832,8473.6,93209.6,Mid-level
employee_8590,54,HR,77996,9,Hyderabad,935952,7799.6,85795.6,Mid-level
employee_8591,28,Finance,35607,6,Hyderabad,427284,3560.7000000000003,39167.7,Mid-level
employee_8592,39,IT,77956,15,Bangalore,935472,7795.6,85751.6,Senior
employee_8593,46,HR,55006,11,Mumbai,660072,5500.6,60506.6,Senior
employee_8594,48,Data,103554,11,Hyderabad,1242648,10355.400000000001,113909.4,Senior
employee_8595,24,Sales,100352,11,Delhi,1204224,10035.2,110387.2,Senior
employee_8596,51,Sales,45494,11,Delhi,545928,4549.400000000001,50043.4,Senior
employee_8597,36,HR,46237,9,Bangalore,554844,4623.7,50860.7,Mid-level
employee_8598,30,IT,97367,15,Mumbai,1168404,9736.7,107103.7,Senior
employee_8599,58,IT,65963,14,Mumbai,791556,6596.3,72559.3,Senior
employee_8600,30,QA,55541,2,Pune,666492,5554.1,61095.1,Fresher
employee_8601,29,Data,28447,12,Chennai,341364,2844.7000000000003,31291.7,Senior
employee_8602,59,IT,96120,12,Hyderabad,1153440,9612.0,105732.0,Senior
employee_8603,56,Finance,52156,4,Bangalore,625872,5215.6,57371.6,Junior
employee_8604,56,Data,61559,12,Mumbai,738708,6155.900000000001,67714.9,Senior
employee_8605,39,Sales,46465,1,Pune,557580,4646.5,51111.5,Fresher
employee_8606,39,Data,67120,10,Chennai,805440,6712.0,73832.0,Mid-level
employee_8607,32,Finance,107753,9,Mumbai,1293036,10775.300000000001,118528.3,Mid-level
employee_8608,33,HR,35190,2,Mumbai,422280,3519.0,38709.0,Fresher
employee_8609,45,Finance,88394,9,Hyderabad,1060728,8839.4,97233.4,Mid-level
employee_8610,56,Finance,30335,6,Chennai,364020,3033.5,33368.5,Mid-level
employee_8611,45,HR,79639,0,Chennai,955668,7963.900000000001,87602.9,Fresher
employee_8612,48,HR,96796,2,Bangalore,1161552,9679.6,106475.6,Fresher
employee_8613,59,HR,50778,4,Pune,609336,5077.8,55855.8,Junior
employee_8614,50,HR,106141,10,Delhi,1273692,10614.1,116755.1,Mid-level
employee_8615,25,HR,43559,13,Bangalore,522708,4355.900000000001,47914.9,Senior
employee_8616,37,Finance,67341,3,Pune,808092,6734.1,74075.1,Junior
employee_8617,38,QA,45557,2,Bangalore,546684,4555.7,50112.7,Fresher
employee_8618,41,QA,68781,5,Pune,825372,6878.1,75659.1,Junior
employee_8619,42,IT,115453,11,Delhi,1385436,11545.300000000001,126998.3,Senior
employee_8620,59,QA,116473,5,Hyderabad,1397676,11647.300000000001,128120.3,Junior
employee_8621,26,Sales,97257,3,Pune,1167084,9725.7,106982.7,Junior
employee_8622,36,QA,45575,8,Delhi,546900,4557.5,50132.5,Mid-level
employee_8623,22,Finance,97848,10,Bangalore,1174176,9784.800000000001,107632.8,Mid-level
employee_8624,21,HR,29616,5,Chennai,355392,2961.6000000000004,32577.6,Junior
employee_8625,50,HR,89908,14,Mumbai,1078896,8990.800000000001,98898.8,Senior
employee_8626,57,Finance,58763,8,Delhi,705156,5876.3,64639.3,Mid-level
employee_8627,43,Sales,58124,12,Delhi,697488,5812.400000000001,63936.4,Senior
employee_8628,21,QA,115297,10,Delhi,1383564,11529.7,126826.7,Mid-level
employee_8629,39,Finance,92229,9,Pune,1106748,9222.9,101451.9,Mid-level
employee_8630,23,IT,27590,9,Pune,331080,2759.0,30349.0,Mid-level
employee_8631,22,HR,55870,1,Chennai,670440,5587.0,61457.0,Fresher
employee_8632,57,Data,34534,14,Hyderabad,414408,3453.4,37987.4,Senior
employee_8633,37,IT,32921,5,Bangalore,395052,3292.1000000000004,36213.1,Junior
employee_8634,48,Sales,26691,13,Hyderabad,320292,2669.1000000000004,29360.1,Senior
employee_8635,38,IT,67042,3,Pune,804504,6704.200000000001,73746.2,Junior
employee_8636,53,Finance,76209,1,Pune,914508,7620.900000000001,83829.9,Fresher
employee_8637,35,QA,93440,4,Delhi,1121280,9344.0,102784.0,Junior
employee_8638,42,HR,78603,13,Delhi,943236,7860.3,86463.3,Senior
employee_8639,47,Sales,69377,14,Hyderabad,832524,6937.700000000001,76314.7,Senior
employee_8640,57,Sales,64705,2,Bangalore,776460,6470.5,71175.5,Fresher
employee_8641,52,Data,43764,5,Pune,525168,4376.400000000001,48140.4,Junior
employee_8642,39,IT,98744,10,Pune,1184928,9874.400000000001,108618.4,Mid-level
employee_8643,48,Data,40783,14,Hyderabad,489396,4078.3,44861.3,Senior
employee_8644,48,QA,33515,13,Mumbai,402180,3351.5,36866.5,Senior
employee_8645,30,QA,27070,7,Delhi,324840,2707.0,29777.0,Mid-level
employee_8646,40,Data,107850,3,Chennai,1294200,10785.0,118635.0,Junior
employee_8647,45,HR,38771,11,Pune,465252,3877.1000000000004,42648.1,Senior
employee_8648,41,QA,89206,3,Bangalore,1070472,8920.6,98126.6,Junior
employee_8649,34,Data,108364,4,Mumbai,1300368,10836.400000000001,119200.4,Junior
employee_8650,42,IT,115514,5,Hyderabad,1386168,11551.400000000001,127065.4,Junior
employee_8651,46,Data,45936,10,Hyderabad,551232,4593.6,50529.6,Mid-level
employee_8652,31,Data,116618,6,Bangalore,1399416,11661.800000000001,128279.8,Mid-level
employee_8653,27,Finance,42905,5,Delhi,514860,4290.5,47195.5,Junior
employee_8654,37,QA,28098,6,Delhi,337176,2809.8,30907.8,Mid-level
employee_8655,38,HR,52020,8,Mumbai,624240,5202.0,57222.0,Mid-level
employee_8656,27,HR,82272,3,Bangalore,987264,8227.2,90499.2,Junior
employee_8657,40,Finance,76339,9,Pune,916068,7633.900000000001,83972.9,Mid-level
employee_8658,58,Sales,109488,14,Mumbai,1313856,10948.800000000001,120436.8,Senior
employee_8659,31,HR,35985,0,Chennai,431820,3598.5,39583.5,Fresher
employee_8660,36,Data,33283,14,Chennai,399396,3328.3,36611.3,Senior
employee_8661,47,Finance,71323,8,Bangalore,855876,7132.3,78455.3,Mid-level
employee_8662,31,IT,62708,6,Chennai,752496,6270.8,68978.8,Mid-level
employee_8663,36,QA,95298,3,Bangalore,1143576,9529.800000000001,104827.8,Junior
employee_8664,43,QA,30054,9,Pune,360648,3005.4,33059.4,Mid-level
employee_8665,32,QA,103812,7,Delhi,1245744,10381.2,114193.2,Mid-level
employee_8666,60,Data,96317,11,Pune,1155804,9631.7,105948.7,Senior
employee_8667,23,IT,88304,6,Bangalore,1059648,8830.4,97134.4,Mid-level
employee_8668,22,Finance,41471,11,Pune,497652,4147.1,45618.1,Senior
employee_8669,58,Finance,108561,1,Chennai,1302732,10856.1,119417.1,Fresher
employee_8670,44,QA,95949,0,Pune,1151388,9594.9,105543.9,Fresher
employee_8671,49,IT,97956,8,Chennai,1175472,9795.6,107751.6,Mid-level
employee_8672,54,IT,64678,6,Delhi,776136,6467.8,71145.8,Mid-level
employee_8673,40,IT,79325,13,Delhi,951900,7932.5,87257.5,Senior
employee_8674,38,HR,51527,9,Chennai,618324,5152.700000000001,56679.7,Mid-level
employee_8675,34,HR,68250,0,Hyderabad,819000,6825.0,75075.0,Fresher
employee_8676,38,QA,37029,12,Pune,444348,3702.9,40731.9,Senior
employee_8677,22,IT,66583,3,Pune,798996,6658.3,73241.3,Junior
employee_8678,21,Sales,94368,14,Bangalore,1132416,9436.800000000001,103804.8,Senior
employee_8679,40,IT,93147,4,Bangalore,1117764,9314.7,102461.7,Junior
employee_8680,54,Finance,33353,4,Mumbai,400236,3335.3,36688.3,Junior
employee_8681,31,Finance,84336,13,Chennai,1012032,8433.6,92769.6,Senior
employee_8682,47,QA,68042,13,Delhi,816504,6804.200000000001,74846.2,Senior
employee_8683,43,Sales,118125,13,Delhi,1417500,11812.5,129937.5,Senior
employee_8684,58,IT,65996,4,Hyderabad,791952,6599.6,72595.6,Junior
employee_8685,23,Sales,115957,10,Chennai,1391484,11595.7,127552.7,Mid-level
employee_8686,32,QA,101604,15,Pune,1219248,10160.400000000001,111764.4,Senior
employee_8687,50,Finance,80918,2,Mumbai,971016,8091.8,89009.8,Fresher
employee_8688,51,Finance,93882,4,Chennai,1126584,9388.2,103270.2,Junior
employee_8689,43,HR,61822,3,Mumbai,741864,6182.200000000001,68004.2,Junior
employee_8690,21,QA,73760,14,Chennai,885120,7376.0,81136.0,Senior
employee_8691,40,QA,29200,4,Pune,350400,2920.0,32120.0,Junior
employee_8692,26,IT,72259,6,Pune,867108,7225.900000000001,79484.9,Mid-level
employee_8693,31,IT,33527,4,Chennai,402324,3352.7000000000003,36879.7,Junior
employee_8694,55,HR,35535,13,Delhi,426420,3553.5,39088.5,Senior
employee_8695,24,Data,42944,14,Delhi,515328,4294.400000000001,47238.4,Senior
employee_8696,49,Sales,65290,13,Hyderabad,783480,6529.0,71819.0,Senior
employee_8697,30,Data,94700,13,Pune,1136400,9470.0,104170.0,Senior
employee_8698,49,Data,37438,7,Bangalore,449256,3743.8,41181.8,Mid-level
employee_8699,58,QA,89344,7,Hyderabad,1072128,8934.4,98278.4,Mid-level
employee_8700,21,Sales,113640,2,Chennai,1363680,11364.0,125004.0,Fresher
employee_8701,60,QA,83005,4,Hyderabad,996060,8300.5,91305.5,Junior
employee_8702,28,Sales,95388,11,Bangalore,1144656,9538.800000000001,104926.8,Senior
employee_8703,58,Finance,97249,3,Pune,1166988,9724.9,106973.9,Junior
employee_8704,37,QA,86083,13,Pune,1032996,8608.300000000001,94691.3,Senior
employee_8705,39,QA,93719,13,Delhi,1124628,9371.9,103090.9,Senior
employee_8706,53,QA,56354,4,Pune,676248,5635.400000000001,61989.4,Junior
employee_8707,35,HR,98568,7,Delhi,1182816,9856.800000000001,108424.8,Mid-level
employee_8708,51,QA,104811,3,Bangalore,1257732,10481.1,115292.1,Junior
employee_8709,41,IT,43793,4,Hyderabad,525516,4379.3,48172.3,Junior
employee_8710,23,IT,62066,15,Chennai,744792,6206.6,68272.6,Senior
employee_8711,22,Sales,109454,6,Chennai,1313448,10945.400000000001,120399.4,Mid-level
employee_8712,55,Finance,96135,2,Hyderabad,1153620,9613.5,105748.5,Fresher
employee_8713,36,HR,57771,12,Pune,693252,5777.1,63548.1,Senior
employee_8714,41,Sales,38440,5,Delhi,461280,3844.0,42284.0,Junior
employee_8715,32,IT,36289,8,Chennai,435468,3628.9,39917.9,Mid-level
employee_8716,48,HR,74178,10,Pune,890136,7417.8,81595.8,Mid-level
employee_8717,32,HR,95697,3,Mumbai,1148364,9569.7,105266.7,Junior
employee_8718,53,Finance,91500,3,Mumbai,1098000,9150.0,100650.0,Junior
employee_8719,40,HR,106478,5,Chennai,1277736,10647.800000000001,117125.8,Junior
employee_8720,60,QA,74223,5,Hyderabad,890676,7422.3,81645.3,Junior
employee_8721,41,HR,63369,2,Hyderabad,760428,6336.900000000001,69705.9,Fresher
employee_8722,59,Finance,39184,13,Hyderabad,470208,3918.4,43102.4,Senior
employee_8723,56,Sales,93483,0,Pune,1121796,9348.300000000001,102831.3,Fresher
employee_8724,42,Finance,96774,2,Mumbai,1161288,9677.4,106451.4,Fresher
employee_8725,46,Finance,38156,7,Pune,457872,3815.6000000000004,41971.6,Mid-level
employee_8726,27,IT,27411,7,Bangalore,328932,2741.1000000000004,30152.1,Mid-level
employee_8727,27,QA,40674,15,Bangalore,488088,4067.4,44741.4,Senior
employee_8728,28,IT,33308,5,Chennai,399696,3330.8,36638.8,Junior
employee_8729,46,Sales,93460,6,Bangalore,1121520,9346.0,102806.0,Mid-level
employee_8730,44,Data,25576,1,Hyderabad,306912,2557.6000000000004,28133.6,Fresher
employee_8731,44,Sales,39641,8,Chennai,475692,3964.1000000000004,43605.1,Mid-level
employee_8732,60,QA,99499,2,Mumbai,1193988,9949.900000000001,109448.9,Fresher
employee_8733,32,HR,114827,1,Delhi,1377924,11482.7,126309.7,Fresher
employee_8734,28,Finance,75907,15,Mumbai,910884,7590.700000000001,83497.7,Senior
employee_8735,29,Data,66139,15,Bangalore,793668,6613.900000000001,72752.9,Senior
employee_8736,23,QA,109325,4,Bangalore,1311900,10932.5,120257.5,Junior
employee_8737,41,IT,64651,0,Mumbai,775812,6465.1,71116.1,Fresher
employee_8738,51,Finance,82315,4,Bangalore,987780,8231.5,90546.5,Junior
employee_8739,44,Sales,118435,15,Bangalore,1421220,11843.5,130278.5,Senior
employee_8740,24,IT,40658,9,Pune,487896,4065.8,44723.8,Mid-level
employee_8741,40,QA,63907,3,Delhi,766884,6390.700000000001,70297.7,Junior
employee_8742,36,QA,104720,15,Delhi,1256640,10472.0,115192.0,Senior
employee_8743,30,Sales,88917,11,Mumbai,1067004,8891.7,97808.7,Senior
employee_8744,46,Data,56747,5,Mumbai,680964,5674.700000000001,62421.7,Junior
employee_8745,49,Sales,103501,11,Bangalore,1242012,10350.1,113851.1,Senior
employee_8746,25,HR,101029,4,Hyderabad,1212348,10102.900000000001,111131.9,Junior
employee_8747,31,IT,77140,8,Pune,925680,7714.0,84854.0,Mid-level
employee_8748,49,Data,79936,4,Hyderabad,959232,7993.6,87929.6,Junior
employee_8749,35,Finance,51178,12,Bangalore,614136,5117.8,56295.8,Senior
employee_8750,26,HR,92750,7,Mumbai,1113000,9275.0,102025.0,Mid-level
employee_8751,35,Data,33000,15,Hyderabad,396000,3300.0,36300.0,Senior
employee_8752,40,IT,33065,11,Delhi,396780,3306.5,36371.5,Senior
employee_8753,54,QA,87404,12,Chennai,1048848,8740.4,96144.4,Senior
employee_8754,22,Finance,26085,1,Hyderabad,313020,2608.5,28693.5,Fresher
employee_8755,36,Sales,74325,2,Mumbai,891900,7432.5,81757.5,Fresher
employee_8756,39,IT,94068,2,Delhi,1128816,9406.800000000001,103474.8,Fresher
employee_8757,54,HR,87063,2,Bangalore,1044756,8706.300000000001,95769.3,Fresher
employee_8758,34,HR,42622,5,Hyderabad,511464,4262.2,46884.2,Junior
employee_8759,44,QA,88902,15,Bangalore,1066824,8890.2,97792.2,Senior
employee_8760,48,QA,29834,6,Pune,358008,2983.4,32817.4,Mid-level
employee_8761,52,Finance,110733,6,Chennai,1328796,11073.300000000001,121806.3,Mid-level
employee_8762,57,Sales,37008,11,Mumbai,444096,3700.8,40708.8,Senior
employee_8763,30,Finance,103498,6,Mumbai,1241976,10349.800000000001,113847.8,Mid-level
employee_8764,29,QA,72229,11,Bangalore,866748,7222.900000000001,79451.9,Senior
employee_8765,44,QA,33012,2,Chennai,396144,3301.2000000000003,36313.2,Fresher
employee_8766,56,HR,76125,15,Delhi,913500,7612.5,83737.5,Senior
employee_8767,49,QA,110702,0,Mumbai,1328424,11070.2,121772.2,Fresher
employee_8768,49,Data,109164,5,Hyderabad,1309968,10916.400000000001,120080.4,Junior
employee_8769,43,IT,34849,2,Mumbai,418188,3484.9,38333.9,Fresher
employee_8770,47,QA,66372,15,Hyderabad,796464,6637.200000000001,73009.2,Senior
employee_8771,51,Finance,38767,12,Mumbai,465204,3876.7000000000003,42643.7,Senior
employee_8772,27,Sales,105647,15,Hyderabad,1267764,10564.7,116211.7,Senior
employee_8773,24,Sales,64989,14,Pune,779868,6498.900000000001,71487.9,Senior
employee_8774,34,Sales,65582,2,Bangalore,786984,6558.200000000001,72140.2,Fresher
employee_8775,30,Data,69370,14,Delhi,832440,6937.0,76307.0,Senior
employee_8776,54,Finance,70052,2,Delhi,840624,7005.200000000001,77057.2,Fresher
employee_8777,46,Data,70289,14,Pune,843468,7028.900000000001,77317.9,Senior
employee_8778,43,QA,46565,8,Delhi,558780,4656.5,51221.5,Mid-level
employee_8779,29,IT,78164,11,Hyderabad,937968,7816.400000000001,85980.4,Senior
employee_8780,57,Sales,93125,15,Delhi,1117500,9312.5,102437.5,Senior
employee_8781,28,Finance,75281,14,Bangalore,903372,7528.1,82809.1,Senior
employee_8782,34,Sales,82988,3,Chennai,995856,8298.800000000001,91286.8,Junior
employee_8783,27,Data,100285,4,Hyderabad,1203420,10028.5,110313.5,Junior
employee_8784,27,HR,113219,2,Delhi,1358628,11321.900000000001,124540.9,Fresher
employee_8785,29,QA,95037,9,Mumbai,1140444,9503.7,104540.7,Mid-level
employee_8786,23,IT,48423,12,Mumbai,581076,4842.3,53265.3,Senior
employee_8787,34,QA,109693,14,Chennai,1316316,10969.300000000001,120662.3,Senior
employee_8788,37,HR,109705,11,Pune,1316460,10970.5,120675.5,Senior
employee_8789,42,IT,113860,0,Hyderabad,1366320,11386.0,125246.0,Fresher
employee_8790,46,HR,26706,14,Mumbai,320472,2670.6000000000004,29376.6,Senior
employee_8791,48,QA,76753,11,Bangalore,921036,7675.3,84428.3,Senior
employee_8792,34,Data,118755,3,Chennai,1425060,11875.5,130630.5,Junior
employee_8793,29,QA,66334,14,Pune,796008,6633.400000000001,72967.4,Senior
employee_8794,46,QA,92148,0,Pune,1105776,9214.800000000001,101362.8,Fresher
employee_8795,22,QA,107374,10,Bangalore,1288488,10737.400000000001,118111.4,Mid-level
employee_8796,31,Finance,75627,10,Delhi,907524,7562.700000000001,83189.7,Mid-level
employee_8797,37,HR,40546,6,Bangalore,486552,4054.6000000000004,44600.6,Mid-level
employee_8798,54,HR,73735,6,Delhi,884820,7373.5,81108.5,Mid-level
employee_8799,39,Sales,99581,14,Chennai,1194972,9958.1,109539.1,Senior
employee_8800,59,HR,50299,3,Bangalore,603588,5029.900000000001,55328.9,Junior
employee_8801,38,Sales,91927,14,Mumbai,1103124,9192.7,101119.7,Senior
employee_8802,33,Finance,68347,4,Pune,820164,6834.700000000001,75181.7,Junior
employee_8803,25,Data,66221,9,Delhi,794652,6622.1,72843.1,Mid-level
employee_8804,43,Sales,65776,6,Bangalore,789312,6577.6,72353.6,Mid-level
employee_8805,44,QA,40948,12,Hyderabad,491376,4094.8,45042.8,Senior
employee_8806,49,Data,50118,5,Bangalore,601416,5011.8,55129.8,Junior
employee_8807,28,Finance,104693,12,Delhi,1256316,10469.300000000001,115162.3,Senior
employee_8808,46,HR,42021,3,Pune,504252,4202.1,46223.1,Junior
employee_8809,35,Sales,98892,3,Mumbai,1186704,9889.2,108781.2,Junior
employee_8810,21,QA,82964,1,Bangalore,995568,8296.4,91260.4,Fresher
employee_8811,48,IT,73215,9,Mumbai,878580,7321.5,80536.5,Mid-level
employee_8812,34,IT,26223,1,Hyderabad,314676,2622.3,28845.3,Fresher
employee_8813,54,Data,61110,11,Delhi,733320,6111.0,67221.0,Senior
employee_8814,51,HR,115162,3,Pune,1381944,11516.2,126678.2,Junior
employee_8815,26,IT,46526,4,Chennai,558312,4652.6,51178.6,Junior
employee_8816,25,Data,99392,3,Pune,1192704,9939.2,109331.2,Junior
employee_8817,51,Finance,63829,13,Delhi,765948,6382.900000000001,70211.9,Senior
employee_8818,57,Data,104068,2,Chennai,1248816,10406.800000000001,114474.8,Fresher
employee_8819,35,Data,76862,10,Chennai,922344,7686.200000000001,84548.2,Mid-level
employee_8820,35,Data,111281,1,Pune,1335372,11128.1,122409.1,Fresher
employee_8821,25,QA,45336,3,Delhi,544032,4533.6,49869.6,Junior
employee_8822,48,Data,55796,13,Chennai,669552,5579.6,61375.6,Senior
employee_8823,53,Sales,52167,15,Delhi,626004,5216.700000000001,57383.7,Senior
employee_8824,31,Data,91416,10,Mumbai,1096992,9141.6,100557.6,Mid-level
employee_8825,26,QA,41818,4,Hyderabad,501816,4181.8,45999.8,Junior
employee_8826,43,QA,63892,15,Bangalore,766704,6389.200000000001,70281.2,Senior
employee_8827,60,Finance,49488,0,Delhi,593856,4948.8,54436.8,Fresher
employee_8828,22,HR,62952,14,Delhi,755424,6295.200000000001,69247.2,Senior
employee_8829,35,IT,108904,12,Chennai,1306848,10890.400000000001,119794.4,Senior
employee_8830,43,IT,119564,0,Delhi,1434768,11956.400000000001,131520.4,Fresher
employee_8831,42,Data,38223,5,Delhi,458676,3822.3,42045.3,Junior
employee_8832,29,Finance,86457,4,Chennai,1037484,8645.7,95102.7,Junior
employee_8833,60,Data,55261,10,Pune,663132,5526.1,60787.1,Mid-level
employee_8834,50,IT,84966,3,Delhi,1019592,8496.6,93462.6,Junior
employee_8835,36,QA,100520,0,Mumbai,1206240,10052.0,110572.0,Fresher
employee_8836,50,HR,93334,11,Bangalore,1120008,9333.4,102667.4,Senior
employee_8837,29,Finance,32603,13,Delhi,391236,3260.3,35863.3,Senior
employee_8838,21,QA,102240,6,Chennai,1226880,10224.0,112464.0,Mid-level
employee_8839,58,HR,59261,14,Mumbai,711132,5926.1,65187.1,Senior
employee_8840,28,Finance,40707,3,Bangalore,488484,4070.7000000000003,44777.7,Junior
employee_8841,38,Finance,43009,2,Pune,516108,4300.900000000001,47309.9,Fresher
employee_8842,47,IT,84763,13,Delhi,1017156,8476.300000000001,93239.3,Senior
employee_8843,38,QA,77169,15,Chennai,926028,7716.900000000001,84885.9,Senior
employee_8844,52,Finance,43231,6,Pune,518772,4323.1,47554.1,Mid-level
employee_8845,52,Sales,28246,1,Delhi,338952,2824.6000000000004,31070.6,Fresher
employee_8846,56,Finance,83882,9,Pune,1006584,8388.2,92270.2,Mid-level
employee_8847,56,HR,54825,0,Chennai,657900,5482.5,60307.5,Fresher
employee_8848,41,IT,40925,10,Mumbai,491100,4092.5,45017.5,Mid-level
employee_8849,52,Data,26316,3,Mumbai,315792,2631.6000000000004,28947.6,Junior
employee_8850,51,IT,84063,12,Pune,1008756,8406.300000000001,92469.3,Senior
employee_8851,57,Data,108870,7,Pune,1306440,10887.0,119757.0,Mid-level
employee_8852,36,QA,27026,12,Delhi,324312,2702.6000000000004,29728.6,Senior
employee_8853,34,QA,92083,5,Hyderabad,1104996,9208.300000000001,101291.3,Junior
employee_8854,44,Finance,40289,8,Bangalore,483468,4028.9,44317.9,Mid-level
employee_8855,45,Sales,73886,0,Delhi,886632,7388.6,81274.6,Fresher
employee_8856,55,QA,90020,0,Pune,1080240,9002.0,99022.0,Fresher
employee_8857,37,Finance,64279,10,Pune,771348,6427.900000000001,70706.9,Mid-level
employee_8858,24,IT,112705,4,Bangalore,1352460,11270.5,123975.5,Junior
employee_8859,31,QA,110643,5,Chennai,1327716,11064.300000000001,121707.3,Junior
employee_8860,35,IT,52279,7,Mumbai,627348,5227.900000000001,57506.9,Mid-level
employee_8861,50,IT,43356,2,Chennai,520272,4335.6,47691.6,Fresher
employee_8862,44,Sales,87535,5,Bangalore,1050420,8753.5,96288.5,Junior
employee_8863,22,QA,90200,2,Bangalore,1082400,9020.0,99220.0,Fresher
employee_8864,54,IT,55043,15,Hyderabad,660516,5504.3,60547.3,Senior
employee_8865,43,Sales,37795,7,Delhi,453540,3779.5,41574.5,Mid-level
employee_8866,51,Sales,107536,11,Delhi,1290432,10753.6,118289.6,Senior
employee_8867,57,QA,111435,10,Delhi,1337220,11143.5,122578.5,Mid-level
employee_8868,33,Sales,112111,10,Delhi,1345332,11211.1,123322.1,Mid-level
employee_8869,53,QA,86513,15,Hyderabad,1038156,8651.300000000001,95164.3,Senior
employee_8870,27,QA,47158,3,Mumbai,565896,4715.8,51873.8,Junior
employee_8871,52,Data,73630,1,Delhi,883560,7363.0,80993.0,Fresher
employee_8872,27,IT,44005,11,Pune,528060,4400.5,48405.5,Senior
employee_8873,58,HR,109013,8,Bangalore,1308156,10901.300000000001,119914.3,Mid-level
employee_8874,33,QA,110096,14,Hyderabad,1321152,11009.6,121105.6,Senior
employee_8875,44,IT,116244,9,Chennai,1394928,11624.400000000001,127868.4,Mid-level
employee_8876,48,Sales,65252,14,Delhi,783024,6525.200000000001,71777.2,Senior
employee_8877,52,Finance,70176,15,Hyderabad,842112,7017.6,77193.6,Senior
employee_8878,38,QA,110490,12,Chennai,1325880,11049.0,121539.0,Senior
employee_8879,54,Sales,109066,7,Hyderabad,1308792,10906.6,119972.6,Mid-level
employee_8880,54,Sales,25705,14,Chennai,308460,2570.5,28275.5,Senior
employee_8881,58,Sales,76510,5,Hyderabad,918120,7651.0,84161.0,Junior
employee_8882,21,Sales,71293,2,Hyderabad,855516,7129.3,78422.3,Fresher
employee_8883,51,Sales,117582,1,Delhi,1410984,11758.2,129340.2,Fresher
employee_8884,21,QA,69420,12,Mumbai,833040,6942.0,76362.0,Senior
employee_8885,36,HR,45152,3,Pune,541824,4515.2,49667.2,Junior
employee_8886,59,Data,84278,3,Bangalore,1011336,8427.800000000001,92705.8,Junior
employee_8887,35,Sales,80130,0,Pune,961560,8013.0,88143.0,Fresher
employee_8888,53,Sales,92855,14,Mumbai,1114260,9285.5,102140.5,Senior
employee_8889,43,Data,85216,8,Delhi,1022592,8521.6,93737.6,Mid-level
employee_8890,54,QA,98699,15,Chennai,1184388,9869.900000000001,108568.9,Senior
employee_8891,37,IT,112141,9,Pune,1345692,11214.1,123355.1,Mid-level
employee_8892,45,Finance,25209,7,Bangalore,302508,2520.9,27729.9,Mid-level
employee_8893,26,Finance,29834,6,Delhi,358008,2983.4,32817.4,Mid-level
employee_8894,51,IT,56512,5,Bangalore,678144,5651.200000000001,62163.2,Junior
employee_8895,25,QA,87485,2,Chennai,1049820,8748.5,96233.5,Fresher
employee_8896,60,Finance,76959,3,Bangalore,923508,7695.900000000001,84654.9,Junior
employee_8897,60,Data,102982,15,Mumbai,1235784,10298.2,113280.2,Senior
employee_8898,50,IT,94498,1,Pune,1133976,9449.800000000001,103947.8,Fresher
employee_8899,25,HR,38028,6,Bangalore,456336,3802.8,41830.8,Mid-level
employee_8900,32,QA,76542,1,Pune,918504,7654.200000000001,84196.2,Fresher
employee_8901,27,IT,46903,13,Hyderabad,562836,4690.3,51593.3,Senior
employee_8902,33,Finance,36717,14,Pune,440604,3671.7000000000003,40388.7,Senior
employee_8903,24,QA,55545,9,Chennai,666540,5554.5,61099.5,Mid-level
employee_8904,23,Data,60212,0,Mumbai,722544,6021.200000000001,66233.2,Fresher
employee_8905,32,QA,66100,5,Delhi,793200,6610.0,72710.0,Junior
employee_8906,21,QA,82635,3,Bangalore,991620,8263.5,90898.5,Junior
employee_8907,47,Data,77016,14,Delhi,924192,7701.6,84717.6,Senior
employee_8908,33,Sales,60375,7,Mumbai,724500,6037.5,66412.5,Mid-level
employee_8909,37,Data,45320,0,Pune,543840,4532.0,49852.0,Fresher
employee_8910,28,QA,44301,8,Bangalore,531612,4430.1,48731.1,Mid-level
employee_8911,52,Data,76370,5,Mumbai,916440,7637.0,84007.0,Junior
employee_8912,40,Sales,108717,15,Chennai,1304604,10871.7,119588.7,Senior
employee_8913,37,IT,34168,13,Hyderabad,410016,3416.8,37584.8,Senior
employee_8914,54,Data,93109,1,Hyderabad,1117308,9310.9,102419.9,Fresher
employee_8915,55,Data,43973,7,Chennai,527676,4397.3,48370.3,Mid-level
employee_8916,55,QA,61051,4,Delhi,732612,6105.1,67156.1,Junior
employee_8917,58,IT,67759,4,Hyderabad,813108,6775.900000000001,74534.9,Junior
employee_8918,44,HR,111337,4,Chennai,1336044,11133.7,122470.7,Junior
employee_8919,38,HR,119180,6,Pune,1430160,11918.0,131098.0,Mid-level
employee_8920,59,Finance,118059,6,Delhi,1416708,11805.900000000001,129864.9,Mid-level
employee_8921,53,Data,109343,9,Delhi,1312116,10934.300000000001,120277.3,Mid-level
employee_8922,43,Data,92426,10,Chennai,1109112,9242.6,101668.6,Mid-level
employee_8923,45,IT,44951,6,Hyderabad,539412,4495.1,49446.1,Mid-level
employee_8924,57,Sales,95911,11,Pune,1150932,9591.1,105502.1,Senior
employee_8925,47,HR,56305,9,Delhi,675660,5630.5,61935.5,Mid-level
employee_8926,21,Finance,106115,1,Chennai,1273380,10611.5,116726.5,Fresher
employee_8927,41,IT,100406,7,Chennai,1204872,10040.6,110446.6,Mid-level
employee_8928,30,Data,109067,0,Delhi,1308804,10906.7,119973.7,Fresher
employee_8929,51,HR,34109,15,Delhi,409308,3410.9,37519.9,Senior
employee_8930,45,Finance,51842,12,Pune,622104,5184.200000000001,57026.2,Senior
employee_8931,40,QA,35716,13,Delhi,428592,3571.6000000000004,39287.6,Senior
employee_8932,22,HR,108726,1,Bangalore,1304712,10872.6,119598.6,Fresher
employee_8933,35,Finance,73585,10,Hyderabad,883020,7358.5,80943.5,Mid-level
employee_8934,48,IT,115740,6,Delhi,1388880,11574.0,127314.0,Mid-level
employee_8935,33,QA,71408,3,Bangalore,856896,7140.8,78548.8,Junior
employee_8936,34,Finance,61530,10,Pune,738360,6153.0,67683.0,Mid-level
employee_8937,22,Finance,116920,9,Pune,1403040,11692.0,128612.0,Mid-level
employee_8938,54,Data,90385,9,Mumbai,1084620,9038.5,99423.5,Mid-level
employee_8939,55,Sales,84730,8,Mumbai,1016760,8473.0,93203.0,Mid-level
employee_8940,57,HR,100623,10,Pune,1207476,10062.300000000001,110685.3,Mid-level
employee_8941,45,Data,102658,8,Mumbai,1231896,10265.800000000001,112923.8,Mid-level
employee_8942,35,QA,55898,13,Chennai,670776,5589.8,61487.8,Senior
employee_8943,32,Sales,88908,2,Bangalore,1066896,8890.800000000001,97798.8,Fresher
employee_8944,29,Finance,106377,12,Pune,1276524,10637.7,117014.7,Senior
employee_8945,51,Data,116118,13,Chennai,1393416,11611.800000000001,127729.8,Senior
employee_8946,34,Sales,82392,12,Hyderabad,988704,8239.2,90631.2,Senior
employee_8947,49,HR,100578,2,Hyderabad,1206936,10057.800000000001,110635.8,Fresher
employee_8948,58,QA,51505,8,Mumbai,618060,5150.5,56655.5,Mid-level
employee_8949,28,IT,113830,12,Mumbai,1365960,11383.0,125213.0,Senior
employee_8950,23,Data,31173,9,Chennai,374076,3117.3,34290.3,Mid-level
employee_8951,22,QA,109052,14,Hyderabad,1308624,10905.2,119957.2,Senior
employee_8952,36,IT,31932,11,Delhi,383184,3193.2000000000003,35125.2,Senior
employee_8953,39,Data,108445,7,Pune,1301340,10844.5,119289.5,Mid-level
employee_8954,50,QA,55241,0,Delhi,662892,5524.1,60765.1,Fresher
employee_8955,36,QA,41712,5,Bangalore,500544,4171.2,45883.2,Junior
employee_8956,51,Sales,93193,6,Mumbai,1118316,9319.300000000001,102512.3,Mid-level
employee_8957,48,Data,54105,13,Chennai,649260,5410.5,59515.5,Senior
employee_8958,24,QA,55382,10,Delhi,664584,5538.200000000001,60920.2,Mid-level
employee_8959,30,Finance,112892,13,Mumbai,1354704,11289.2,124181.2,Senior
employee_8960,38,Data,79520,7,Chennai,954240,7952.0,87472.0,Mid-level
employee_8961,52,QA,44589,11,Hyderabad,535068,4458.900000000001,49047.9,Senior
employee_8962,50,Sales,64601,11,Mumbai,775212,6460.1,71061.1,Senior
employee_8963,56,IT,114452,1,Delhi,1373424,11445.2,125897.2,Fresher
employee_8964,29,IT,65675,13,Chennai,788100,6567.5,72242.5,Senior
employee_8965,56,Finance,59366,0,Chennai,712392,5936.6,65302.6,Fresher
employee_8966,49,Data,28851,3,Delhi,346212,2885.1000000000004,31736.1,Junior
employee_8967,36,Sales,117584,0,Mumbai,1411008,11758.400000000001,129342.4,Fresher
employee_8968,48,QA,32582,1,Bangalore,390984,3258.2000000000003,35840.2,Fresher
employee_8969,41,QA,65591,2,Pune,787092,6559.1,72150.1,Fresher
employee_8970,22,IT,95143,3,Hyderabad,1141716,9514.300000000001,104657.3,Junior
employee_8971,55,Sales,30507,15,Delhi,366084,3050.7000000000003,33557.7,Senior
employee_8972,48,Finance,30934,15,Delhi,371208,3093.4,34027.4,Senior
employee_8973,56,IT,66971,11,Mumbai,803652,6697.1,73668.1,Senior
employee_8974,51,IT,112488,11,Mumbai,1349856,11248.800000000001,123736.8,Senior
employee_8975,53,Finance,29659,5,Bangalore,355908,2965.9,32624.9,Junior
employee_8976,43,Data,29398,15,Hyderabad,352776,2939.8,32337.8,Senior
employee_8977,37,QA,31242,7,Mumbai,374904,3124.2000000000003,34366.2,Mid-level
employee_8978,21,Data,53620,8,Bangalore,643440,5362.0,58982.0,Mid-level
employee_8979,43,Sales,116441,14,Delhi,1397292,11644.1,128085.1,Senior
employee_8980,47,HR,35796,3,Pune,429552,3579.6000000000004,39375.6,Junior
employee_8981,45,HR,72145,0,Chennai,865740,7214.5,79359.5,Fresher
employee_8982,52,HR,72543,13,Pune,870516,7254.3,79797.3,Senior
employee_8983,39,Finance,88814,4,Pune,1065768,8881.4,97695.4,Junior
employee_8984,44,IT,76175,15,Pune,914100,7617.5,83792.5,Senior
employee_8985,23,Data,62275,4,Pune,747300,6227.5,68502.5,Junior
employee_8986,32,QA,38937,8,Chennai,467244,3893.7000000000003,42830.7,Mid-level
employee_8987,55,HR,44569,5,Delhi,534828,4456.900000000001,49025.9,Junior
employee_8988,35,Data,86947,4,Hyderabad,1043364,8694.7,95641.7,Junior
employee_8989,37,HR,37343,9,Hyderabad,448116,3734.3,41077.3,Mid-level
employee_8990,52,HR,81875,9,Delhi,982500,8187.5,90062.5,Mid-level
employee_8991,27,QA,71803,4,Bangalore,861636,7180.3,78983.3,Junior
employee_8992,39,Sales,89863,7,Bangalore,1078356,8986.300000000001,98849.3,Mid-level
employee_8993,27,Sales,89840,10,Mumbai,1078080,8984.0,98824.0,Mid-level
employee_8994,25,Sales,84937,0,Pune,1019244,8493.7,93430.7,Fresher
employee_8995,60,Finance,102069,4,Pune,1224828,10206.900000000001,112275.9,Junior
employee_8996,41,IT,74347,0,Chennai,892164,7434.700000000001,81781.7,Fresher
employee_8997,27,Finance,56132,14,Pune,673584,5613.200000000001,61745.2,Senior
employee_8998,57,Data,56356,6,Chennai,676272,5635.6,61991.6,Mid-level
employee_8999,43,Finance,40438,13,Mumbai,485256,4043.8,44481.8,Senior
employee_9000,31,Data,51366,14,Bangalore,616392,5136.6,56502.6,Senior
employee_9001,30,Data,104504,6,Bangalore,1254048,10450.400000000001,114954.4,Mid-level
employee_9002,41,IT,42490,12,Mumbai,509880,4249.0,46739.0,Senior
employee_9003,53,QA,44173,9,Mumbai,530076,4417.3,48590.3,Mid-level
employee_9004,40,IT,35376,7,Delhi,424512,3537.6000000000004,38913.6,Mid-level
employee_9005,53,Sales,115650,13,Pune,1387800,11565.0,127215.0,Senior
employee_9006,60,Sales,111704,6,Bangalore,1340448,11170.400000000001,122874.4,Mid-level
employee_9007,55,Finance,91254,10,Hyderabad,1095048,9125.4,100379.4,Mid-level
employee_9008,54,Data,61763,8,Mumbai,741156,6176.3,67939.3,Mid-level
employee_9009,56,HR,90841,7,Bangalore,1090092,9084.1,99925.1,Mid-level
employee_9010,47,HR,112350,15,Bangalore,1348200,11235.0,123585.0,Senior
employee_9011,39,Data,66347,7,Chennai,796164,6634.700000000001,72981.7,Mid-level
employee_9012,25,IT,66684,2,Bangalore,800208,6668.400000000001,73352.4,Fresher
employee_9013,49,QA,55711,14,Mumbai,668532,5571.1,61282.1,Senior
employee_9014,30,IT,39177,9,Pune,470124,3917.7000000000003,43094.7,Mid-level
employee_9015,60,Data,70970,14,Bangalore,851640,7097.0,78067.0,Senior
employee_9016,33,Data,49570,15,Hyderabad,594840,4957.0,54527.0,Senior
employee_9017,49,QA,60364,3,Mumbai,724368,6036.400000000001,66400.4,Junior
employee_9018,25,Finance,72609,3,Pune,871308,7260.900000000001,79869.9,Junior
employee_9019,32,Finance,43819,0,Delhi,525828,4381.900000000001,48200.9,Fresher
employee_9020,33,QA,82522,5,Pune,990264,8252.2,90774.2,Junior
employee_9021,42,Finance,56391,1,Mumbai,676692,5639.1,62030.1,Fresher
employee_9022,60,HR,40788,14,Delhi,489456,4078.8,44866.8,Senior
employee_9023,35,Finance,76055,8,Pune,912660,7605.5,83660.5,Mid-level
employee_9024,33,Finance,100432,13,Hyderabad,1205184,10043.2,110475.2,Senior
employee_9025,21,Finance,111095,0,Bangalore,1333140,11109.5,122204.5,Fresher
employee_9026,58,HR,48565,0,Mumbai,582780,4856.5,53421.5,Fresher
employee_9027,21,Finance,111462,10,Bangalore,1337544,11146.2,122608.2,Mid-level
employee_9028,31,Sales,87205,12,Bangalore,1046460,8720.5,95925.5,Senior
employee_9029,60,HR,38376,9,Pune,460512,3837.6000000000004,42213.6,Mid-level
employee_9030,42,QA,46875,10,Mumbai,562500,4687.5,51562.5,Mid-level
employee_9031,55,IT,72606,5,Bangalore,871272,7260.6,79866.6,Junior
employee_9032,26,QA,103393,12,Chennai,1240716,10339.300000000001,113732.3,Senior
employee_9033,48,IT,87996,0,Hyderabad,1055952,8799.6,96795.6,Fresher
employee_9034,51,QA,26283,11,Delhi,315396,2628.3,28911.3,Senior
employee_9035,28,Sales,105456,14,Pune,1265472,10545.6,116001.6,Senior
employee_9036,25,IT,90783,2,Mumbai,1089396,9078.300000000001,99861.3,Fresher
employee_9037,37,IT,97178,15,Mumbai,1166136,9717.800000000001,106895.8,Senior
employee_9038,58,Data,88533,9,Pune,1062396,8853.300000000001,97386.3,Mid-level
employee_9039,29,IT,42365,1,Bangalore,508380,4236.5,46601.5,Fresher
employee_9040,30,IT,42949,12,Pune,515388,4294.900000000001,47243.9,Senior
employee_9041,40,Data,58503,10,Mumbai,702036,5850.3,64353.3,Mid-level
employee_9042,34,Finance,101387,8,Chennai,1216644,10138.7,111525.7,Mid-level
employee_9043,34,Finance,104942,15,Bangalore,1259304,10494.2,115436.2,Senior
employee_9044,46,Data,39928,4,Delhi,479136,3992.8,43920.8,Junior
employee_9045,49,HR,41832,5,Pune,501984,4183.2,46015.2,Junior
employee_9046,47,IT,32534,1,Mumbai,390408,3253.4,35787.4,Fresher
employee_9047,45,IT,26835,7,Delhi,322020,2683.5,29518.5,Mid-level
employee_9048,36,Data,95251,5,Mumbai,1143012,9525.1,104776.1,Junior
employee_9049,56,Data,58381,15,Mumbai,700572,5838.1,64219.1,Senior
employee_9050,54,HR,113154,10,Chennai,1357848,11315.400000000001,124469.4,Mid-level
employee_9051,36,Sales,79780,11,Bangalore,957360,7978.0,87758.0,Senior
employee_9052,53,Finance,91412,7,Pune,1096944,9141.2,100553.2,Mid-level
employee_9053,23,QA,34325,7,Bangalore,411900,3432.5,37757.5,Mid-level
employee_9054,43,Sales,54446,13,Mumbai,653352,5444.6,59890.6,Senior
employee_9055,31,Finance,92166,14,Chennai,1105992,9216.6,101382.6,Senior
employee_9056,38,IT,85662,0,Delhi,1027944,8566.2,94228.2,Fresher
employee_9057,49,Sales,105249,6,Chennai,1262988,10524.900000000001,115773.9,Mid-level
employee_9058,25,Data,81525,1,Mumbai,978300,8152.5,89677.5,Fresher
employee_9059,44,HR,35584,14,Bangalore,427008,3558.4,39142.4,Senior
employee_9060,49,Finance,28901,10,Delhi,346812,2890.1000000000004,31791.1,Mid-level
employee_9061,49,HR,81203,7,Bangalore,974436,8120.3,89323.3,Mid-level
employee_9062,46,Finance,106986,11,Chennai,1283832,10698.6,117684.6,Senior
employee_9063,60,Sales,118146,1,Delhi,1417752,11814.6,129960.6,Fresher
employee_9064,23,IT,112597,3,Hyderabad,1351164,11259.7,123856.7,Junior
employee_9065,22,QA,105850,1,Chennai,1270200,10585.0,116435.0,Fresher
employee_9066,45,HR,27090,12,Delhi,325080,2709.0,29799.0,Senior
employee_9067,39,HR,51852,6,Chennai,622224,5185.200000000001,57037.2,Mid-level
employee_9068,60,QA,47454,4,Pune,569448,4745.400000000001,52199.4,Junior
employee_9069,22,HR,80084,12,Chennai,961008,8008.400000000001,88092.4,Senior
employee_9070,39,HR,102243,10,Hyderabad,1226916,10224.300000000001,112467.3,Mid-level
employee_9071,21,Finance,83566,15,Delhi,1002792,8356.6,91922.6,Senior
employee_9072,47,Finance,84888,12,Delhi,1018656,8488.800000000001,93376.8,Senior
employee_9073,55,QA,58823,10,Chennai,705876,5882.3,64705.3,Mid-level
employee_9074,25,IT,57007,8,Bangalore,684084,5700.700000000001,62707.7,Mid-level
employee_9075,58,Sales,39141,4,Pune,469692,3914.1000000000004,43055.1,Junior
employee_9076,24,Sales,37746,10,Pune,452952,3774.6000000000004,41520.6,Mid-level
employee_9077,37,HR,28347,7,Chennai,340164,2834.7000000000003,31181.7,Mid-level
employee_9078,41,IT,34361,1,Pune,412332,3436.1000000000004,37797.1,Fresher
employee_9079,51,QA,29101,2,Pune,349212,2910.1000000000004,32011.1,Fresher
employee_9080,42,QA,73095,5,Chennai,877140,7309.5,80404.5,Junior
employee_9081,31,Finance,66453,10,Hyderabad,797436,6645.3,73098.3,Mid-level
employee_9082,54,HR,57668,6,Delhi,692016,5766.8,63434.8,Mid-level
employee_9083,35,Data,42747,13,Chennai,512964,4274.7,47021.7,Senior
employee_9084,30,QA,40009,9,Bangalore,480108,4000.9,44009.9,Mid-level
employee_9085,58,HR,114187,7,Mumbai,1370244,11418.7,125605.7,Mid-level
employee_9086,52,IT,26056,14,Hyderabad,312672,2605.6000000000004,28661.6,Senior
employee_9087,51,Finance,57910,2,Chennai,694920,5791.0,63701.0,Fresher
employee_9088,57,Sales,102043,6,Hyderabad,1224516,10204.300000000001,112247.3,Mid-level
employee_9089,48,IT,46215,7,Mumbai,554580,4621.5,50836.5,Mid-level
employee_9090,51,QA,117885,9,Pune,1414620,11788.5,129673.5,Mid-level
employee_9091,26,QA,81951,14,Pune,983412,8195.1,90146.1,Senior
employee_9092,34,IT,55375,5,Mumbai,664500,5537.5,60912.5,Junior
employee_9093,43,QA,35076,3,Pune,420912,3507.6000000000004,38583.6,Junior
employee_9094,36,HR,60249,12,Hyderabad,722988,6024.900000000001,66273.9,Senior
employee_9095,45,QA,100618,5,Pune,1207416,10061.800000000001,110679.8,Junior
employee_9096,59,Finance,65664,15,Mumbai,787968,6566.400000000001,72230.4,Senior
employee_9097,22,HR,110045,8,Mumbai,1320540,11004.5,121049.5,Mid-level
employee_9098,58,Data,83285,2,Delhi,999420,8328.5,91613.5,Fresher
employee_9099,59,QA,83959,14,Mumbai,1007508,8395.9,92354.9,Senior
employee_9100,54,QA,97586,1,Bangalore,1171032,9758.6,107344.6,Fresher
employee_9101,60,Finance,63779,4,Hyderabad,765348,6377.900000000001,70156.9,Junior
employee_9102,45,Finance,84312,15,Mumbai,1011744,8431.2,92743.2,Senior
employee_9103,56,Sales,73098,6,Delhi,877176,7309.8,80407.8,Mid-level
employee_9104,36,IT,36414,2,Hyderabad,436968,3641.4,40055.4,Fresher
employee_9105,38,IT,61918,4,Delhi,743016,6191.8,68109.8,Junior
employee_9106,33,IT,40876,3,Bangalore,490512,4087.6000000000004,44963.6,Junior
employee_9107,57,Finance,97540,10,Hyderabad,1170480,9754.0,107294.0,Mid-level
employee_9108,47,IT,34198,6,Chennai,410376,3419.8,37617.8,Mid-level
employee_9109,54,IT,118302,1,Bangalore,1419624,11830.2,130132.2,Fresher
employee_9110,31,Data,62429,11,Bangalore,749148,6242.900000000001,68671.9,Senior
employee_9111,21,IT,92333,10,Pune,1107996,9233.300000000001,101566.3,Mid-level
employee_9112,33,QA,103701,12,Mumbai,1244412,10370.1,114071.1,Senior
employee_9113,50,Sales,109791,6,Bangalore,1317492,10979.1,120770.1,Mid-level
employee_9114,25,Finance,95148,11,Hyderabad,1141776,9514.800000000001,104662.8,Senior
employee_9115,38,HR,77909,1,Chennai,934908,7790.900000000001,85699.9,Fresher
employee_9116,34,Sales,76184,2,Hyderabad,914208,7618.400000000001,83802.4,Fresher
employee_9117,33,Data,85554,4,Hyderabad,1026648,8555.4,94109.4,Junior
employee_9118,52,Finance,115816,6,Chennai,1389792,11581.6,127397.6,Mid-level
employee_9119,27,Finance,56528,12,Delhi,678336,5652.8,62180.8,Senior
employee_9120,28,QA,35283,15,Pune,423396,3528.3,38811.3,Senior
employee_9121,27,Sales,29953,5,Mumbai,359436,2995.3,32948.3,Junior
employee_9122,36,Sales,111234,11,Bangalore,1334808,11123.400000000001,122357.4,Senior
employee_9123,51,IT,78815,6,Mumbai,945780,7881.5,86696.5,Mid-level
employee_9124,47,QA,84121,10,Pune,1009452,8412.1,92533.1,Mid-level
employee_9125,53,IT,64819,5,Delhi,777828,6481.900000000001,71300.9,Junior
employee_9126,49,IT,47016,12,Chennai,564192,4701.6,51717.6,Senior
employee_9127,28,Finance,38248,11,Mumbai,458976,3824.8,42072.8,Senior
employee_9128,53,Sales,42276,0,Hyderabad,507312,4227.6,46503.6,Fresher
employee_9129,39,IT,42355,14,Bangalore,508260,4235.5,46590.5,Senior
employee_9130,41,Data,107022,4,Bangalore,1284264,10702.2,117724.2,Junior
employee_9131,41,Data,105675,11,Delhi,1268100,10567.5,116242.5,Senior
employee_9132,45,Sales,73276,0,Pune,879312,7327.6,80603.6,Fresher
employee_9133,43,Data,83451,6,Pune,1001412,8345.1,91796.1,Mid-level
employee_9134,31,Finance,46529,3,Chennai,558348,4652.900000000001,51181.9,Junior
employee_9135,53,QA,61014,4,Pune,732168,6101.400000000001,67115.4,Junior
employee_9136,40,HR,45096,0,Mumbai,541152,4509.6,49605.6,Fresher
employee_9137,45,IT,71733,7,Bangalore,860796,7173.3,78906.3,Mid-level
employee_9138,46,HR,28417,14,Chennai,341004,2841.7000000000003,31258.7,Senior
employee_9139,60,QA,96981,3,Pune,1163772,9698.1,106679.1,Junior
employee_9140,32,QA,95953,2,Hyderabad,1151436,9595.300000000001,105548.3,Fresher
employee_9141,52,Finance,40494,0,Bangalore,485928,4049.4,44543.4,Fresher
employee_9142,53,Data,38302,3,Chennai,459624,3830.2000000000003,42132.2,Junior
employee_9143,30,Data,80669,2,Bangalore,968028,8066.900000000001,88735.9,Fresher
employee_9144,24,QA,61427,7,Mumbai,737124,6142.700000000001,67569.7,Mid-level
employee_9145,35,Finance,87270,8,Delhi,1047240,8727.0,95997.0,Mid-level
employee_9146,26,Finance,83263,11,Pune,999156,8326.300000000001,91589.3,Senior
employee_9147,47,Sales,65274,4,Delhi,783288,6527.400000000001,71801.4,Junior
employee_9148,25,IT,53803,8,Pune,645636,5380.3,59183.3,Mid-level
employee_9149,25,Data,54164,0,Pune,649968,5416.400000000001,59580.4,Fresher
employee_9150,38,QA,63441,6,Hyderabad,761292,6344.1,69785.1,Mid-level
employee_9151,48,Sales,88327,10,Mumbai,1059924,8832.7,97159.7,Mid-level
employee_9152,55,HR,101925,13,Hyderabad,1223100,10192.5,112117.5,Senior
employee_9153,42,Data,76035,6,Mumbai,912420,7603.5,83638.5,Mid-level
employee_9154,54,IT,38490,5,Mumbai,461880,3849.0,42339.0,Junior
employee_9155,24,Finance,31044,3,Mumbai,372528,3104.4,34148.4,Junior
employee_9156,38,QA,66769,12,Pune,801228,6676.900000000001,73445.9,Senior
employee_9157,46,Data,52509,10,Pune,630108,5250.900000000001,57759.9,Mid-level
employee_9158,42,HR,52844,8,Pune,634128,5284.400000000001,58128.4,Mid-level
employee_9159,53,IT,87212,13,Hyderabad,1046544,8721.2,95933.2,Senior
employee_9160,34,IT,46604,2,Chennai,559248,4660.400000000001,51264.4,Fresher
employee_9161,51,Sales,52560,10,Delhi,630720,5256.0,57816.0,Mid-level
employee_9162,30,Data,91108,14,Mumbai,1093296,9110.800000000001,100218.8,Senior
employee_9163,44,HR,26206,10,Hyderabad,314472,2620.6000000000004,28826.6,Mid-level
employee_9164,41,IT,103632,0,Pune,1243584,10363.2,113995.2,Fresher
employee_9165,28,QA,54550,14,Delhi,654600,5455.0,60005.0,Senior
employee_9166,52,IT,77232,1,Pune,926784,7723.200000000001,84955.2,Fresher
employee_9167,51,HR,60228,2,Chennai,722736,6022.8,66250.8,Fresher
employee_9168,54,Finance,110925,1,Pune,1331100,11092.5,122017.5,Fresher
employee_9169,43,Finance,62693,5,Mumbai,752316,6269.3,68962.3,Junior
employee_9170,45,Sales,109533,12,Bangalore,1314396,10953.300000000001,120486.3,Senior
employee_9171,27,Data,112165,14,Delhi,1345980,11216.5,123381.5,Senior
employee_9172,39,HR,59337,13,Pune,712044,5933.700000000001,65270.7,Senior
employee_9173,27,Sales,42060,6,Chennai,504720,4206.0,46266.0,Mid-level
employee_9174,28,IT,67793,4,Delhi,813516,6779.3,74572.3,Junior
employee_9175,34,IT,105141,4,Bangalore,1261692,10514.1,115655.1,Junior
employee_9176,21,Finance,60281,6,Delhi,723372,6028.1,66309.1,Mid-level
employee_9177,33,Sales,66760,5,Mumbai,801120,6676.0,73436.0,Junior
employee_9178,23,Finance,99869,11,Mumbai,1198428,9986.900000000001,109855.9,Senior
employee_9179,48,QA,73993,7,Mumbai,887916,7399.3,81392.3,Mid-level
employee_9180,58,Finance,104459,8,Chennai,1253508,10445.900000000001,114904.9,Mid-level
employee_9181,35,QA,59799,1,Bangalore,717588,5979.900000000001,65778.9,Fresher
employee_9182,56,IT,75660,11,Mumbai,907920,7566.0,83226.0,Senior
employee_9183,23,Sales,94865,1,Pune,1138380,9486.5,104351.5,Fresher
employee_9184,24,QA,30322,14,Bangalore,363864,3032.2000000000003,33354.2,Senior
employee_9185,25,Sales,64875,0,Mumbai,778500,6487.5,71362.5,Fresher
employee_9186,46,Sales,63438,6,Bangalore,761256,6343.8,69781.8,Mid-level
employee_9187,45,QA,70149,10,Delhi,841788,7014.900000000001,77163.9,Mid-level
employee_9188,30,Data,104369,14,Pune,1252428,10436.900000000001,114805.9,Senior
employee_9189,28,Finance,43134,13,Hyderabad,517608,4313.400000000001,47447.4,Senior
employee_9190,32,QA,32575,3,Mumbai,390900,3257.5,35832.5,Junior
employee_9191,23,IT,101899,14,Pune,1222788,10189.900000000001,112088.9,Senior
employee_9192,47,Sales,113307,8,Chennai,1359684,11330.7,124637.7,Mid-level
employee_9193,43,HR,119265,5,Delhi,1431180,11926.5,131191.5,Junior
employee_9194,60,QA,60780,11,Mumbai,729360,6078.0,66858.0,Senior
employee_9195,53,Finance,44812,6,Hyderabad,537744,4481.2,49293.2,Mid-level
employee_9196,34,Sales,69522,12,Delhi,834264,6952.200000000001,76474.2,Senior
employee_9197,43,Data,113383,6,Pune,1360596,11338.300000000001,124721.3,Mid-level
employee_9198,51,IT,95674,7,Delhi,1148088,9567.4,105241.4,Mid-level
employee_9199,33,Data,49932,3,Pune,599184,4993.200000000001,54925.2,Junior
employee_9200,32,HR,112175,2,Bangalore,1346100,11217.5,123392.5,Fresher
employee_9201,55,QA,73966,2,Mumbai,887592,7396.6,81362.6,Fresher
employee_9202,38,Sales,70580,9,Hyderabad,846960,7058.0,77638.0,Mid-level
employee_9203,41,QA,81699,7,Chennai,980388,8169.900000000001,89868.9,Mid-level
employee_9204,21,Finance,65090,11,Bangalore,781080,6509.0,71599.0,Senior
employee_9205,58,QA,51199,14,Mumbai,614388,5119.900000000001,56318.9,Senior
employee_9206,29,IT,116777,12,Hyderabad,1401324,11677.7,128454.7,Senior
employee_9207,43,HR,98487,14,Bangalore,1181844,9848.7,108335.7,Senior
employee_9208,34,Data,38837,2,Hyderabad,466044,3883.7000000000003,42720.7,Fresher
employee_9209,31,HR,69159,7,Delhi,829908,6915.900000000001,76074.9,Mid-level
employee_9210,27,Sales,37688,1,Hyderabad,452256,3768.8,41456.8,Fresher
employee_9211,51,QA,34787,14,Bangalore,417444,3478.7000000000003,38265.7,Senior
employee_9212,44,Sales,59757,4,Bangalore,717084,5975.700000000001,65732.7,Junior
employee_9213,46,Data,115640,4,Mumbai,1387680,11564.0,127204.0,Junior
employee_9214,50,Sales,93140,6,Bangalore,1117680,9314.0,102454.0,Mid-level
employee_9215,54,Finance,85539,4,Delhi,1026468,8553.9,94092.9,Junior
employee_9216,58,HR,25063,8,Mumbai,300756,2506.3,27569.3,Mid-level
employee_9217,25,Data,102688,2,Hyderabad,1232256,10268.800000000001,112956.8,Fresher
employee_9218,25,Data,109732,8,Bangalore,1316784,10973.2,120705.2,Mid-level
employee_9219,39,Data,68781,0,Mumbai,825372,6878.1,75659.1,Fresher
employee_9220,58,IT,39959,2,Mumbai,479508,3995.9,43954.9,Fresher
employee_9221,48,HR,56280,3,Chennai,675360,5628.0,61908.0,Junior
employee_9222,46,Sales,118460,5,Mumbai,1421520,11846.0,130306.0,Junior
employee_9223,43,Data,69258,9,Mumbai,831096,6925.8,76183.8,Mid-level
employee_9224,50,HR,52467,7,Chennai,629604,5246.700000000001,57713.7,Mid-level
employee_9225,23,Data,41056,6,Pune,492672,4105.6,45161.6,Mid-level
employee_9226,48,Finance,28135,7,Delhi,337620,2813.5,30948.5,Mid-level
employee_9227,53,Finance,42564,5,Bangalore,510768,4256.400000000001,46820.4,Junior
employee_9228,23,Finance,88258,5,Chennai,1059096,8825.800000000001,97083.8,Junior
employee_9229,25,QA,89660,13,Mumbai,1075920,8966.0,98626.0,Senior
employee_9230,39,Data,52462,5,Mumbai,629544,5246.200000000001,57708.2,Junior
employee_9231,21,QA,81682,2,Bangalore,980184,8168.200000000001,89850.2,Fresher
employee_9232,58,HR,27728,13,Delhi,332736,2772.8,30500.8,Senior
employee_9233,29,QA,32631,9,Hyderabad,391572,3263.1000000000004,35894.1,Mid-level
employee_9234,25,HR,35884,14,Chennai,430608,3588.4,39472.4,Senior
employee_9235,54,HR,49974,3,Pune,599688,4997.400000000001,54971.4,Junior
employee_9236,57,HR,61036,10,Bangalore,732432,6103.6,67139.6,Mid-level
employee_9237,53,Sales,109614,5,Bangalore,1315368,10961.400000000001,120575.4,Junior
employee_9238,45,QA,35274,12,Chennai,423288,3527.4,38801.4,Senior
employee_9239,49,Sales,43851,6,Mumbai,526212,4385.1,48236.1,Mid-level
employee_9240,45,Data,86816,2,Mumbai,1041792,8681.6,95497.6,Fresher
employee_9241,29,QA,73526,3,Pune,882312,7352.6,80878.6,Junior
employee_9242,23,Data,78467,5,Chennai,941604,7846.700000000001,86313.7,Junior
employee_9243,35,Data,94495,0,Bangalore,1133940,9449.5,103944.5,Fresher
employee_9244,24,HR,113760,10,Chennai,1365120,11376.0,125136.0,Mid-level
employee_9245,58,QA,104430,14,Hyderabad,1253160,10443.0,114873.0,Senior
employee_9246,40,Data,51965,6,Bangalore,623580,5196.5,57161.5,Mid-level
employee_9247,43,Finance,55558,12,Pune,666696,5555.8,61113.8,Senior
employee_9248,57,Data,84807,14,Pune,1017684,8480.7,93287.7,Senior
employee_9249,28,Finance,77520,10,Bangalore,930240,7752.0,85272.0,Mid-level
employee_9250,57,QA,68945,0,Mumbai,827340,6894.5,75839.5,Fresher
employee_9251,53,Sales,106226,10,Bangalore,1274712,10622.6,116848.6,Mid-level
employee_9252,53,QA,82024,12,Bangalore,984288,8202.4,90226.4,Senior
employee_9253,27,Sales,107667,11,Hyderabad,1292004,10766.7,118433.7,Senior
employee_9254,42,Sales,117965,12,Bangalore,1415580,11796.5,129761.5,Senior
employee_9255,25,QA,42705,11,Delhi,512460,4270.5,46975.5,Senior
employee_9256,35,Data,82079,12,Delhi,984948,8207.9,90286.9,Senior
employee_9257,41,IT,77900,9,Chennai,934800,7790.0,85690.0,Mid-level
employee_9258,45,Data,73710,10,Chennai,884520,7371.0,81081.0,Mid-level
employee_9259,37,Data,112782,15,Pune,1353384,11278.2,124060.2,Senior
employee_9260,27,HR,70110,14,Mumbai,841320,7011.0,77121.0,Senior
employee_9261,39,HR,29789,10,Pune,357468,2978.9,32767.9,Mid-level
employee_9262,27,Data,25533,8,Hyderabad,306396,2553.3,28086.3,Mid-level
employee_9263,60,Finance,75970,9,Bangalore,911640,7597.0,83567.0,Mid-level
employee_9264,44,Sales,53776,8,Pune,645312,5377.6,59153.6,Mid-level
employee_9265,31,HR,73302,10,Bangalore,879624,7330.200000000001,80632.2,Mid-level
employee_9266,21,Data,43725,8,Pune,524700,4372.5,48097.5,Mid-level
employee_9267,52,IT,89367,3,Bangalore,1072404,8936.7,98303.7,Junior
employee_9268,60,Finance,97230,1,Pune,1166760,9723.0,106953.0,Fresher
employee_9269,22,QA,95542,6,Delhi,1146504,9554.2,105096.2,Mid-level
employee_9270,35,Data,117534,12,Delhi,1410408,11753.400000000001,129287.4,Senior
employee_9271,41,Data,67428,3,Delhi,809136,6742.8,74170.8,Junior
employee_9272,44,Sales,114898,13,Chennai,1378776,11489.800000000001,126387.8,Senior
employee_9273,37,Finance,29485,4,Hyderabad,353820,2948.5,32433.5,Junior
employee_9274,29,HR,91771,0,Pune,1101252,9177.1,100948.1,Fresher
employee_9275,55,HR,68674,10,Chennai,824088,6867.400000000001,75541.4,Mid-level
employee_9276,40,HR,114575,11,Mumbai,1374900,11457.5,126032.5,Senior
employee_9277,39,QA,91681,9,Pune,1100172,9168.1,100849.1,Mid-level
employee_9278,38,Finance,48804,12,Bangalore,585648,4880.400000000001,53684.4,Senior
employee_9279,40,Finance,72244,5,Hyderabad,866928,7224.400000000001,79468.4,Junior
employee_9280,50,HR,26475,11,Chennai,317700,2647.5,29122.5,Senior
employee_9281,60,HR,77073,14,Chennai,924876,7707.3,84780.3,Senior
employee_9282,21,Sales,35047,6,Hyderabad,420564,3504.7000000000003,38551.7,Mid-level
employee_9283,44,IT,102692,2,Pune,1232304,10269.2,112961.2,Fresher
employee_9284,44,IT,118491,9,Bangalore,1421892,11849.1,130340.1,Mid-level
employee_9285,39,Data,112599,1,Mumbai,1351188,11259.900000000001,123858.9,Fresher
employee_9286,50,Data,73444,12,Pune,881328,7344.400000000001,80788.4,Senior
employee_9287,46,Finance,81848,11,Hyderabad,982176,8184.8,90032.8,Senior
employee_9288,58,Finance,46799,11,Pune,561588,4679.900000000001,51478.9,Senior
employee_9289,49,QA,111858,15,Pune,1342296,11185.800000000001,123043.8,Senior
employee_9290,33,QA,89856,9,Hyderabad,1078272,8985.6,98841.6,Mid-level
employee_9291,24,IT,105468,6,Hyderabad,1265616,10546.800000000001,116014.8,Mid-level
employee_9292,37,Data,69239,15,Mumbai,830868,6923.900000000001,76162.9,Senior
employee_9293,53,IT,82895,0,Hyderabad,994740,8289.5,91184.5,Fresher
employee_9294,25,IT,65943,1,Hyderabad,791316,6594.3,72537.3,Fresher
employee_9295,48,Data,87559,2,Hyderabad,1050708,8755.9,96314.9,Fresher
employee_9296,44,QA,49003,3,Chennai,588036,4900.3,53903.3,Junior
employee_9297,37,Sales,47501,14,Hyderabad,570012,4750.1,52251.1,Senior
employee_9298,59,Sales,56092,4,Hyderabad,673104,5609.200000000001,61701.2,Junior
employee_9299,60,Sales,105519,15,Hyderabad,1266228,10551.900000000001,116070.9,Senior
employee_9300,31,Data,54768,3,Mumbai,657216,5476.8,60244.8,Junior
employee_9301,32,HR,59604,14,Pune,715248,5960.400000000001,65564.4,Senior
employee_9302,33,HR,112824,9,Hyderabad,1353888,11282.400000000001,124106.4,Mid-level
employee_9303,28,HR,71760,2,Hyderabad,861120,7176.0,78936.0,Fresher
employee_9304,21,Finance,31476,0,Mumbai,377712,3147.6000000000004,34623.6,Fresher
employee_9305,29,QA,100498,14,Pune,1205976,10049.800000000001,110547.8,Senior
employee_9306,48,QA,53439,6,Mumbai,641268,5343.900000000001,58782.9,Mid-level
employee_9307,22,Finance,28400,11,Delhi,340800,2840.0,31240.0,Senior
employee_9308,34,IT,114976,9,Bangalore,1379712,11497.6,126473.6,Mid-level
employee_9309,33,Sales,49610,5,Bangalore,595320,4961.0,54571.0,Junior
employee_9310,22,HR,76356,1,Bangalore,916272,7635.6,83991.6,Fresher
employee_9311,24,Sales,54575,1,Hyderabad,654900,5457.5,60032.5,Fresher
employee_9312,32,HR,44728,2,Mumbai,536736,4472.8,49200.8,Fresher
employee_9313,30,Sales,54067,7,Hyderabad,648804,5406.700000000001,59473.7,Mid-level
employee_9314,23,IT,114839,7,Bangalore,1378068,11483.900000000001,126322.9,Mid-level
employee_9315,24,Sales,70262,9,Pune,843144,7026.200000000001,77288.2,Mid-level
employee_9316,26,Sales,26628,14,Pune,319536,2662.8,29290.8,Senior
employee_9317,43,Data,100057,9,Delhi,1200684,10005.7,110062.7,Mid-level
employee_9318,25,Sales,50380,9,Mumbai,604560,5038.0,55418.0,Mid-level
employee_9319,23,Data,84853,15,Delhi,1018236,8485.300000000001,93338.3,Senior
employee_9320,30,QA,53923,11,Pune,647076,5392.3,59315.3,Senior
employee_9321,39,Finance,59058,9,Bangalore,708696,5905.8,64963.8,Mid-level
employee_9322,34,Sales,81162,10,Delhi,973944,8116.200000000001,89278.2,Mid-level
employee_9323,41,QA,119416,13,Delhi,1432992,11941.6,131357.6,Senior
employee_9324,48,Data,87394,11,Delhi,1048728,8739.4,96133.4,Senior
employee_9325,41,Sales,90078,7,Mumbai,1080936,9007.800000000001,99085.8,Mid-level
employee_9326,56,Sales,43970,6,Mumbai,527640,4397.0,48367.0,Mid-level
employee_9327,44,IT,63891,13,Bangalore,766692,6389.1,70280.1,Senior
employee_9328,58,QA,29930,1,Bangalore,359160,2993.0,32923.0,Fresher
employee_9329,37,HR,60318,0,Bangalore,723816,6031.8,66349.8,Fresher
employee_9330,42,HR,75107,5,Delhi,901284,7510.700000000001,82617.7,Junior
employee_9331,39,IT,86953,10,Bangalore,1043436,8695.300000000001,95648.3,Mid-level
employee_9332,30,Data,74108,7,Mumbai,889296,7410.8,81518.8,Mid-level
employee_9333,31,HR,57574,0,Pune,690888,5757.400000000001,63331.4,Fresher
employee_9334,58,HR,34857,2,Bangalore,418284,3485.7000000000003,38342.7,Fresher
employee_9335,22,Finance,48513,14,Chennai,582156,4851.3,53364.3,Senior
employee_9336,53,QA,48593,0,Mumbai,583116,4859.3,53452.3,Fresher
employee_9337,51,Data,113219,9,Hyderabad,1358628,11321.900000000001,124540.9,Mid-level
employee_9338,55,Sales,43884,8,Pune,526608,4388.400000000001,48272.4,Mid-level
employee_9339,57,QA,83986,6,Mumbai,1007832,8398.6,92384.6,Mid-level
employee_9340,56,Data,30307,13,Bangalore,363684,3030.7000000000003,33337.7,Senior
employee_9341,43,HR,37904,7,Delhi,454848,3790.4,41694.4,Mid-level
employee_9342,56,Finance,108417,8,Chennai,1301004,10841.7,119258.7,Mid-level
employee_9343,60,QA,119714,2,Hyderabad,1436568,11971.400000000001,131685.4,Fresher
employee_9344,59,HR,85548,9,Pune,1026576,8554.800000000001,94102.8,Mid-level
employee_9345,46,Data,38582,10,Bangalore,462984,3858.2000000000003,42440.2,Mid-level
employee_9346,45,QA,82965,1,Mumbai,995580,8296.5,91261.5,Fresher
employee_9347,37,Sales,33025,5,Mumbai,396300,3302.5,36327.5,Junior
employee_9348,35,QA,74444,4,Pune,893328,7444.400000000001,81888.4,Junior
employee_9349,57,HR,66614,3,Chennai,799368,6661.400000000001,73275.4,Junior
employee_9350,24,QA,68944,5,Delhi,827328,6894.400000000001,75838.4,Junior
employee_9351,42,Sales,86187,14,Bangalore,1034244,8618.7,94805.7,Senior
employee_9352,37,Finance,109724,5,Pune,1316688,10972.400000000001,120696.4,Junior
employee_9353,42,Finance,32604,11,Pune,391248,3260.4,35864.4,Senior
employee_9354,37,HR,52290,2,Mumbai,627480,5229.0,57519.0,Fresher
employee_9355,34,Data,96739,13,Pune,1160868,9673.9,106412.9,Senior
employee_9356,34,HR,75773,1,Hyderabad,909276,7577.3,83350.3,Fresher
employee_9357,37,Finance,32871,8,Hyderabad,394452,3287.1000000000004,36158.1,Mid-level
employee_9358,28,IT,105198,7,Bangalore,1262376,10519.800000000001,115717.8,Mid-level
employee_9359,54,IT,101981,13,Pune,1223772,10198.1,112179.1,Senior
employee_9360,46,QA,101574,3,Mumbai,1218888,10157.400000000001,111731.4,Junior
employee_9361,50,Sales,28505,5,Delhi,342060,2850.5,31355.5,Junior
employee_9362,42,QA,66478,2,Bangalore,797736,6647.8,73125.8,Fresher
employee_9363,36,IT,109605,15,Chennai,1315260,10960.5,120565.5,Senior
employee_9364,50,Finance,39418,10,Mumbai,473016,3941.8,43359.8,Mid-level
employee_9365,36,QA,41411,7,Chennai,496932,4141.1,45552.1,Mid-level
employee_9366,58,HR,34498,2,Bangalore,413976,3449.8,37947.8,Fresher
employee_9367,44,Sales,81257,1,Hyderabad,975084,8125.700000000001,89382.7,Fresher
employee_9368,56,HR,81058,14,Mumbai,972696,8105.8,89163.8,Senior
employee_9369,55,Sales,111995,6,Delhi,1343940,11199.5,123194.5,Mid-level
employee_9370,26,Finance,47203,13,Mumbai,566436,4720.3,51923.3,Senior
employee_9371,24,QA,118566,15,Bangalore,1422792,11856.6,130422.6,Senior
employee_9372,38,Sales,111596,2,Mumbai,1339152,11159.6,122755.6,Fresher
employee_9373,26,HR,110310,12,Mumbai,1323720,11031.0,121341.0,Senior
employee_9374,46,QA,71917,8,Bangalore,863004,7191.700000000001,79108.7,Mid-level
employee_9375,57,QA,45930,14,Pune,551160,4593.0,50523.0,Senior
employee_9376,47,HR,104029,2,Bangalore,1248348,10402.900000000001,114431.9,Fresher
employee_9377,31,IT,38638,14,Mumbai,463656,3863.8,42501.8,Senior
employee_9378,58,Sales,30724,7,Delhi,368688,3072.4,33796.4,Mid-level
employee_9379,36,HR,90738,1,Delhi,1088856,9073.800000000001,99811.8,Fresher
employee_9380,39,Finance,27027,8,Bangalore,324324,2702.7000000000003,29729.7,Mid-level
employee_9381,35,Data,39807,0,Mumbai,477684,3980.7000000000003,43787.7,Fresher
employee_9382,46,HR,118962,11,Chennai,1427544,11896.2,130858.2,Senior
employee_9383,51,QA,88109,2,Chennai,1057308,8810.9,96919.9,Fresher
employee_9384,39,QA,66849,10,Hyderabad,802188,6684.900000000001,73533.9,Mid-level
employee_9385,44,HR,25178,13,Bangalore,302136,2517.8,27695.8,Senior
employee_9386,29,Data,30817,1,Bangalore,369804,3081.7000000000003,33898.7,Fresher
employee_9387,43,HR,97721,12,Chennai,1172652,9772.1,107493.1,Senior
employee_9388,24,Data,28984,13,Chennai,347808,2898.4,31882.4,Senior
employee_9389,30,Data,89096,12,Chennai,1069152,8909.6,98005.6,Senior
employee_9390,29,Finance,112585,11,Delhi,1351020,11258.5,123843.5,Senior
employee_9391,39,Sales,111941,14,Delhi,1343292,11194.1,123135.1,Senior
employee_9392,35,QA,100772,6,Hyderabad,1209264,10077.2,110849.2,Mid-level
employee_9393,54,QA,112432,4,Hyderabad,1349184,11243.2,123675.2,Junior
employee_9394,39,Data,39635,14,Pune,475620,3963.5,43598.5,Senior
employee_9395,41,QA,99078,7,Delhi,1188936,9907.800000000001,108985.8,Mid-level
employee_9396,54,IT,56342,1,Bangalore,676104,5634.200000000001,61976.2,Fresher
employee_9397,37,Data,79680,7,Hyderabad,956160,7968.0,87648.0,Mid-level
employee_9398,38,QA,32988,6,Mumbai,395856,3298.8,36286.8,Mid-level
employee_9399,37,IT,57070,11,Bangalore,684840,5707.0,62777.0,Senior
employee_9400,22,Finance,103132,10,Pune,1237584,10313.2,113445.2,Mid-level
employee_9401,21,QA,48659,4,Chennai,583908,4865.900000000001,53524.9,Junior
employee_9402,30,IT,100952,1,Pune,1211424,10095.2,111047.2,Fresher
employee_9403,57,HR,44171,9,Bangalore,530052,4417.1,48588.1,Mid-level
employee_9404,25,Sales,78778,10,Chennai,945336,7877.8,86655.8,Mid-level
employee_9405,32,HR,80713,6,Pune,968556,8071.3,88784.3,Mid-level
employee_9406,56,IT,47736,9,Pune,572832,4773.6,52509.6,Mid-level
employee_9407,51,Data,95344,3,Bangalore,1144128,9534.4,104878.4,Junior
employee_9408,58,Data,82781,3,Hyderabad,993372,8278.1,91059.1,Junior
employee_9409,29,QA,96273,7,Mumbai,1155276,9627.300000000001,105900.3,Mid-level
employee_9410,46,HR,90499,5,Pune,1085988,9049.9,99548.9,Junior
employee_9411,35,Data,60126,8,Mumbai,721512,6012.6,66138.6,Mid-level
employee_9412,36,Data,54652,10,Delhi,655824,5465.200000000001,60117.2,Mid-level
employee_9413,33,HR,30390,14,Delhi,364680,3039.0,33429.0,Senior
employee_9414,45,Finance,111136,1,Bangalore,1333632,11113.6,122249.6,Fresher
employee_9415,50,Data,90942,4,Bangalore,1091304,9094.2,100036.2,Junior
employee_9416,27,Sales,78492,5,Hyderabad,941904,7849.200000000001,86341.2,Junior
employee_9417,24,IT,74217,7,Chennai,890604,7421.700000000001,81638.7,Mid-level
employee_9418,60,QA,85333,3,Mumbai,1023996,8533.300000000001,93866.3,Junior
employee_9419,58,Data,109104,10,Pune,1309248,10910.400000000001,120014.4,Mid-level
employee_9420,50,Sales,100969,6,Chennai,1211628,10096.900000000001,111065.9,Mid-level
employee_9421,30,Sales,119913,10,Delhi,1438956,11991.300000000001,131904.3,Mid-level
employee_9422,50,Data,113720,6,Delhi,1364640,11372.0,125092.0,Mid-level
employee_9423,59,Finance,83856,3,Mumbai,1006272,8385.6,92241.6,Junior
employee_9424,27,IT,73481,15,Mumbai,881772,7348.1,80829.1,Senior
employee_9425,56,QA,99657,0,Chennai,1195884,9965.7,109622.7,Fresher
employee_9426,55,Data,53612,2,Chennai,643344,5361.200000000001,58973.2,Fresher
employee_9427,44,QA,112743,1,Hyderabad,1352916,11274.300000000001,124017.3,Fresher
employee_9428,59,HR,35795,12,Pune,429540,3579.5,39374.5,Senior
employee_9429,56,Sales,42564,12,Pune,510768,4256.400000000001,46820.4,Senior
employee_9430,40,Sales,73603,11,Pune,883236,7360.3,80963.3,Senior
employee_9431,52,Data,66999,2,Delhi,803988,6699.900000000001,73698.9,Fresher
employee_9432,59,Data,91637,4,Delhi,1099644,9163.7,100800.7,Junior
employee_9433,46,HR,25513,10,Chennai,306156,2551.3,28064.3,Mid-level
employee_9434,46,Finance,90015,11,Hyderabad,1080180,9001.5,99016.5,Senior
employee_9435,56,Data,36324,0,Bangalore,435888,3632.4,39956.4,Fresher
employee_9436,55,Sales,40491,4,Hyderabad,485892,4049.1000000000004,44540.1,Junior
employee_9437,55,QA,104229,1,Delhi,1250748,10422.900000000001,114651.9,Fresher
employee_9438,32,IT,106459,15,Chennai,1277508,10645.900000000001,117104.9,Senior
employee_9439,53,QA,59600,13,Hyderabad,715200,5960.0,65560.0,Senior
employee_9440,56,Finance,89179,3,Chennai,1070148,8917.9,98096.9,Junior
employee_9441,34,IT,35872,5,Mumbai,430464,3587.2000000000003,39459.2,Junior
employee_9442,53,QA,68058,15,Mumbai,816696,6805.8,74863.8,Senior
employee_9443,44,QA,97673,15,Bangalore,1172076,9767.300000000001,107440.3,Senior
employee_9444,35,HR,36358,8,Delhi,436296,3635.8,39993.8,Mid-level
employee_9445,51,Finance,96343,9,Mumbai,1156116,9634.300000000001,105977.3,Mid-level
employee_9446,37,Sales,51503,5,Bangalore,618036,5150.3,56653.3,Junior
employee_9447,32,HR,105395,9,Pune,1264740,10539.5,115934.5,Mid-level
employee_9448,42,IT,86794,12,Chennai,1041528,8679.4,95473.4,Senior
employee_9449,43,Sales,77268,10,Pune,927216,7726.8,84994.8,Mid-level
employee_9450,46,HR,72905,11,Pune,874860,7290.5,80195.5,Senior
employee_9451,34,Finance,87668,1,Bangalore,1052016,8766.800000000001,96434.8,Fresher
employee_9452,32,Data,47234,7,Chennai,566808,4723.400000000001,51957.4,Mid-level
employee_9453,24,Data,101615,4,Bangalore,1219380,10161.5,111776.5,Junior
employee_9454,33,IT,81750,15,Hyderabad,981000,8175.0,89925.0,Senior
employee_9455,38,Data,55975,8,Pune,671700,5597.5,61572.5,Mid-level
employee_9456,48,HR,94879,14,Chennai,1138548,9487.9,104366.9,Senior
employee_9457,58,IT,95164,9,Pune,1141968,9516.4,104680.4,Mid-level
employee_9458,39,Sales,113104,8,Hyderabad,1357248,11310.400000000001,124414.4,Mid-level
employee_9459,58,Finance,53106,3,Delhi,637272,5310.6,58416.6,Junior
employee_9460,23,IT,99517,12,Hyderabad,1194204,9951.7,109468.7,Senior
employee_9461,39,Sales,92778,0,Delhi,1113336,9277.800000000001,102055.8,Fresher
employee_9462,40,IT,83438,10,Chennai,1001256,8343.800000000001,91781.8,Mid-level
employee_9463,45,QA,73397,13,Chennai,880764,7339.700000000001,80736.7,Senior
employee_9464,31,QA,75510,8,Hyderabad,906120,7551.0,83061.0,Mid-level
employee_9465,37,IT,61424,8,Pune,737088,6142.400000000001,67566.4,Mid-level
employee_9466,55,Data,74459,7,Mumbai,893508,7445.900000000001,81904.9,Mid-level
employee_9467,34,QA,76275,4,Pune,915300,7627.5,83902.5,Junior
employee_9468,59,Finance,79034,4,Mumbai,948408,7903.400000000001,86937.4,Junior
employee_9469,39,Sales,93378,9,Bangalore,1120536,9337.800000000001,102715.8,Mid-level
employee_9470,23,HR,41017,5,Chennai,492204,4101.7,45118.7,Junior
employee_9471,54,QA,104372,15,Hyderabad,1252464,10437.2,114809.2,Senior
employee_9472,42,IT,104722,0,Bangalore,1256664,10472.2,115194.2,Fresher
employee_9473,58,Data,59432,8,Pune,713184,5943.200000000001,65375.2,Mid-level
employee_9474,47,HR,47757,4,Mumbai,573084,4775.7,52532.7,Junior
employee_9475,41,Sales,72188,6,Delhi,866256,7218.8,79406.8,Mid-level
employee_9476,51,Sales,56116,10,Chennai,673392,5611.6,61727.6,Mid-level
employee_9477,47,QA,61716,15,Mumbai,740592,6171.6,67887.6,Senior
employee_9478,57,Sales,83738,14,Pune,1004856,8373.800000000001,92111.8,Senior
employee_9479,22,Sales,45456,7,Pune,545472,4545.6,50001.6,Mid-level
employee_9480,29,Data,28634,4,Hyderabad,343608,2863.4,31497.4,Junior
employee_9481,39,Data,74366,2,Bangalore,892392,7436.6,81802.6,Fresher
employee_9482,56,Data,45856,5,Chennai,550272,4585.6,50441.6,Junior
employee_9483,30,IT,92995,6,Hyderabad,1115940,9299.5,102294.5,Mid-level
employee_9484,60,Sales,85615,12,Mumbai,1027380,8561.5,94176.5,Senior
employee_9485,59,Sales,108126,13,Bangalore,1297512,10812.6,118938.6,Senior
employee_9486,27,Sales,99137,3,Chennai,1189644,9913.7,109050.7,Junior
employee_9487,24,Finance,94005,8,Mumbai,1128060,9400.5,103405.5,Mid-level
employee_9488,35,Data,49791,13,Chennai,597492,4979.1,54770.1,Senior
employee_9489,32,HR,62615,10,Chennai,751380,6261.5,68876.5,Mid-level
employee_9490,26,QA,25348,3,Delhi,304176,2534.8,27882.8,Junior
employee_9491,29,HR,61419,10,Delhi,737028,6141.900000000001,67560.9,Mid-level
employee_9492,55,IT,27878,9,Bangalore,334536,2787.8,30665.8,Mid-level
employee_9493,28,IT,36857,1,Delhi,442284,3685.7000000000003,40542.7,Fresher
employee_9494,27,Sales,69029,8,Mumbai,828348,6902.900000000001,75931.9,Mid-level
employee_9495,24,HR,110914,3,Delhi,1330968,11091.400000000001,122005.4,Junior
employee_9496,33,Sales,88214,3,Hyderabad,1058568,8821.4,97035.4,Junior
employee_9497,39,Finance,90538,9,Hyderabad,1086456,9053.800000000001,99591.8,Mid-level
employee_9498,27,IT,50658,0,Hyderabad,607896,5065.8,55723.8,Fresher
employee_9499,30,IT,48267,13,Chennai,579204,4826.7,53093.7,Senior
employee_9500,45,HR,104889,1,Pune,1258668,10488.900000000001,115377.9,Fresher
employee_9501,55,IT,92053,11,Bangalore,1104636,9205.300000000001,101258.3,Senior
employee_9502,45,Finance,78998,2,Hyderabad,947976,7899.8,86897.8,Fresher
employee_9503,49,Finance,110499,6,Bangalore,1325988,11049.900000000001,121548.9,Mid-level
employee_9504,32,Finance,103711,11,Delhi,1244532,10371.1,114082.1,Senior
employee_9505,60,QA,76531,8,Chennai,918372,7653.1,84184.1,Mid-level
employee_9506,32,Finance,78416,11,Bangalore,940992,7841.6,86257.6,Senior
employee_9507,26,Finance,55367,4,Hyderabad,664404,5536.700000000001,60903.7,Junior
employee_9508,30,QA,42232,3,Hyderabad,506784,4223.2,46455.2,Junior
employee_9509,22,Sales,84048,12,Chennai,1008576,8404.800000000001,92452.8,Senior
employee_9510,45,Data,86437,1,Chennai,1037244,8643.7,95080.7,Fresher
employee_9511,27,IT,74357,13,Mumbai,892284,7435.700000000001,81792.7,Senior
employee_9512,60,Finance,51468,12,Chennai,617616,5146.8,56614.8,Senior
employee_9513,43,IT,91056,11,Pune,1092672,9105.6,100161.6,Senior
employee_9514,31,HR,46497,13,Pune,557964,4649.7,51146.7,Senior
employee_9515,56,IT,117463,15,Hyderabad,1409556,11746.300000000001,129209.3,Senior
employee_9516,43,Sales,31258,6,Delhi,375096,3125.8,34383.8,Mid-level
employee_9517,27,QA,80959,5,Chennai,971508,8095.900000000001,89054.9,Junior
employee_9518,47,IT,59902,11,Pune,718824,5990.200000000001,65892.2,Senior
employee_9519,33,IT,40454,11,Pune,485448,4045.4,44499.4,Senior
employee_9520,37,IT,62606,6,Mumbai,751272,6260.6,68866.6,Mid-level
employee_9521,52,Data,76627,7,Delhi,919524,7662.700000000001,84289.7,Mid-level
employee_9522,46,Data,79969,8,Delhi,959628,7996.900000000001,87965.9,Mid-level
employee_9523,42,HR,111465,9,Chennai,1337580,11146.5,122611.5,Mid-level
employee_9524,33,QA,114713,4,Mumbai,1376556,11471.300000000001,126184.3,Junior
employee_9525,32,IT,25785,10,Delhi,309420,2578.5,28363.5,Mid-level
employee_9526,27,IT,98679,4,Delhi,1184148,9867.900000000001,108546.9,Junior
employee_9527,21,IT,114628,3,Bangalore,1375536,11462.800000000001,126090.8,Junior
employee_9528,53,IT,72818,10,Mumbai,873816,7281.8,80099.8,Mid-level
employee_9529,34,Data,38635,2,Delhi,463620,3863.5,42498.5,Fresher
employee_9530,37,Sales,101518,12,Bangalore,1218216,10151.800000000001,111669.8,Senior
employee_9531,24,Sales,38409,6,Bangalore,460908,3840.9,42249.9,Mid-level
employee_9532,59,HR,73756,12,Delhi,885072,7375.6,81131.6,Senior
employee_9533,21,Finance,43541,12,Chennai,522492,4354.1,47895.1,Senior
employee_9534,44,QA,83022,4,Bangalore,996264,8302.2,91324.2,Junior
employee_9535,54,Sales,94064,6,Bangalore,1128768,9406.4,103470.4,Mid-level
employee_9536,54,IT,61327,14,Mumbai,735924,6132.700000000001,67459.7,Senior
employee_9537,44,Sales,71888,1,Chennai,862656,7188.8,79076.8,Fresher
employee_9538,35,HR,115054,8,Chennai,1380648,11505.400000000001,126559.4,Mid-level
employee_9539,37,Finance,49946,8,Bangalore,599352,4994.6,54940.6,Mid-level
employee_9540,33,Sales,49556,12,Mumbai,594672,4955.6,54511.6,Senior
employee_9541,27,HR,46775,8,Mumbai,561300,4677.5,51452.5,Mid-level
employee_9542,29,Data,114577,12,Mumbai,1374924,11457.7,126034.7,Senior
employee_9543,55,Finance,25835,12,Mumbai,310020,2583.5,28418.5,Senior
employee_9544,43,HR,76645,4,Hyderabad,919740,7664.5,84309.5,Junior
employee_9545,59,Sales,60747,13,Delhi,728964,6074.700000000001,66821.7,Senior
employee_9546,43,Data,68285,9,Bangalore,819420,6828.5,75113.5,Mid-level
employee_9547,46,HR,69884,11,Bangalore,838608,6988.400000000001,76872.4,Senior
employee_9548,21,HR,41104,8,Bangalore,493248,4110.400000000001,45214.4,Mid-level
employee_9549,34,Sales,39927,0,Chennai,479124,3992.7000000000003,43919.7,Fresher
employee_9550,52,Finance,29521,1,Chennai,354252,2952.1000000000004,32473.1,Fresher
employee_9551,30,Data,69086,9,Mumbai,829032,6908.6,75994.6,Mid-level
employee_9552,21,IT,39280,4,Delhi,471360,3928.0,43208.0,Junior
employee_9553,25,QA,88266,4,Chennai,1059192,8826.6,97092.6,Junior
employee_9554,23,Finance,55753,5,Pune,669036,5575.3,61328.3,Junior
employee_9555,47,Data,76528,13,Bangalore,918336,7652.8,84180.8,Senior
employee_9556,42,HR,74605,7,Bangalore,895260,7460.5,82065.5,Mid-level
employee_9557,38,Data,93995,11,Hyderabad,1127940,9399.5,103394.5,Senior
employee_9558,36,QA,119971,0,Hyderabad,1439652,11997.1,131968.1,Fresher
employee_9559,22,Sales,53077,9,Pune,636924,5307.700000000001,58384.7,Mid-level
employee_9560,33,QA,91684,11,Hyderabad,1100208,9168.4,100852.4,Senior
employee_9561,36,IT,62345,8,Delhi,748140,6234.5,68579.5,Mid-level
employee_9562,28,IT,56036,3,Mumbai,672432,5603.6,61639.6,Junior
employee_9563,28,QA,74273,7,Mumbai,891276,7427.3,81700.3,Mid-level
employee_9564,30,Finance,45002,11,Bangalore,540024,4500.2,49502.2,Senior
employee_9565,53,Finance,87020,14,Mumbai,1044240,8702.0,95722.0,Senior
employee_9566,51,HR,73440,12,Hyderabad,881280,7344.0,80784.0,Senior
employee_9567,32,IT,64398,11,Pune,772776,6439.8,70837.8,Senior
employee_9568,29,HR,84516,4,Delhi,1014192,8451.6,92967.6,Junior
employee_9569,57,IT,96466,0,Mumbai,1157592,9646.6,106112.6,Fresher
employee_9570,29,QA,103924,13,Bangalore,1247088,10392.400000000001,114316.4,Senior
employee_9571,38,Finance,78965,8,Bangalore,947580,7896.5,86861.5,Mid-level
employee_9572,50,Finance,44691,7,Delhi,536292,4469.1,49160.1,Mid-level
employee_9573,52,QA,94178,4,Hyderabad,1130136,9417.800000000001,103595.8,Junior
employee_9574,60,HR,44201,13,Mumbai,530412,4420.1,48621.1,Senior
employee_9575,43,HR,32421,14,Hyderabad,389052,3242.1000000000004,35663.1,Senior
employee_9576,31,Data,38554,10,Bangalore,462648,3855.4,42409.4,Mid-level
employee_9577,40,IT,83828,13,Pune,1005936,8382.800000000001,92210.8,Senior
employee_9578,39,HR,82620,3,Mumbai,991440,8262.0,90882.0,Junior
employee_9579,56,QA,96124,15,Pune,1153488,9612.4,105736.4,Senior
employee_9580,46,HR,114307,7,Delhi,1371684,11430.7,125737.7,Mid-level
employee_9581,30,Finance,116360,8,Mumbai,1396320,11636.0,127996.0,Mid-level
employee_9582,44,IT,99852,6,Bangalore,1198224,9985.2,109837.2,Mid-level
employee_9583,33,Sales,85245,3,Mumbai,1022940,8524.5,93769.5,Junior
employee_9584,54,Data,70562,6,Bangalore,846744,7056.200000000001,77618.2,Mid-level
employee_9585,49,IT,53234,5,Chennai,638808,5323.400000000001,58557.4,Junior
employee_9586,56,Finance,110322,10,Bangalore,1323864,11032.2,121354.2,Mid-level
employee_9587,27,Finance,40329,11,Bangalore,483948,4032.9,44361.9,Senior
employee_9588,50,Finance,40698,2,Delhi,488376,4069.8,44767.8,Fresher
employee_9589,37,Finance,115863,9,Mumbai,1390356,11586.300000000001,127449.3,Mid-level
employee_9590,33,QA,72609,2,Pune,871308,7260.900000000001,79869.9,Fresher
employee_9591,44,Data,41548,0,Bangalore,498576,4154.8,45702.8,Fresher
employee_9592,51,Sales,64757,13,Mumbai,777084,6475.700000000001,71232.7,Senior
employee_9593,47,Finance,90234,12,Bangalore,1082808,9023.4,99257.4,Senior
employee_9594,41,Finance,43340,4,Hyderabad,520080,4334.0,47674.0,Junior
employee_9595,21,HR,94396,7,Hyderabad,1132752,9439.6,103835.6,Mid-level
employee_9596,35,Data,109695,11,Hyderabad,1316340,10969.5,120664.5,Senior
employee_9597,23,IT,52865,5,Hyderabad,634380,5286.5,58151.5,Junior
employee_9598,26,Data,84767,7,Pune,1017204,8476.7,93243.7,Mid-level
employee_9599,34,Data,38743,6,Delhi,464916,3874.3,42617.3,Mid-level
employee_9600,58,Sales,96762,1,Bangalore,1161144,9676.2,106438.2,Fresher
employee_9601,53,Data,103254,7,Hyderabad,1239048,10325.400000000001,113579.4,Mid-level
employee_9602,58,Sales,74934,3,Mumbai,899208,7493.400000000001,82427.4,Junior
employee_9603,28,Finance,81972,10,Hyderabad,983664,8197.2,90169.2,Mid-level
employee_9604,46,Finance,50530,4,Chennai,606360,5053.0,55583.0,Junior
employee_9605,35,QA,84336,10,Chennai,1012032,8433.6,92769.6,Mid-level
employee_9606,34,Sales,84003,12,Delhi,1008036,8400.300000000001,92403.3,Senior
employee_9607,40,Sales,57908,7,Pune,694896,5790.8,63698.8,Mid-level
employee_9608,39,IT,92186,4,Chennai,1106232,9218.6,101404.6,Junior
employee_9609,53,HR,65653,4,Mumbai,787836,6565.3,72218.3,Junior
employee_9610,56,Data,72032,15,Hyderabad,864384,7203.200000000001,79235.2,Senior
employee_9611,44,IT,58783,5,Chennai,705396,5878.3,64661.3,Junior
employee_9612,30,Sales,78535,14,Chennai,942420,7853.5,86388.5,Senior
employee_9613,54,IT,96828,15,Pune,1161936,9682.800000000001,106510.8,Senior
employee_9614,56,QA,113273,14,Chennai,1359276,11327.300000000001,124600.3,Senior
employee_9615,56,HR,85527,6,Hyderabad,1026324,8552.7,94079.7,Mid-level
employee_9616,36,Sales,50551,8,Delhi,606612,5055.1,55606.1,Mid-level
employee_9617,35,Sales,68543,15,Delhi,822516,6854.3,75397.3,Senior
employee_9618,38,Data,44504,13,Delhi,534048,4450.400000000001,48954.4,Senior
employee_9619,27,HR,41371,10,Bangalore,496452,4137.1,45508.1,Mid-level
employee_9620,42,QA,75975,6,Hyderabad,911700,7597.5,83572.5,Mid-level
employee_9621,52,Finance,111346,5,Chennai,1336152,11134.6,122480.6,Junior
employee_9622,39,IT,54036,14,Chennai,648432,5403.6,59439.6,Senior
employee_9623,60,Data,106083,11,Chennai,1272996,10608.300000000001,116691.3,Senior
employee_9624,21,Sales,78756,9,Pune,945072,7875.6,86631.6,Mid-level
employee_9625,55,Finance,117739,3,Mumbai,1412868,11773.900000000001,129512.9,Junior
employee_9626,25,QA,34305,13,Hyderabad,411660,3430.5,37735.5,Senior
employee_9627,32,HR,99349,10,Delhi,1192188,9934.900000000001,109283.9,Mid-level
employee_9628,32,IT,91436,9,Chennai,1097232,9143.6,100579.6,Mid-level
employee_9629,41,Data,28747,11,Bangalore,344964,2874.7000000000003,31621.7,Senior
employee_9630,39,Sales,70024,1,Pune,840288,7002.400000000001,77026.4,Fresher
employee_9631,29,Sales,75623,10,Mumbai,907476,7562.3,83185.3,Mid-level
employee_9632,56,Finance,48245,12,Chennai,578940,4824.5,53069.5,Senior
employee_9633,52,Finance,28103,10,Delhi,337236,2810.3,30913.3,Mid-level
employee_9634,55,IT,90609,14,Hyderabad,1087308,9060.9,99669.9,Senior
employee_9635,51,HR,93033,8,Bangalore,1116396,9303.300000000001,102336.3,Mid-level
employee_9636,52,QA,54577,9,Delhi,654924,5457.700000000001,60034.7,Mid-level
employee_9637,57,HR,84746,10,Pune,1016952,8474.6,93220.6,Mid-level
employee_9638,52,HR,111548,4,Hyderabad,1338576,11154.800000000001,122702.8,Junior
employee_9639,57,HR,33487,15,Hyderabad,401844,3348.7000000000003,36835.7,Senior
employee_9640,59,IT,74449,4,Pune,893388,7444.900000000001,81893.9,Junior
employee_9641,58,IT,115413,10,Hyderabad,1384956,11541.300000000001,126954.3,Mid-level
employee_9642,50,QA,70567,11,Bangalore,846804,7056.700000000001,77623.7,Senior
employee_9643,52,HR,89849,2,Bangalore,1078188,8984.9,98833.9,Fresher
employee_9644,22,IT,97053,12,Hyderabad,1164636,9705.300000000001,106758.3,Senior
employee_9645,31,QA,30615,15,Chennai,367380,3061.5,33676.5,Senior
employee_9646,40,Sales,101004,2,Hyderabad,1212048,10100.400000000001,111104.4,Fresher
employee_9647,57,QA,35879,0,Chennai,430548,3587.9,39466.9,Fresher
employee_9648,29,HR,76996,11,Hyderabad,923952,7699.6,84695.6,Senior
employee_9649,58,Data,38078,10,Delhi,456936,3807.8,41885.8,Mid-level
employee_9650,39,HR,79775,4,Mumbai,957300,7977.5,87752.5,Junior
employee_9651,60,Data,29590,2,Bangalore,355080,2959.0,32549.0,Fresher
employee_9652,27,QA,79100,14,Hyderabad,949200,7910.0,87010.0,Senior
employee_9653,25,Sales,35910,10,Bangalore,430920,3591.0,39501.0,Mid-level
employee_9654,44,Sales,56976,1,Pune,683712,5697.6,62673.6,Fresher
employee_9655,27,IT,46574,10,Mumbai,558888,4657.400000000001,51231.4,Mid-level
employee_9656,31,Sales,65652,15,Chennai,787824,6565.200000000001,72217.2,Senior
employee_9657,29,Finance,113252,8,Pune,1359024,11325.2,124577.2,Mid-level
employee_9658,50,QA,58430,12,Mumbai,701160,5843.0,64273.0,Senior
employee_9659,23,IT,98735,13,Pune,1184820,9873.5,108608.5,Senior
employee_9660,42,Sales,80627,9,Bangalore,967524,8062.700000000001,88689.7,Mid-level
employee_9661,60,QA,77239,5,Delhi,926868,7723.900000000001,84962.9,Junior
employee_9662,40,HR,78913,2,Mumbai,946956,7891.3,86804.3,Fresher
employee_9663,52,Sales,118276,6,Pune,1419312,11827.6,130103.6,Mid-level
employee_9664,27,Data,34477,11,Chennai,413724,3447.7000000000003,37924.7,Senior
employee_9665,27,QA,77772,8,Mumbai,933264,7777.200000000001,85549.2,Mid-level
employee_9666,40,IT,90696,8,Mumbai,1088352,9069.6,99765.6,Mid-level
employee_9667,45,HR,68358,14,Pune,820296,6835.8,75193.8,Senior
employee_9668,55,Finance,69205,0,Delhi,830460,6920.5,76125.5,Fresher
employee_9669,44,HR,96996,14,Hyderabad,1163952,9699.6,106695.6,Senior
employee_9670,60,Sales,87376,1,Chennai,1048512,8737.6,96113.6,Fresher
employee_9671,33,Data,106937,14,Chennai,1283244,10693.7,117630.7,Senior
employee_9672,59,HR,47894,7,Pune,574728,4789.400000000001,52683.4,Mid-level
employee_9673,24,Finance,84919,14,Delhi,1019028,8491.9,93410.9,Senior
employee_9674,32,IT,27918,10,Bangalore,335016,2791.8,30709.8,Mid-level
employee_9675,37,QA,50629,0,Bangalore,607548,5062.900000000001,55691.9,Fresher
employee_9676,21,Data,41699,10,Hyderabad,500388,4169.900000000001,45868.9,Mid-level
employee_9677,37,Finance,78984,11,Hyderabad,947808,7898.400000000001,86882.4,Senior
employee_9678,22,Sales,76363,14,Pune,916356,7636.3,83999.3,Senior
employee_9679,26,Sales,32069,10,Delhi,384828,3206.9,35275.9,Mid-level
employee_9680,31,Sales,79285,13,Bangalore,951420,7928.5,87213.5,Senior
employee_9681,38,Data,95063,2,Chennai,1140756,9506.300000000001,104569.3,Fresher
employee_9682,60,HR,44099,10,Delhi,529188,4409.900000000001,48508.9,Mid-level
employee_9683,45,Data,82977,6,Bangalore,995724,8297.7,91274.7,Mid-level
employee_9684,59,Sales,40622,7,Delhi,487464,4062.2000000000003,44684.2,Mid-level
employee_9685,48,Finance,51281,4,Pune,615372,5128.1,56409.1,Junior
employee_9686,36,QA,64433,13,Bangalore,773196,6443.3,70876.3,Senior
employee_9687,32,QA,64875,1,Mumbai,778500,6487.5,71362.5,Fresher
employee_9688,49,Data,106067,14,Pune,1272804,10606.7,116673.7,Senior
employee_9689,43,Sales,30132,2,Mumbai,361584,3013.2000000000003,33145.2,Fresher
employee_9690,41,IT,119932,8,Delhi,1439184,11993.2,131925.2,Mid-level
employee_9691,36,Data,83016,14,Pune,996192,8301.6,91317.6,Senior
employee_9692,46,Sales,68239,15,Chennai,818868,6823.900000000001,75062.9,Senior
employee_9693,57,HR,85891,12,Pune,1030692,8589.1,94480.1,Senior
employee_9694,42,QA,118343,10,Pune,1420116,11834.300000000001,130177.3,Mid-level
employee_9695,30,QA,64550,12,Pune,774600,6455.0,71005.0,Senior
employee_9696,27,QA,52196,9,Pune,626352,5219.6,57415.6,Mid-level
employee_9697,29,IT,106529,6,Hyderabad,1278348,10652.900000000001,117181.9,Mid-level
employee_9698,45,Sales,78849,12,Mumbai,946188,7884.900000000001,86733.9,Senior
employee_9699,35,Sales,116494,0,Pune,1397928,11649.400000000001,128143.4,Fresher
employee_9700,33,Sales,72358,2,Pune,868296,7235.8,79593.8,Fresher
employee_9701,46,Sales,64513,8,Delhi,774156,6451.3,70964.3,Mid-level
employee_9702,41,IT,64028,6,Hyderabad,768336,6402.8,70430.8,Mid-level
employee_9703,43,Finance,105481,14,Bangalore,1265772,10548.1,116029.1,Senior
employee_9704,48,Data,108105,15,Delhi,1297260,10810.5,118915.5,Senior
employee_9705,58,Data,113915,11,Delhi,1366980,11391.5,125306.5,Senior
employee_9706,32,Sales,63877,12,Hyderabad,766524,6387.700000000001,70264.7,Senior
employee_9707,44,HR,47825,12,Hyderabad,573900,4782.5,52607.5,Senior
employee_9708,33,QA,91451,12,Hyderabad,1097412,9145.1,100596.1,Senior
employee_9709,60,IT,48848,13,Delhi,586176,4884.8,53732.8,Senior
employee_9710,22,HR,38669,14,Delhi,464028,3866.9,42535.9,Senior
employee_9711,59,HR,34875,14,Pune,418500,3487.5,38362.5,Senior
employee_9712,32,Sales,105389,1,Hyderabad,1264668,10538.900000000001,115927.9,Fresher
employee_9713,59,IT,92961,5,Hyderabad,1115532,9296.1,102257.1,Junior
employee_9714,34,Data,58193,8,Delhi,698316,5819.3,64012.3,Mid-level
employee_9715,50,QA,41552,14,Delhi,498624,4155.2,45707.2,Senior
employee_9716,39,Data,58282,3,Hyderabad,699384,5828.200000000001,64110.2,Junior
employee_9717,51,HR,61203,15,Pune,734436,6120.3,67323.3,Senior
employee_9718,45,QA,109536,9,Chennai,1314432,10953.6,120489.6,Mid-level
employee_9719,24,Finance,101105,1,Chennai,1213260,10110.5,111215.5,Fresher
employee_9720,33,HR,115802,2,Bangalore,1389624,11580.2,127382.2,Fresher
employee_9721,56,Data,93740,6,Pune,1124880,9374.0,103114.0,Mid-level
employee_9722,57,Data,98301,3,Delhi,1179612,9830.1,108131.1,Junior
employee_9723,23,Sales,101232,6,Hyderabad,1214784,10123.2,111355.2,Mid-level
employee_9724,36,Data,49928,4,Hyderabad,599136,4992.8,54920.8,Junior
employee_9725,46,IT,73910,13,Hyderabad,886920,7391.0,81301.0,Senior
employee_9726,60,HR,39679,7,Chennai,476148,3967.9,43646.9,Mid-level
employee_9727,59,QA,59173,7,Delhi,710076,5917.3,65090.3,Mid-level
employee_9728,39,Data,69899,4,Hyderabad,838788,6989.900000000001,76888.9,Junior
employee_9729,35,Sales,72865,6,Hyderabad,874380,7286.5,80151.5,Mid-level
employee_9730,52,Sales,63182,10,Chennai,758184,6318.200000000001,69500.2,Mid-level
employee_9731,41,Data,64109,5,Hyderabad,769308,6410.900000000001,70519.9,Junior
employee_9732,21,IT,29174,12,Bangalore,350088,2917.4,32091.4,Senior
employee_9733,26,Sales,42061,7,Delhi,504732,4206.1,46267.1,Mid-level
employee_9734,47,QA,115931,8,Mumbai,1391172,11593.1,127524.1,Mid-level
employee_9735,43,HR,90749,15,Bangalore,1088988,9074.9,99823.9,Senior
employee_9736,51,Finance,90524,4,Pune,1086288,9052.4,99576.4,Junior
employee_9737,32,IT,87108,6,Bangalore,1045296,8710.800000000001,95818.8,Mid-level
employee_9738,41,Sales,103812,15,Bangalore,1245744,10381.2,114193.2,Senior
employee_9739,22,HR,99621,13,Chennai,1195452,9962.1,109583.1,Senior
employee_9740,25,Finance,53481,0,Pune,641772,5348.1,58829.1,Fresher
employee_9741,29,Data,76938,10,Delhi,923256,7693.8,84631.8,Mid-level
employee_9742,40,Data,56276,7,Delhi,675312,5627.6,61903.6,Mid-level
employee_9743,38,QA,115133,2,Bangalore,1381596,11513.300000000001,126646.3,Fresher
employee_9744,42,Finance,89850,0,Mumbai,1078200,8985.0,98835.0,Fresher
employee_9745,28,Data,112780,5,Bangalore,1353360,11278.0,124058.0,Junior
employee_9746,54,Data,55601,13,Hyderabad,667212,5560.1,61161.1,Senior
employee_9747,29,Sales,75324,12,Chennai,903888,7532.400000000001,82856.4,Senior
employee_9748,27,QA,46264,7,Hyderabad,555168,4626.400000000001,50890.4,Mid-level
employee_9749,50,HR,104426,10,Pune,1253112,10442.6,114868.6,Mid-level
employee_9750,38,Data,71312,2,Pune,855744,7131.200000000001,78443.2,Fresher
employee_9751,47,IT,67852,15,Chennai,814224,6785.200000000001,74637.2,Senior
employee_9752,36,IT,72907,0,Bangalore,874884,7290.700000000001,80197.7,Fresher
employee_9753,41,HR,46058,2,Pune,552696,4605.8,50663.8,Fresher
employee_9754,25,Finance,106657,14,Mumbai,1279884,10665.7,117322.7,Senior
employee_9755,49,QA,62352,4,Chennai,748224,6235.200000000001,68587.2,Junior
employee_9756,57,Sales,30021,10,Hyderabad,360252,3002.1000000000004,33023.1,Mid-level
employee_9757,42,IT,47614,15,Mumbai,571368,4761.400000000001,52375.4,Senior
employee_9758,34,IT,84131,7,Delhi,1009572,8413.1,92544.1,Mid-level
employee_9759,39,HR,67950,8,Chennai,815400,6795.0,74745.0,Mid-level
employee_9760,55,Finance,68420,12,Mumbai,821040,6842.0,75262.0,Senior
employee_9761,44,Finance,27631,11,Chennai,331572,2763.1000000000004,30394.1,Senior
employee_9762,26,HR,31345,8,Hyderabad,376140,3134.5,34479.5,Mid-level
employee_9763,23,IT,72674,15,Bangalore,872088,7267.400000000001,79941.4,Senior
employee_9764,54,QA,51844,3,Chennai,622128,5184.400000000001,57028.4,Junior
employee_9765,22,IT,96836,7,Pune,1162032,9683.6,106519.6,Mid-level
employee_9766,35,Finance,109096,10,Hyderabad,1309152,10909.6,120005.6,Mid-level
employee_9767,57,Sales,30362,4,Hyderabad,364344,3036.2000000000003,33398.2,Junior
employee_9768,35,IT,33097,2,Mumbai,397164,3309.7000000000003,36406.7,Fresher
employee_9769,52,QA,30599,4,Pune,367188,3059.9,33658.9,Junior
employee_9770,41,Data,115988,1,Mumbai,1391856,11598.800000000001,127586.8,Fresher
employee_9771,37,IT,72373,10,Delhi,868476,7237.3,79610.3,Mid-level
employee_9772,54,HR,29258,10,Hyderabad,351096,2925.8,32183.8,Mid-level
employee_9773,52,Data,116066,10,Chennai,1392792,11606.6,127672.6,Mid-level
employee_9774,43,HR,78271,5,Delhi,939252,7827.1,86098.1,Junior
employee_9775,55,HR,97176,0,Pune,1166112,9717.6,106893.6,Fresher
employee_9776,57,HR,62056,5,Hyderabad,744672,6205.6,68261.6,Junior
employee_9777,57,IT,42261,12,Pune,507132,4226.1,46487.1,Senior
employee_9778,53,Finance,76696,4,Delhi,920352,7669.6,84365.6,Junior
employee_9779,45,Data,62827,12,Chennai,753924,6282.700000000001,69109.7,Senior
employee_9780,57,QA,40141,8,Bangalore,481692,4014.1000000000004,44155.1,Mid-level
employee_9781,60,Finance,51752,12,Mumbai,621024,5175.200000000001,56927.2,Senior
employee_9782,41,IT,114084,13,Mumbai,1369008,11408.400000000001,125492.4,Senior
employee_9783,58,HR,106438,6,Delhi,1277256,10643.800000000001,117081.8,Mid-level
employee_9784,60,QA,118219,5,Hyderabad,1418628,11821.900000000001,130040.9,Junior
employee_9785,54,Data,77680,14,Hyderabad,932160,7768.0,85448.0,Senior
employee_9786,39,Finance,43792,10,Chennai,525504,4379.2,48171.2,Mid-level
employee_9787,47,Sales,62628,11,Hyderabad,751536,6262.8,68890.8,Senior
employee_9788,29,Finance,78100,6,Hyderabad,937200,7810.0,85910.0,Mid-level
employee_9789,25,QA,92870,9,Hyderabad,1114440,9287.0,102157.0,Mid-level
employee_9790,25,IT,25767,15,Pune,309204,2576.7000000000003,28343.7,Senior
employee_9791,45,Data,51992,4,Pune,623904,5199.200000000001,57191.2,Junior
employee_9792,46,QA,54570,0,Bangalore,654840,5457.0,60027.0,Fresher
employee_9793,39,HR,89697,14,Pune,1076364,8969.7,98666.7,Senior
employee_9794,50,Data,102273,8,Mumbai,1227276,10227.300000000001,112500.3,Mid-level
employee_9795,56,Finance,103908,4,Delhi,1246896,10390.800000000001,114298.8,Junior
employee_9796,36,QA,117421,3,Bangalore,1409052,11742.1,129163.1,Junior
employee_9797,27,Finance,111126,5,Hyderabad,1333512,11112.6,122238.6,Junior
employee_9798,38,Finance,86580,4,Mumbai,1038960,8658.0,95238.0,Junior
employee_9799,41,Finance,25744,0,Bangalore,308928,2574.4,28318.4,Fresher
employee_9800,51,IT,117694,1,Delhi,1412328,11769.400000000001,129463.4,Fresher
employee_9801,21,Finance,45558,3,Bangalore,546696,4555.8,50113.8,Junior
employee_9802,23,HR,83861,7,Mumbai,1006332,8386.1,92247.1,Mid-level
employee_9803,51,HR,57259,4,Bangalore,687108,5725.900000000001,62984.9,Junior
employee_9804,45,Data,46450,6,Mumbai,557400,4645.0,51095.0,Mid-level
employee_9805,28,Sales,81949,1,Bangalore,983388,8194.9,90143.9,Fresher
employee_9806,21,Finance,61929,7,Bangalore,743148,6192.900000000001,68121.9,Mid-level
employee_9807,27,Finance,71589,4,Bangalore,859068,7158.900000000001,78747.9,Junior
employee_9808,27,QA,100122,3,Mumbai,1201464,10012.2,110134.2,Junior
employee_9809,28,IT,25286,8,Bangalore,303432,2528.6000000000004,27814.6,Mid-level
employee_9810,39,Sales,93783,5,Delhi,1125396,9378.300000000001,103161.3,Junior
employee_9811,37,Data,68562,14,Delhi,822744,6856.200000000001,75418.2,Senior
employee_9812,31,Sales,95635,13,Pune,1147620,9563.5,105198.5,Senior
employee_9813,31,Finance,41387,3,Pune,496644,4138.7,45525.7,Junior
employee_9814,58,QA,47319,7,Pune,567828,4731.900000000001,52050.9,Mid-level
employee_9815,22,IT,25411,15,Pune,304932,2541.1000000000004,27952.1,Senior
employee_9816,24,Data,45729,2,Pune,548748,4572.900000000001,50301.9,Fresher
employee_9817,48,Sales,110647,13,Delhi,1327764,11064.7,121711.7,Senior
employee_9818,53,Data,40704,12,Hyderabad,488448,4070.4,44774.4,Senior
employee_9819,31,Finance,35109,9,Bangalore,421308,3510.9,38619.9,Mid-level
employee_9820,23,Data,91892,1,Delhi,1102704,9189.2,101081.2,Fresher
employee_9821,60,QA,56172,6,Delhi,674064,5617.200000000001,61789.2,Mid-level
employee_9822,25,Data,98885,13,Chennai,1186620,9888.5,108773.5,Senior
employee_9823,41,HR,42984,11,Hyderabad,515808,4298.400000000001,47282.4,Senior
employee_9824,42,QA,52460,14,Mumbai,629520,5246.0,57706.0,Senior
employee_9825,57,Sales,63474,3,Hyderabad,761688,6347.400000000001,69821.4,Junior
employee_9826,31,IT,69449,3,Chennai,833388,6944.900000000001,76393.9,Junior
employee_9827,42,IT,32196,9,Delhi,386352,3219.6000000000004,35415.6,Mid-level
employee_9828,33,Finance,111993,8,Hyderabad,1343916,11199.300000000001,123192.3,Mid-level
employee_9829,23,Finance,76534,1,Bangalore,918408,7653.400000000001,84187.4,Fresher
employee_9830,33,HR,38549,0,Pune,462588,3854.9,42403.9,Fresher
employee_9831,48,Sales,34821,14,Bangalore,417852,3482.1000000000004,38303.1,Senior
employee_9832,31,IT,60564,6,Hyderabad,726768,6056.400000000001,66620.4,Mid-level
employee_9833,31,IT,36073,14,Delhi,432876,3607.3,39680.3,Senior
employee_9834,41,IT,32282,11,Delhi,387384,3228.2000000000003,35510.2,Senior
employee_9835,41,IT,86146,7,Chennai,1033752,8614.6,94760.6,Mid-level
employee_9836,27,Data,44189,2,Mumbai,530268,4418.900000000001,48607.9,Fresher
employee_9837,37,Sales,99783,1,Bangalore,1197396,9978.300000000001,109761.3,Fresher
employee_9838,34,QA,35771,15,Chennai,429252,3577.1000000000004,39348.1,Senior
employee_9839,53,QA,86492,3,Mumbai,1037904,8649.2,95141.2,Junior
employee_9840,31,HR,68725,1,Pune,824700,6872.5,75597.5,Fresher
employee_9841,33,Data,47234,11,Bangalore,566808,4723.400000000001,51957.4,Senior
employee_9842,21,IT,114282,1,Delhi,1371384,11428.2,125710.2,Fresher
employee_9843,54,IT,59096,4,Bangalore,709152,5909.6,65005.6,Junior
employee_9844,29,Finance,37236,9,Delhi,446832,3723.6000000000004,40959.6,Mid-level
employee_9845,33,Finance,76544,4,Delhi,918528,7654.400000000001,84198.4,Junior
employee_9846,57,HR,60921,7,Pune,731052,6092.1,67013.1,Mid-level
employee_9847,50,IT,49576,8,Pune,594912,4957.6,54533.6,Mid-level
employee_9848,57,HR,25166,1,Hyderabad,301992,2516.6000000000004,27682.6,Fresher
employee_9849,27,Data,39652,0,Mumbai,475824,3965.2000000000003,43617.2,Fresher
employee_9850,34,QA,44638,2,Chennai,535656,4463.8,49101.8,Fresher
employee_9851,26,IT,111980,5,Pune,1343760,11198.0,123178.0,Junior
employee_9852,54,Sales,40233,13,Hyderabad,482796,4023.3,44256.3,Senior
employee_9853,36,Data,26885,4,Mumbai,322620,2688.5,29573.5,Junior
employee_9854,57,IT,78520,7,Mumbai,942240,7852.0,86372.0,Mid-level
employee_9855,56,Sales,105244,7,Bangalore,1262928,10524.400000000001,115768.4,Mid-level
employee_9856,26,Finance,60016,1,Hyderabad,720192,6001.6,66017.6,Fresher
employee_9857,28,HR,93948,13,Hyderabad,1127376,9394.800000000001,103342.8,Senior
employee_9858,44,Finance,89810,8,Bangalore,1077720,8981.0,98791.0,Mid-level
employee_9859,23,QA,36769,13,Chennai,441228,3676.9,40445.9,Senior
employee_9860,24,Finance,106483,13,Pune,1277796,10648.300000000001,117131.3,Senior
employee_9861,52,IT,68147,3,Delhi,817764,6814.700000000001,74961.7,Junior
employee_9862,21,Sales,31449,13,Bangalore,377388,3144.9,34593.9,Senior
employee_9863,54,Finance,67179,0,Pune,806148,6717.900000000001,73896.9,Fresher
employee_9864,29,IT,33136,13,Delhi,397632,3313.6000000000004,36449.6,Senior
employee_9865,32,QA,96986,1,Hyderabad,1163832,9698.6,106684.6,Fresher
employee_9866,30,Sales,67999,13,Bangalore,815988,6799.900000000001,74798.9,Senior
employee_9867,30,Finance,114567,10,Delhi,1374804,11456.7,126023.7,Mid-level
employee_9868,43,HR,56052,5,Chennai,672624,5605.200000000001,61657.2,Junior
employee_9869,26,HR,86281,4,Pune,1035372,8628.1,94909.1,Junior
employee_9870,44,Sales,36346,15,Pune,436152,3634.6000000000004,39980.6,Senior
employee_9871,44,HR,82677,11,Pune,992124,8267.7,90944.7,Senior
employee_9872,41,Finance,39852,6,Hyderabad,478224,3985.2000000000003,43837.2,Mid-level
employee_9873,51,Finance,97603,8,Delhi,1171236,9760.300000000001,107363.3,Mid-level
employee_9874,50,Sales,56485,15,Pune,677820,5648.5,62133.5,Senior
employee_9875,54,Finance,100225,15,Mumbai,1202700,10022.5,110247.5,Senior
employee_9876,38,IT,108337,5,Pune,1300044,10833.7,119170.7,Junior
employee_9877,32,QA,49272,5,Hyderabad,591264,4927.200000000001,54199.2,Junior
employee_9878,55,HR,28763,1,Bangalore,345156,2876.3,31639.3,Fresher
employee_9879,27,IT,84087,6,Pune,1009044,8408.7,92495.7,Mid-level
employee_9880,60,Sales,79848,1,Pune,958176,7984.8,87832.8,Fresher
employee_9881,45,HR,55075,12,Bangalore,660900,5507.5,60582.5,Senior
employee_9882,26,IT,53692,6,Delhi,644304,5369.200000000001,59061.2,Mid-level
employee_9883,21,Finance,117085,7,Delhi,1405020,11708.5,128793.5,Mid-level
employee_9884,36,Sales,91414,11,Mumbai,1096968,9141.4,100555.4,Senior
employee_9885,24,Sales,53848,0,Hyderabad,646176,5384.8,59232.8,Fresher
employee_9886,49,HR,44268,8,Bangalore,531216,4426.8,48694.8,Mid-level
employee_9887,58,Finance,101323,7,Hyderabad,1215876,10132.300000000001,111455.3,Mid-level
employee_9888,48,HR,66620,8,Delhi,799440,6662.0,73282.0,Mid-level
employee_9889,42,Data,101872,4,Bangalore,1222464,10187.2,112059.2,Junior
employee_9890,28,IT,118274,12,Chennai,1419288,11827.400000000001,130101.4,Senior
employee_9891,52,Data,104023,13,Mumbai,1248276,10402.300000000001,114425.3,Senior
employee_9892,53,IT,65139,3,Chennai,781668,6513.900000000001,71652.9,Junior
employee_9893,33,QA,78137,0,Delhi,937644,7813.700000000001,85950.7,Fresher
employee_9894,47,Sales,59037,8,Bangalore,708444,5903.700000000001,64940.7,Mid-level
employee_9895,38,HR,103434,13,Delhi,1241208,10343.400000000001,113777.4,Senior
employee_9896,38,QA,42678,3,Bangalore,512136,4267.8,46945.8,Junior
employee_9897,33,QA,68051,14,Hyderabad,816612,6805.1,74856.1,Senior
employee_9898,42,Sales,43141,3,Bangalore,517692,4314.1,47455.1,Junior
employee_9899,34,Sales,100692,3,Delhi,1208304,10069.2,110761.2,Junior
employee_9900,31,IT,49160,15,Hyderabad,589920,4916.0,54076.0,Senior
employee_9901,59,Data,37835,1,Hyderabad,454020,3783.5,41618.5,Fresher
employee_9902,42,Finance,34383,11,Bangalore,412596,3438.3,37821.3,Senior
employee_9903,56,IT,49564,10,Hyderabad,594768,4956.400000000001,54520.4,Mid-level
employee_9904,37,Finance,109761,12,Delhi,1317132,10976.1,120737.1,Senior
employee_9905,52,QA,63484,3,Mumbai,761808,6348.400000000001,69832.4,Junior
employee_9906,34,Finance,76556,1,Chennai,918672,7655.6,84211.6,Fresher
employee_9907,49,Data,110482,7,Bangalore,1325784,11048.2,121530.2,Mid-level
employee_9908,26,IT,53280,15,Hyderabad,639360,5328.0,58608.0,Senior
employee_9909,24,Sales,67782,6,Hyderabad,813384,6778.200000000001,74560.2,Mid-level
employee_9910,31,Data,75423,10,Delhi,905076,7542.3,82965.3,Mid-level
employee_9911,60,Data,51295,9,Hyderabad,615540,5129.5,56424.5,Mid-level
employee_9912,30,IT,82596,1,Hyderabad,991152,8259.6,90855.6,Fresher
employee_9913,48,Sales,100287,13,Mumbai,1203444,10028.7,110315.7,Senior
employee_9914,31,Data,81953,1,Bangalore,983436,8195.300000000001,90148.3,Fresher
employee_9915,55,Sales,99464,1,Bangalore,1193568,9946.400000000001,109410.4,Fresher
employee_9916,35,HR,96678,0,Delhi,1160136,9667.800000000001,106345.8,Fresher
employee_9917,28,HR,70955,12,Mumbai,851460,7095.5,78050.5,Senior
employee_9918,40,HR,76080,5,Mumbai,912960,7608.0,83688.0,Junior
employee_9919,41,Finance,106793,5,Mumbai,1281516,10679.300000000001,117472.3,Junior
employee_9920,21,Data,89930,0,Bangalore,1079160,8993.0,98923.0,Fresher
employee_9921,49,IT,47650,10,Pune,571800,4765.0,52415.0,Mid-level
employee_9922,44,IT,48212,0,Delhi,578544,4821.2,53033.2,Fresher
employee_9923,50,Finance,92726,5,Delhi,1112712,9272.6,101998.6,Junior
employee_9924,60,IT,91538,10,Chennai,1098456,9153.800000000001,100691.8,Mid-level
employee_9925,55,HR,67882,5,Mumbai,814584,6788.200000000001,74670.2,Junior
employee_9926,53,Data,48038,3,Mumbai,576456,4803.8,52841.8,Junior
employee_9927,40,IT,98630,2,Bangalore,1183560,9863.0,108493.0,Fresher
employee_9928,36,IT,47451,13,Delhi,569412,4745.1,52196.1,Senior
employee_9929,29,QA,94288,8,Bangalore,1131456,9428.800000000001,103716.8,Mid-level
employee_9930,51,QA,80352,5,Chennai,964224,8035.200000000001,88387.2,Junior
employee_9931,37,QA,45521,0,Hyderabad,546252,4552.1,50073.1,Fresher
employee_9932,51,Data,89308,2,Bangalore,1071696,8930.800000000001,98238.8,Fresher
employee_9933,43,HR,77854,0,Chennai,934248,7785.400000000001,85639.4,Fresher
employee_9934,26,Sales,118304,2,Bangalore,1419648,11830.400000000001,130134.4,Fresher
employee_9935,50,HR,118946,1,Bangalore,1427352,11894.6,130840.6,Fresher
employee_9936,27,HR,62206,4,Bangalore,746472,6220.6,68426.6,Junior
employee_9937,60,Data,94963,14,Pune,1139556,9496.300000000001,104459.3,Senior
employee_9938,31,Data,30556,2,Pune,366672,3055.6000000000004,33611.6,Fresher
employee_9939,54,QA,43772,6,Mumbai,525264,4377.2,48149.2,Mid-level
employee_9940,32,IT,53063,7,Pune,636756,5306.3,58369.3,Mid-level
employee_9941,47,Finance,47709,6,Chennai,572508,4770.900000000001,52479.9,Mid-level
employee_9942,32,Finance,75852,1,Bangalore,910224,7585.200000000001,83437.2,Fresher
employee_9943,33,Sales,105855,9,Pune,1270260,10585.5,116440.5,Mid-level
employee_9944,28,IT,30383,9,Delhi,364596,3038.3,33421.3,Mid-level
employee_9945,36,Sales,26233,6,Bangalore,314796,2623.3,28856.3,Mid-level
employee_9946,49,QA,52146,9,Hyderabad,625752,5214.6,57360.6,Mid-level
employee_9947,55,Sales,76450,2,Mumbai,917400,7645.0,84095.0,Fresher
employee_9948,49,IT,49713,6,Pune,596556,4971.3,54684.3,Mid-level
employee_9949,51,IT,68758,14,Delhi,825096,6875.8,75633.8,Senior
employee_9950,33,Finance,105325,15,Delhi,1263900,10532.5,115857.5,Senior
employee_9951,32,QA,93466,0,Bangalore,1121592,9346.6,102812.6,Fresher
employee_9952,22,Data,102648,1,Hyderabad,1231776,10264.800000000001,112912.8,Fresher
employee_9953,53,Sales,37374,11,Mumbai,448488,3737.4,41111.4,Senior
employee_9954,28,Finance,75985,9,Mumbai,911820,7598.5,83583.5,Mid-level
employee_9955,60,Sales,56012,15,Hyderabad,672144,5601.200000000001,61613.2,Senior
employee_9956,52,Sales,109059,0,Pune,1308708,10905.900000000001,119964.9,Fresher
employee_9957,58,Data,49783,8,Pune,597396,4978.3,54761.3,Mid-level
employee_9958,48,QA,40563,12,Bangalore,486756,4056.3,44619.3,Senior
employee_9959,35,IT,68193,12,Chennai,818316,6819.3,75012.3,Senior
employee_9960,43,HR,35042,14,Bangalore,420504,3504.2000000000003,38546.2,Senior
employee_9961,44,Sales,84031,1,Bangalore,1008372,8403.1,92434.1,Fresher
employee_9962,33,HR,68163,1,Bangalore,817956,6816.3,74979.3,Fresher
employee_9963,41,QA,113356,5,Hyderabad,1360272,11335.6,124691.6,Junior
employee_9964,32,HR,27208,6,Mumbai,326496,2720.8,29928.8,Mid-level
employee_9965,33,Sales,38796,13,Mumbai,465552,3879.6000000000004,42675.6,Senior
employee_9966,59,Data,115962,12,Chennai,1391544,11596.2,127558.2,Senior
employee_9967,43,HR,47670,1,Pune,572040,4767.0,52437.0,Fresher
employee_9968,48,QA,49320,13,Bangalore,591840,4932.0,54252.0,Senior
employee_9969,34,QA,45074,3,Hyderabad,540888,4507.400000000001,49581.4,Junior
employee_9970,37,Data,52931,2,Hyderabad,635172,5293.1,58224.1,Fresher
employee_9971,44,HR,43993,12,Bangalore,527916,4399.3,48392.3,Senior
employee_9972,54,HR,80330,4,Hyderabad,963960,8033.0,88363.0,Junior
employee_9973,42,IT,57991,8,Hyderabad,695892,5799.1,63790.1,Mid-level
employee_9974,30,Finance,40003,1,Bangalore,480036,4000.3,44003.3,Fresher
employee_9975,28,QA,72496,12,Chennai,869952,7249.6,79745.6,Senior
employee_9976,41,IT,39743,4,Hyderabad,476916,3974.3,43717.3,Junior
employee_9977,57,QA,77926,7,Mumbai,935112,7792.6,85718.6,Mid-level
employee_9978,27,IT,104543,5,Delhi,1254516,10454.300000000001,114997.3,Junior
employee_9979,46,Finance,49300,3,Mumbai,591600,4930.0,54230.0,Junior
employee_9980,33,IT,106711,14,Delhi,1280532,10671.1,117382.1,Senior
employee_9981,36,QA,96509,9,Delhi,1158108,9650.9,106159.9,Mid-level
employee_9982,50,HR,34703,7,Mumbai,416436,3470.3,38173.3,Mid-level
employee_9983,51,QA,109006,2,Bangalore,1308072,10900.6,119906.6,Fresher
employee_9984,25,Sales,119712,3,Delhi,1436544,11971.2,131683.2,Junior
employee_9985,52,Data,90014,10,Mumbai,1080168,9001.4,99015.4,Mid-level
employee_9986,36,Data,113816,8,Pune,1365792,11381.6,125197.6,Mid-level
employee_9987,29,Sales,114403,4,Hyderabad,1372836,11440.300000000001,125843.3,Junior
employee_9988,42,Data,65431,5,Chennai,785172,6543.1,71974.1,Junior
employee_9989,60,Data,81436,11,Delhi,977232,8143.6,89579.6,Senior
employee_9990,57,Finance,46845,15,Mumbai,562140,4684.5,51529.5,Senior
employee_9991,34,HR,106777,10,Bangalore,1281324,10677.7,117454.7,Mid-level
employee_9992,36,HR,60055,1,Delhi,720660,6005.5,66060.5,Fresher
employee_9993,40,QA,33878,8,Chennai,406536,3387.8,37265.8,Mid-level
employee_9994,35,Sales,35209,7,Bangalore,422508,3520.9,38729.9,Mid-level
employee_9995,46,IT,83812,6,Chennai,1005744,8381.2,92193.2,Mid-level
employee_9996,29,QA,119035,8,Chennai,1428420,11903.5,130938.5,Mid-level
employee_9997,21,QA,36004,4,Hyderabad,432048,3600.4,39604.4,Junior
employee_9998,55,QA,58390,4,Delhi,700680,5839.0,64229.0,Junior
employee_9999,40,QA,53400,10,Delhi,640800,5340.0,58740.0,Mid-level
employee_10000,26,HR,101511,10,Delhi,1218132,10151.1,111662.1,Mid-level
